opportunity_id,product,account,deal_stage,engage_date,close_date,close_value
1C1I7A6R,gtx plus basic,cancity,won,2016-10-20,2017-03-01,1054.0
Z063OYW0,gtxpro,isdom,won,2016-10-25,2017-03-11,4514.0
EC4QE1BX,mg special,cancity,won,2016-10-25,2017-03-07,50.0
MV1LWRNH,gtx basic,codehow,won,2016-10-25,2017-03-09,588.0
PE84CX4O,gtx basic,hatfan,won,2016-10-25,2017-03-02,517.0
ZNBS69V1,mg special,ron tech,won,2016-10-29,2017-03-01,49.0
9ME3374G,mg special,j texon,won,2016-10-30,2017-03-02,57.0
7GN8Q4LL,gtx basic,cheers,won,2016-11-01,2017-03-07,601.0
OLK9LKZB,gtx plus basic,zumgoity,won,2016-11-01,2017-03-03,1026.0
HAXMC4IX,mg advanced,,engaging,2016-11-03,,
NL3JZH1Z,mg special,bioholding,won,2016-11-04,2017-03-10,53.0
KWVA7VR1,gtxpro,genco pura olive oil company,lost,2016-11-04,2017-03-18,0.0
S8DX3XOU,gtx plus pro,sunnamplex,won,2016-11-04,2017-03-10,5169.0
ENB2XD8G,gtx plus pro,sonron,won,2016-11-04,2017-03-06,4631.0
09YE9QOV,mg advanced,finjob,won,2016-11-05,2017-03-11,3393.0
3F5MZNEH,mg special,sonron,lost,2016-11-05,2017-03-03,0.0
M6WEJXC0,mg advanced,scotfind,won,2016-11-05,2017-03-06,3284.0
6PTR7VBR,mg special,treequote,won,2016-11-06,2017-03-05,61.0
902REDPA,gtxpro,xx zobam,lost,2016-11-07,2017-03-09,0.0
5J9CMGDV,mg special,rantouch,won,2016-11-07,2017-03-08,46.0
JJXRR8R6,gtx plus pro,fasehatice,lost,2016-11-07,2017-03-17,0.0
WF4HA5NW,mg special,ron tech,won,2016-11-07,2017-03-18,50.0
C5K2JP1H,gtx plus basic,vehement capital partners,won,2016-11-07,2017-03-11,1014.0
ADRB8OMB,gtx basic,warephase,won,2016-11-08,2017-03-26,561.0
SBCR987L,gtx basic,zoomit,won,2016-11-10,2017-03-23,590.0
UP409DSB,mg advanced,ganjaflex,engaging,2016-11-10,,
JSD4APT2,mg special,bioholding,won,2016-11-10,2017-03-12,61.0
AO9Z2D17,gtx plus pro,xx zobam,lost,2016-11-10,2017-03-11,0.0
5M58DTJK,mg special,cheers,won,2016-11-11,2017-03-05,58.0
KNY1OSAB,gtxpro,labdrill,won,2016-11-11,2017-03-14,4899.0
EAZDUUM9,mg advanced,zotware,lost,2016-11-11,2017-03-01,0.0
2STUSOFE,mg special,dambase,won,2016-11-11,2017-03-03,67.0
JYKM0B00,gtxpro,xx holding,won,2016-11-12,2017-03-06,4338.0
KU28360J,gtx basic,fasehatice,won,2016-11-12,2017-03-19,578.0
N4SD17JR,gtx basic,acme corporation,won,2016-11-12,2017-03-01,556.0
E67P9Y3Q,gtx basic,green plus,won,2016-11-12,2017-03-03,635.0
AT3MMVIS,mg advanced,the new york inquirer,won,2016-11-12,2017-03-07,3045.0
REJ11LRY,gtx plus basic,mathtouch,won,2016-11-13,2017-03-14,1233.0
ERV0CAZ7,mg special,zumgoity,won,2016-11-13,2017-03-09,60.0
8SOQADK7,mg special,gogozoom,lost,2016-11-14,2017-03-30,0.0
TCHFT25B,gtx basic,stanredtax,lost,2016-11-14,2017-03-08,0.0
CZVN09WN,gtx plus basic,konmatfix,won,2016-11-14,2017-03-20,1170.0
EG7OFLFR,gtx basic,,engaging,2016-11-14,,
30UQWUKB,gtx plus basic,genco pura olive oil company,won,2016-11-15,2017-03-20,1162.0
OLVI7L8M,gtxpro,,engaging,2016-11-16,,
97UN20YY,mg advanced,conecom,won,2016-11-16,2017-03-14,3725.0
JXLERZ9O,gtx basic,golddex,won,2016-11-16,2017-03-31,559.0
6ROE69W5,gtx basic,plexzap,lost,2016-11-16,2017-03-11,0.0
0DFXFKT7,gtx plus basic,rundofase,lost,2016-11-17,2017-03-21,0.0
XKMZVSN4,gtx plus pro,sonron,won,2016-11-17,2017-03-05,4667.0
IU8V0BZK,gtx plus basic,finhigh,won,2016-11-17,2017-03-17,903.0
XY42936P,gtx plus basic,finjob,won,2016-11-17,2017-03-13,1180.0
XRN54MBM,gtx basic,ron tech,won,2016-11-17,2017-03-05,487.0
2V848WZD,mg advanced,stanredtax,won,2016-11-18,2017-03-04,3180.0
ONYNTUCG,gtxpro,funholding,lost,2016-11-19,2017-03-17,0.0
HIOHX80Y,mg advanced,gogozoom,won,2016-11-19,2017-03-18,3563.0
F5U1ACDD,gtx plus basic,,engaging,2016-11-19,,
LPKT07PV,gtxpro,opentech,won,2016-11-20,2017-03-23,4704.0
WPB2SLIG,gtx plus pro,silis,won,2016-11-20,2017-03-14,5585.0
XUSUEAV7,gtk 500,zoomit,won,2016-11-20,2017-03-09,25897.0
ZZY4516R,mg advanced,,engaging,2016-11-20,,
3TYPII47,gtx plus basic,goodsilron,won,2016-11-20,2017-03-03,1207.0
7WAX8Z8O,mg advanced,cancity,lost,2016-11-20,2017-03-08,0.0
MYDUMR3R,gtx basic,rangreen,won,2016-11-20,2017-03-04,559.0
0DRC1U9Q,gtx basic,green plus,engaging,2016-11-20,,
37JFKD4I,gtx plus basic,dambase,won,2016-11-20,2017-03-09,1033.0
25YKPHX8,gtx basic,kan code,won,2016-11-21,2017-03-21,462.0
BXXMA7F3,mg advanced,nam zim,lost,2016-11-21,2017-03-01,0.0
GIUUTBXM,gtxpro,y corporation,won,2016-11-21,2017-03-14,5539.0
MFX2LR1Q,mg advanced,ron tech,won,2016-11-21,2017-03-15,3573.0
DUHE9FLY,gtxpro,conecom,won,2016-11-21,2017-03-01,4926.0
96BSG7R1,gtx plus basic,sunnamplex,lost,2016-11-21,2017-03-17,0.0
7FQMSWIX,mg special,bioplex,won,2016-11-22,2017-03-04,62.0
C20AVXN7,gtxpro,gogozoom,won,2016-11-22,2017-03-14,4359.0
GS1QVWCR,gtx basic,plusstrip,won,2016-11-22,2017-03-31,566.0
ZWH8FXY3,gtx basic,toughzap,won,2016-11-22,2017-03-03,508.0
2U94Y3Q9,mg advanced,vehement capital partners,lost,2016-11-22,2017-03-20,0.0
AAR79NOO,mg special,codehow,won,2016-11-22,2017-03-11,51.0
B6B0PNR2,gtxpro,dalttechnology,won,2016-11-22,2017-03-05,4899.0
M7I5O9YU,gtx basic,cheers,engaging,2016-11-23,,
LXZA2OSZ,gtx plus pro,ontomedia,won,2016-11-23,2017-03-03,5790.0
N0ONCYVZ,mg special,kinnamplus,lost,2016-11-23,2017-03-30,0.0
GYB4W2AU,mg advanced,,engaging,2016-11-23,,
513DPFX5,gtxpro,codehow,won,2016-11-23,2017-03-03,4438.0
RU023K5W,mg advanced,finhigh,won,2016-11-23,2017-03-17,2972.0
VDIU10RV,mg special,lexiqvolax,engaging,2016-11-23,,
BZCBQ514,gtx basic,y corporation,won,2016-11-23,2017-03-01,523.0
HEE6P0QH,mg advanced,statholdings,won,2016-11-24,2017-03-25,3647.0
L8CHRJ2B,mg advanced,umbrella corporation,won,2016-11-24,2017-03-01,4200.0
579LZ3F9,gtx plus basic,j texon,engaging,2016-11-24,,
SU8JNMP4,gtx plus basic,bubba gump,engaging,2016-11-24,,
V2X2KMUR,gtx plus basic,faxquote,won,2016-11-24,2017-03-28,1059.0
AJIPJP75,gtx plus basic,codehow,lost,2016-11-24,2017-03-05,0.0
NYVA2G6U,mg special,dontechi,won,2016-11-24,2017-03-02,57.0
FF45BXTL,mg advanced,konex,won,2016-11-24,2017-03-27,3671.0
TTA9LYBS,mg special,treequote,won,2016-11-25,2017-03-01,58.0
PAGZQH8L,mg advanced,treequote,won,2016-11-25,2017-03-06,3956.0
J7YF6DS7,gtx plus pro,betasoloin,won,2016-11-25,2017-03-01,5964.0
S5IXY4Z9,gtxpro,betasoloin,won,2016-11-25,2017-03-06,4570.0
JQBJMETQ,mg special,domzoom,won,2016-11-25,2017-03-27,49.0
0LVWSWEW,mg special,donquadtech,won,2016-11-25,2017-03-06,65.0
K53BC1T9,mg special,domzoom,lost,2016-11-26,2017-03-27,0.0
D40N5I9Y,gtxpro,finhigh,won,2016-11-26,2017-03-08,4739.0
051QTX8Z,gtx plus basic,globex corporation,won,2016-11-26,2017-03-21,1080.0
5D2XH04S,mg special,plussunin,won,2016-11-26,2017-03-12,57.0
V9E582SK,gtx basic,konex,won,2016-11-27,2017-03-16,469.0
UK0LEZRJ,gtx basic,condax,won,2016-11-27,2017-03-03,532.0
PFFHM7HR,mg advanced,opentech,engaging,2016-11-27,,
IT10CFQH,gtx basic,konex,won,2016-11-27,2017-03-26,538.0
8VKD2CCH,gtxpro,massive dynamic,won,2016-11-27,2017-03-21,4829.0
2XQAKBXH,gtx plus pro,doncon,won,2016-11-27,2017-03-11,5370.0
7G7YLGJO,gtx plus pro,hatfan,won,2016-11-27,2017-03-21,6499.0
GCA97W27,gtx plus basic,genco pura olive oil company,won,2016-11-28,2017-03-06,1161.0
K8FUZHOG,gtx basic,scotfind,won,2016-11-28,2017-03-26,576.0
5WJZMULK,gtx plus basic,hatfan,won,2016-11-28,2017-03-19,979.0
ZPYD4T9W,mg special,stanredtax,won,2016-11-28,2017-03-07,43.0
KE9ZEDS8,mg special,scottech,won,2016-11-29,2017-03-07,57.0
7KK0HQ4C,mg special,ron tech,lost,2016-11-29,2017-03-28,0.0
FP7014Z0,gtx plus basic,funholding,won,2016-11-29,2017-03-12,948.0
N4HFHDMW,mg advanced,plussunin,won,2016-11-29,2017-03-10,3012.0
2HFLKREC,mg advanced,zotware,won,2016-11-30,2017-03-15,3665.0
7JVTTVCO,gtx basic,gekko co,won,2016-11-30,2017-03-24,564.0
3X13866U,gtx plus basic,dambase,lost,2016-12-01,2017-03-06,0.0
7LE19SYE,mg advanced,initech,won,2016-12-01,2017-03-22,3463.0
J5V2M7Y1,gtx basic,gekko co,won,2016-12-01,2017-03-26,513.0
41MURAI5,gtx basic,konex,won,2016-12-01,2017-03-28,590.0
QHI8WRIA,gtxpro,dontechi,won,2016-12-01,2017-03-30,4511.0
AJXAXV4W,mg advanced,finhigh,lost,2016-12-01,2017-03-02,0.0
VPDXX5PJ,gtx basic,cancity,won,2016-12-01,2017-03-26,546.0
PZB9NUK8,mg special,y corporation,won,2016-12-01,2017-03-05,46.0
A0ANOYPF,gtxpro,ron tech,won,2016-12-02,2017-03-09,4891.0
0P4AAPYX,gtx plus basic,golddex,won,2016-12-02,2017-03-03,1040.0
O6T5WC3W,gtx plus basic,sonron,won,2016-12-02,2017-03-04,1108.0
0NO04P6C,mg special,nam zim,won,2016-12-02,2017-03-04,59.0
22OFSXBT,gtxpro,statholdings,won,2016-12-02,2017-03-30,5406.0
MRXZTMM6,gtx basic,cheers,won,2016-12-02,2017-03-20,515.0
LGI8QEC2,gtx basic,treequote,won,2016-12-02,2017-03-06,583.0
6KZ0NCFX,mg special,funholding,won,2016-12-02,2017-03-14,54.0
3SF8O9S6,mg special,plusstrip,won,2016-12-02,2017-03-27,60.0
CNM0H9FR,gtx basic,,engaging,2016-12-02,,
XK668R7C,gtx basic,dontechi,lost,2016-12-03,2017-03-12,0.0
TZCAQWL3,gtxpro,funholding,lost,2016-12-03,2017-03-19,0.0
BADC6A9H,gtx basic,globex corporation,won,2016-12-03,2017-03-23,516.0
B8E0UUZR,gtxpro,rangreen,won,2016-12-03,2017-03-22,4829.0
I043RXJV,gtx plus basic,dontechi,lost,2016-12-03,2017-03-17,0.0
MWWB44CC,gtx plus basic,donquadtech,won,2016-12-03,2017-03-02,950.0
HBTINPDG,gtx plus basic,xx holding,lost,2016-12-03,2017-03-09,0.0
DZ3KHZSX,gtx basic,initech,won,2016-12-04,2017-03-20,513.0
3W1K7X5F,gtxpro,condax,lost,2016-12-04,2017-03-09,0.0
45A57X68,gtx plus pro,ron tech,won,2016-12-04,2017-03-12,5522.0
9SLYC4TR,mg special,cancity,won,2016-12-04,2017-03-09,56.0
JLWKWQYC,gtxpro,doncon,won,2016-12-04,2017-03-08,5673.0
7QC6FOKW,gtx basic,xx holding,won,2016-12-04,2017-03-10,598.0
XA184CMW,gtx plus pro,rangreen,won,2016-12-04,2017-03-16,5787.0
S0N7BYU3,gtx plus basic,singletechno,won,2016-12-04,2017-03-08,1070.0
6WOMHAJM,mg advanced,donquadtech,won,2016-12-05,2017-03-14,3677.0
G1QGATKV,gtx plus pro,ontomedia,won,2016-12-05,2017-03-30,5425.0
UAE5ZC7O,gtx plus pro,,engaging,2016-12-05,,
6XFVQI32,mg advanced,yearin,won,2016-12-05,2017-03-23,3415.0
JUCNIG4H,gtx basic,,engaging,2016-12-05,,
OGD4MDJ9,gtx plus basic,lexiqvolax,won,2016-12-05,2017-03-21,891.0
4NGBUZWJ,gtx basic,codehow,won,2016-12-06,2017-03-12,609.0
EFG5DGV5,mg special,plusstrip,won,2016-12-06,2017-03-16,54.0
82MM4H33,gtx plus basic,labdrill,won,2016-12-06,2017-03-09,1049.0
14PM641K,gtx plus basic,gekko co,won,2016-12-07,2017-03-07,1152.0
DSBGHOPN,mg special,plussunin,lost,2016-12-07,2017-03-20,0.0
1YSOZLHF,gtxpro,umbrella corporation,won,2016-12-07,2017-03-28,4799.0
E8RP9FRW,mg special,dambase,won,2016-12-07,2017-03-12,51.0
787IRG9Q,mg advanced,j texon,won,2016-12-07,2017-03-03,3426.0
0TUS4NAC,mg special,rangreen,won,2016-12-07,2017-03-11,51.0
FAJTQMUM,gtx basic,finjob,won,2016-12-07,2017-03-20,564.0
TWF0J0DF,gtx plus pro,isdom,won,2016-12-08,2017-03-01,5882.0
ICMXZOVL,gtxpro,stanredtax,engaging,2016-12-08,,
UQ14O415,gtxpro,plussunin,won,2016-12-08,2017-03-20,5059.0
IBEUTCSW,mg advanced,,engaging,2016-12-08,,
O3KC8QI8,gtx plus basic,,engaging,2016-12-08,,
BOJSLNDG,mg advanced,singletechno,won,2016-12-08,2017-03-11,3388.0
WALNFJ70,gtx plus pro,,engaging,2016-12-08,,
DASMR0EK,gtx plus pro,zoomit,won,2016-12-08,2017-03-10,5410.0
A76M0OOH,gtx plus basic,zathunicon,won,2016-12-08,2017-03-28,978.0
E1VKE2PH,mg special,scotfind,won,2016-12-08,2017-03-26,54.0
SKY95DVG,mg special,betatech,lost,2016-12-09,2017-03-22,0.0
V5OK4V5I,gtx basic,bubba gump,won,2016-12-09,2017-03-14,549.0
GJ4L5HHN,gtx plus basic,mathtouch,won,2016-12-09,2017-03-14,1034.0
9R8JWY3J,gtxpro,vehement capital partners,won,2016-12-09,2017-03-03,4998.0
0EOFVU05,mg advanced,ontomedia,won,2016-12-09,2017-03-28,3421.0
HNHOPL7M,gtx plus pro,doncon,won,2016-12-09,2017-03-04,5425.0
Y0NYI17R,mg special,dalttechnology,won,2016-12-09,2017-03-15,55.0
R4F4RGAL,mg advanced,silis,won,2016-12-09,2017-03-14,3558.0
MNVMY83P,gtxpro,plussunin,engaging,2016-12-10,,
0ZHLQFGU,gtxpro,blackzim,won,2016-12-10,2017-03-22,4839.0
40DPY158,mg special,hottechi,won,2016-12-10,2017-03-25,47.0
DP9E525R,gtx plus basic,fasehatice,won,2016-12-10,2017-03-24,1007.0
DBDUMQQK,mg special,inity,won,2016-12-10,2017-03-24,48.0
CNBN12RL,mg special,treequote,won,2016-12-10,2017-03-07,49.0
OXL0YWEE,gtx basic,mathtouch,won,2016-12-10,2017-03-18,504.0
ZOBJHMAF,mg advanced,,engaging,2016-12-11,,
KD6MB4AP,mg special,,engaging,2016-12-11,,
5CSSZJF4,gtx basic,finhigh,won,2016-12-11,2017-03-21,543.0
0XG8TOJF,gtx plus pro,fasehatice,lost,2016-12-11,2017-03-18,0.0
IIS0O91J,gtxpro,fasehatice,won,2016-12-11,2017-03-28,5149.0
2LP5SUR5,gtx basic,treequote,lost,2016-12-11,2017-03-09,0.0
PYZZ3IS6,gtx plus basic,blackzim,won,2016-12-11,2017-03-11,1043.0
5I4K5TQE,gtx plus pro,sumace,lost,2016-12-12,2017-03-09,0.0
RV3LPOYP,gtx basic,condax,won,2016-12-12,2017-03-29,437.0
A194RP0I,mg advanced,,engaging,2016-12-12,,
1HVNTEPV,gtxpro,kinnamplus,won,2016-12-12,2017-03-11,4465.0
LC85AQ1I,gtx basic,konex,won,2016-12-12,2017-03-18,443.0
TBV972NP,mg special,sumace,lost,2016-12-12,2017-03-23,0.0
EJMX0EIJ,gtx plus pro,betatech,won,2016-12-13,2017-03-20,4278.0
VR9NYBOV,mg special,kinnamplus,won,2016-12-13,2017-03-06,41.0
3U25FK08,gtx basic,isdom,won,2016-12-13,2017-03-28,519.0
KV2OFRJT,gtxpro,,engaging,2016-12-13,,
CRLK4Z1P,gtx basic,kan code,won,2016-12-13,2017-03-04,524.0
OGENAT0L,gtx basic,singletechno,won,2016-12-13,2017-03-27,552.0
F57JWIDF,gtx plus basic,konmatfix,won,2016-12-14,2017-03-02,970.0
ERFRHR3Z,mg advanced,,engaging,2016-12-14,,
J53D8EOL,gtx plus basic,hottechi,engaging,2016-12-14,,
LF8JZ3Q5,gtx plus basic,hatfan,won,2016-12-14,2017-03-13,1046.0
MRGBSMQ5,gtx plus basic,sunnamplex,won,2016-12-14,2017-03-14,988.0
CBAV8ZJL,gtx basic,codehow,won,2016-12-14,2017-03-22,547.0
J32XDDAW,gtx basic,,engaging,2016-12-14,,
NN4DWBVN,gtxpro,singletechno,lost,2016-12-14,2017-03-04,0.0
6JXHEZYK,mg special,isdom,won,2016-12-14,2017-03-31,54.0
WDHNR2EI,mg special,silis,won,2016-12-14,2017-03-20,57.0
4K750D6F,mg special,yearin,won,2016-12-14,2017-03-18,55.0
94GI0ZJ7,gtx plus pro,stanredtax,won,2016-12-15,2017-03-15,5765.0
TODG6DEK,gtx basic,bioplex,won,2016-12-15,2017-03-16,639.0
G0ECB8FS,gtxpro,labdrill,won,2016-12-15,2017-03-15,5100.0
1ZDDZD8B,mg special,,engaging,2016-12-15,,
96MZYUY0,gtxpro,fasehatice,won,2016-12-15,2017-03-07,4906.0
EZVKSQ9C,gtx plus pro,genco pura olive oil company,engaging,2016-12-16,,
RJYG004O,gtx basic,domzoom,engaging,2016-12-16,,
JZOKHHWN,gtx plus basic,opentech,won,2016-12-16,2017-03-07,1037.0
EH6I67I0,gtx basic,plexzap,won,2016-12-16,2017-03-15,537.0
JUUXF02Z,gtxpro,hatfan,won,2016-12-16,2017-03-09,4694.0
OT87JDWO,gtx basic,konmatfix,won,2016-12-16,2017-03-24,560.0
YHKT6YJ7,gtx basic,dambase,won,2016-12-16,2017-03-13,589.0
H78I3TAY,gtx basic,mathtouch,won,2016-12-16,2017-03-14,493.0
1ROC43JK,mg special,betatech,won,2016-12-16,2017-03-08,50.0
LPZLQL48,gtx basic,y corporation,won,2016-12-16,2017-03-28,492.0
PYOFK7ZD,gtx basic,,engaging,2016-12-17,,
DWUXMAGZ,gtx plus pro,,engaging,2016-12-17,,
3KR50X38,gtx plus basic,konex,won,2016-12-17,2017-03-13,1255.0
Q3WLHRE9,gtx basic,statholdings,won,2016-12-17,2017-03-04,463.0
IX7UEOAP,gtx plus basic,initech,lost,2016-12-17,2017-03-27,0.0
NQU62K1H,gtx basic,zencorporation,won,2016-12-17,2017-03-12,605.0
NAQKOU0T,gtx plus basic,fasehatice,won,2016-12-17,2017-03-20,1315.0
I3V3GUAI,gtx basic,zumgoity,won,2016-12-17,2017-03-02,559.0
PN4VJDXY,gtx basic,rundofase,won,2016-12-17,2017-03-28,557.0
K9D4DQ3R,mg special,vehement capital partners,won,2016-12-17,2017-03-02,48.0
9X6V79KE,gtx plus pro,isdom,won,2016-12-17,2017-03-25,6282.0
6SN2RQJX,mg special,,engaging,2016-12-17,,
W1KLFNE4,mg advanced,isdom,won,2016-12-18,2017-03-02,3246.0
NKPH3EFG,mg advanced,,engaging,2016-12-18,,
GD2OCW12,gtx basic,finhigh,won,2016-12-18,2017-03-14,514.0
6XO4RYXK,gtx plus basic,silis,won,2016-12-18,2017-03-15,1132.0
18Y7GRPW,gtx plus pro,silis,won,2016-12-18,2017-03-21,5918.0
127ZPLXQ,gtxpro,hottechi,lost,2016-12-18,2017-03-18,0.0
U07C2HEG,mg special,kan code,lost,2016-12-18,2017-03-14,0.0
RNTOJ78L,mg special,hatfan,lost,2016-12-18,2017-03-13,0.0
N07K7DR7,mg special,plexzap,engaging,2016-12-18,,
NLB4D5BQ,mg advanced,gogozoom,won,2016-12-18,2017-03-24,2955.0
FCFDJIEZ,gtxpro,fasehatice,won,2016-12-18,2017-03-21,3742.0
YZGDW4G1,mg special,initech,won,2016-12-18,2017-03-14,64.0
G8AO5FA2,mg advanced,initech,lost,2016-12-18,2017-03-27,0.0
125VIRMX,gtk 500,warephase,engaging,2016-12-19,,
LXXW3TRW,gtx plus basic,scotfind,won,2016-12-19,2017-03-18,1164.0
8KJ3H262,mg special,singletechno,won,2016-12-19,2017-03-07,65.0
88POGNEL,gtx plus basic,cancity,lost,2016-12-19,2017-03-07,0.0
UYP3NNU6,gtx basic,groovestreet,won,2016-12-19,2017-03-16,441.0
S1V8684Y,gtx plus basic,finhigh,lost,2016-12-19,2017-03-12,0.0
MOPWEMB5,gtxpro,hatfan,won,2016-12-19,2017-03-16,4907.0
L62MDI48,mg advanced,isdom,lost,2016-12-20,2017-03-01,0.0
3ECHUPQY,gtx plus basic,,engaging,2016-12-20,,
3EL8D4WO,mg advanced,codehow,won,2016-12-20,2017-03-25,3269.0
VOAN1NXG,gtx basic,kinnamplus,won,2016-12-20,2017-03-12,579.0
ALW92XQL,gtx basic,isdom,lost,2016-12-20,2017-03-25,0.0
TJ6ZA1M3,gtx basic,dalttechnology,lost,2016-12-20,2017-03-07,0.0
FKAFO8O9,mg special,xx holding,won,2016-12-20,2017-03-31,51.0
1XBC7M9F,mg special,faxquote,won,2016-12-20,2017-03-08,64.0
8IXBS90G,mg special,donware,won,2016-12-20,2017-03-08,60.0
2X45BEOS,gtx plus basic,ganjaflex,won,2016-12-21,2017-03-27,1186.0
EQ8X0QTL,mg advanced,yearin,won,2016-12-21,2017-03-09,3577.0
5QD53WHF,gtx plus basic,donquadtech,won,2016-12-21,2017-03-07,1020.0
K5CWSFCW,gtxpro,blackzim,engaging,2016-12-21,,
79EABK3X,mg special,zoomit,won,2016-12-21,2017-03-23,53.0
2DKO9X1T,gtx basic,rundofase,lost,2016-12-21,2017-03-10,0.0
IBDEQVBN,gtx basic,faxquote,lost,2016-12-21,2017-03-28,0.0
QZ3VV4C1,gtxpro,sunnamplex,won,2016-12-21,2017-03-08,4719.0
62AK8UWX,gtx basic,codehow,won,2016-12-21,2017-03-22,546.0
5QM4ORNT,gtx plus basic,domzoom,won,2016-12-21,2017-03-21,1212.0
4H2QMS78,gtx basic,,engaging,2016-12-21,,
S91N9YBL,gtx basic,sunnamplex,lost,2016-12-21,2017-03-08,0.0
44H0FJMH,gtx plus pro,bioholding,lost,2016-12-22,2017-03-27,0.0
N5AZLQZR,gtx plus pro,dontechi,won,2016-12-22,2017-03-14,5533.0
4T295XQL,mg advanced,finjob,won,2016-12-22,2017-03-01,3295.0
YFS5KLJJ,mg special,finjob,won,2016-12-22,2017-03-31,45.0
S8GLKDB9,mg special,bioplex,won,2016-12-22,2017-03-04,56.0
SQLYCFGV,gtxpro,opentech,engaging,2016-12-22,,
EUG019AS,gtx basic,,engaging,2016-12-23,,
IE7VQ5BA,gtx plus basic,finhigh,engaging,2016-12-23,,
01QKN578,gtxpro,funholding,won,2016-12-23,2017-03-20,4247.0
M0JKP0HT,mg advanced,isdom,won,2016-12-23,2017-03-13,3440.0
ZC3KKSUK,gtxpro,plexzap,won,2016-12-23,2017-03-02,5040.0
3X8VLQ5G,gtx basic,cancity,won,2016-12-23,2017-03-12,469.0
EZLXL6GL,mg special,isdom,won,2016-12-23,2017-03-07,58.0
R8PEL8V8,mg advanced,isdom,won,2016-12-24,2017-03-16,2955.0
L1R32S8H,gtx plus pro,condax,won,2016-12-24,2017-03-26,5228.0
J7N8J8NM,mg advanced,toughzap,won,2016-12-24,2017-03-14,3358.0
TO7PGVP1,gtx plus pro,green plus,lost,2016-12-24,2017-03-29,0.0
A051G1B4,gtx basic,codehow,won,2016-12-24,2017-03-31,517.0
NMDMM5YJ,gtx basic,dontechi,won,2016-12-24,2017-03-03,615.0
LWPJEV3U,gtx basic,domzoom,lost,2016-12-24,2017-03-10,0.0
I93ZFHEM,mg special,condax,won,2016-12-24,2017-03-08,62.0
B2VJCVBB,gtx plus pro,isdom,won,2016-12-25,2017-03-13,4711.0
F90O03ZH,gtxpro,kinnamplus,lost,2016-12-25,2017-03-23,0.0
PC78RLUX,gtx basic,yearin,won,2016-12-25,2017-03-30,510.0
X6GL64T5,gtxpro,warephase,won,2016-12-25,2017-03-25,4891.0
OWM3BPGW,gtx plus basic,green plus,won,2016-12-25,2017-03-17,926.0
RP5PS9A5,mg special,betatech,won,2016-12-25,2017-03-10,56.0
AI76U58A,gtx basic,treequote,engaging,2016-12-25,,
KFPM2LJW,gtx basic,,engaging,2016-12-25,,
F2PW7WP2,mg special,ontomedia,won,2016-12-25,2017-03-05,47.0
GK8YD2XW,gtx basic,rangreen,lost,2016-12-26,2017-03-23,0.0
U4LRR9E9,gtx plus pro,nam zim,won,2016-12-26,2017-03-10,6490.0
B00UMAV4,mg advanced,gogozoom,engaging,2016-12-26,,
C8TV7R8A,gtxpro,,engaging,2016-12-26,,
9N55D1AH,mg advanced,treequote,won,2016-12-26,2017-03-02,3841.0
2VCDVCIZ,gtx basic,,engaging,2016-12-27,,
WI4PODA2,gtx plus pro,faxquote,won,2016-12-27,2017-03-15,5256.0
VF1V41RI,mg special,kan code,lost,2016-12-27,2017-03-28,0.0
1B4L7TNG,mg advanced,sonron,lost,2016-12-27,2017-03-25,0.0
MZAN11FT,gtx basic,conecom,won,2016-12-28,2017-03-01,625.0
0U3WVJO0,gtxpro,,engaging,2016-12-28,,
0IO00FNS,gtxpro,warephase,lost,2016-12-28,2017-03-16,0.0
8S6TNXYB,gtxpro,conecom,won,2016-12-28,2017-03-22,3952.0
PMMW9JX3,gtx basic,,engaging,2016-12-28,,
MOLGOSGE,gtx plus pro,konex,won,2016-12-28,2017-03-13,5515.0
FA1VHZSV,mg special,vehement capital partners,won,2016-12-28,2017-03-16,57.0
PXQEX039,mg special,konmatfix,won,2016-12-28,2017-03-28,51.0
RX56S6G3,mg advanced,fasehatice,won,2016-12-28,2017-03-13,3803.0
G4F8W039,gtx plus pro,rundofase,won,2016-12-29,2017-03-27,5459.0
4T31MWVO,mg advanced,stanredtax,won,2016-12-29,2017-03-23,4148.0
2HT2R2GY,gtx plus pro,,engaging,2016-12-29,,
83XN082U,gtx plus pro,ganjaflex,won,2016-12-29,2017-03-23,5002.0
J21W3WIW,mg advanced,gekko co,won,2016-12-29,2017-03-03,3351.0
52UPJFYI,gtx basic,domzoom,won,2016-12-29,2017-03-19,571.0
QOL51JIB,gtx basic,goodsilron,won,2016-12-29,2017-03-10,601.0
13GM5I6M,gtxpro,,engaging,2016-12-29,,
93AGN8A6,gtx basic,zoomit,won,2016-12-29,2017-03-13,576.0
J7UNJFJL,mg special,funholding,won,2016-12-29,2017-03-03,52.0
A4H5ESTU,gtx plus basic,fasehatice,won,2016-12-29,2017-03-13,1185.0
8EZ04VQB,gtx plus basic,gekko co,lost,2016-12-29,2017-03-28,0.0
4501T63I,mg special,plexzap,won,2016-12-29,2017-03-14,56.0
9IA34L8S,gtx basic,,engaging,2016-12-29,,
FPNGEJRC,mg special,opentech,won,2016-12-29,2017-03-29,54.0
S33WRL0Y,gtxpro,xx holding,won,2016-12-29,2017-03-13,4818.0
Q7IRUJK7,gtx plus pro,codehow,won,2017-01-01,2017-03-01,5087.0
DTZPYISJ,gtx plus basic,opentech,won,2017-01-01,2017-03-19,1116.0
Y9HWSG8Z,gtx basic,gogozoom,won,2017-01-01,2017-03-20,510.0
5T8Q2YID,mg special,,engaging,2017-01-01,,
JOQCXC9Z,gtx basic,streethex,won,2017-01-01,2017-03-16,565.0
AP7PCLAZ,gtx basic,finjob,won,2017-01-01,2017-03-26,633.0
BIE471SO,mg advanced,xx zobam,won,2017-01-01,2017-03-29,3962.0
UA8AWDG4,mg advanced,y corporation,won,2017-01-01,2017-03-22,3672.0
BTT6YAVZ,gtx plus basic,green plus,engaging,2017-01-01,,
FZDRB789,gtxpro,goodsilron,won,2017-01-01,2017-03-18,4586.0
PC1NUL8Q,mg special,hottechi,won,2017-01-02,2017-03-02,60.0
O7UUAK3Y,gtx plus basic,dambase,engaging,2017-01-02,,
TLOHEQ18,gtx plus basic,,engaging,2017-01-02,,
F1X5ZJ7V,gtx basic,dontechi,won,2017-01-02,2017-05-04,572.0
IF7MJ88P,gtx basic,goodsilron,won,2017-01-02,2017-03-01,550.0
06B7XWPC,gtxpro,sonron,won,2017-01-02,2017-03-17,4125.0
12MQ3WM8,mg advanced,zumgoity,won,2017-01-02,2017-03-10,3647.0
91M6FY8S,gtx basic,dontechi,won,2017-01-02,2017-03-21,573.0
0LNZRNEU,gtx basic,zencorporation,won,2017-01-02,2017-03-29,542.0
NKOKUS7D,mg advanced,donware,won,2017-01-03,2017-03-12,3479.0
NF6GCTMV,mg advanced,ganjaflex,lost,2017-01-03,2017-03-22,0.0
I4UCA7CU,gtx plus basic,stanredtax,won,2017-01-03,2017-03-21,1012.0
EWDOBEM6,mg special,,engaging,2017-01-03,,
1LI7ETNZ,gtx plus basic,doncon,won,2017-01-03,2017-03-06,990.0
N36DEZBR,gtxpro,sunnamplex,won,2017-01-03,2017-03-18,4374.0
77ZECYVJ,gtx basic,finjob,lost,2017-01-03,2017-03-17,0.0
IRB461Y7,gtx plus basic,xx holding,won,2017-01-03,2017-03-30,1054.0
NM2Q3CGW,mg special,scotfind,won,2017-01-03,2017-03-15,55.0
OEEUEIPJ,mg special,ganjaflex,lost,2017-01-03,2017-03-05,0.0
5E14LG51,gtx plus basic,iselectrics,won,2017-01-04,2017-03-25,1073.0
TIAGZQ54,mg advanced,genco pura olive oil company,lost,2017-01-04,2017-03-20,0.0
QM6VR1H5,gtx plus pro,,engaging,2017-01-04,,
QR2BDRAI,mg advanced,,engaging,2017-01-04,,
Z75ND4JF,gtx basic,,engaging,2017-01-04,,
CRX91A45,gtx basic,faxquote,won,2017-01-04,2017-03-16,586.0
ZOQ8RC86,gtxpro,treequote,won,2017-01-04,2017-05-05,4667.0
SV4SOO2K,gtx plus basic,hottechi,won,2017-01-04,2017-03-28,880.0
ITHR5WLF,mg advanced,plexzap,won,2017-01-04,2017-03-12,3676.0
CGWJ1WHI,mg special,,engaging,2017-01-04,,
279625VN,mg advanced,funholding,lost,2017-01-05,2017-03-25,0.0
M16D8PYH,gtx plus pro,,engaging,2017-01-05,,
RK52YU8S,gtxpro,treequote,lost,2017-01-05,2017-03-09,0.0
E8EY51IC,gtx plus basic,opentech,lost,2017-01-05,2017-03-26,0.0
HG07LMHI,gtxpro,treequote,won,2017-01-05,2017-03-19,4716.0
VPXW8RJS,mg advanced,,engaging,2017-01-05,,
85XNDIK1,gtx basic,blackzim,lost,2017-01-05,2017-03-30,0.0
2U54WYQ1,gtxpro,goodsilron,won,2017-01-05,2017-03-23,4211.0
VCA1WAB0,mg advanced,funholding,lost,2017-01-06,2017-03-21,0.0
T7T1YIM7,gtx plus pro,,engaging,2017-01-06,,
MXNVX2AM,gtxpro,codehow,lost,2017-01-06,2017-03-18,0.0
1G866GH4,mg special,toughzap,won,2017-01-06,2017-03-17,56.0
WDG0B1IR,mg special,rundofase,lost,2017-01-06,2017-03-23,0.0
Q5CABPMO,mg special,funholding,won,2017-01-06,2017-03-23,44.0
HHBA93J5,gtx basic,konex,won,2017-01-06,2017-03-27,532.0
R0W6A9BG,gtx basic,treequote,lost,2017-01-06,2017-05-10,0.0
P5EGQ0HI,gtx basic,zumgoity,lost,2017-01-06,2017-03-20,0.0
L1EJIE5L,gtxpro,kinnamplus,lost,2017-01-06,2017-03-17,0.0
S3XI6YB3,gtx basic,domzoom,lost,2017-01-06,2017-03-24,0.0
BBC3JB3H,gtx basic,isdom,won,2017-01-07,2017-03-08,622.0
4JHY98UG,gtx basic,,engaging,2017-01-07,,
7XVLKX8G,gtx plus pro,cancity,lost,2017-01-07,2017-03-05,0.0
G39V1X3G,mg special,,engaging,2017-01-07,,
OX4P78HP,gtx plus basic,xx zobam,won,2017-01-07,2017-03-16,1257.0
72LNJRY9,gtx plus basic,lexiqvolax,won,2017-01-07,2017-03-25,1135.0
8C2WG2FB,mg advanced,hottechi,lost,2017-01-07,2017-03-28,0.0
L0345WKB,gtxpro,newex,won,2017-01-07,2017-03-14,4313.0
S24L8LVR,gtx plus pro,dambase,won,2017-01-08,2017-03-18,5210.0
JXWXEJXE,mg special,ron tech,won,2017-01-08,2017-03-27,47.0
W2JCRPLX,mg advanced,konex,won,2017-01-08,2017-03-22,3220.0
EQCD7G7Q,gtx basic,initech,engaging,2017-01-08,,
1M2I2NXQ,mg special,donware,won,2017-01-08,2017-03-26,47.0
XYNTWPN1,mg special,rundofase,engaging,2017-01-08,,
54EGR0AD,mg special,yearin,won,2017-01-08,2017-03-25,63.0
VT5Y73GX,mg special,betatech,won,2017-01-09,2017-03-15,56.0
8O9V7UOZ,mg special,rundofase,won,2017-01-09,2017-03-01,65.0
GIIC5H9X,gtx plus pro,donquadtech,won,2017-01-09,2017-03-19,5743.0
9WMU7YHD,mg special,mathtouch,won,2017-01-09,2017-03-03,53.0
8BQMFR86,gtx plus pro,betasoloin,won,2017-01-09,2017-03-30,4974.0
DDCC6ZPK,mg advanced,ontomedia,won,2017-01-09,2017-03-25,3892.0
YMGWLEHY,gtxpro,betasoloin,won,2017-01-09,2017-03-21,3822.0
FKS9MVF6,gtx basic,inity,won,2017-01-09,2017-03-02,504.0
6Q67ZUJ1,mg special,,engaging,2017-01-09,,
HF8ABDF6,mg advanced,xx holding,won,2017-01-09,2017-03-29,3145.0
Y6UBZM6P,gtx plus pro,,engaging,2017-01-09,,
SIRC44NM,gtx basic,finjob,won,2017-01-09,2017-03-27,564.0
7S6SHJJG,gtx plus basic,fasehatice,won,2017-01-09,2017-03-14,1117.0
ZE84UHHB,mg special,inity,won,2017-01-10,2017-03-26,59.0
2R3ZA84D,mg special,finhigh,won,2017-01-10,2017-03-28,52.0
LTTYTAXA,gtxpro,kan code,won,2017-01-10,2017-03-24,4694.0
RIW4VWBW,gtx plus pro,,engaging,2017-01-10,,
ZWFPD71J,gtxpro,plusstrip,won,2017-01-10,2017-03-06,5620.0
T5C527Z9,gtx plus basic,singletechno,won,2017-01-10,2017-03-08,1095.0
XC4LTIEO,gtx basic,conecom,lost,2017-01-10,2017-05-02,0.0
AEBF9M5T,gtx basic,ron tech,won,2017-01-10,2017-03-30,489.0
DWUD4S0P,gtx basic,,engaging,2017-01-10,,
MCE5DKD1,mg special,bioholding,engaging,2017-01-10,,
EV46ES18,gtx plus pro,golddex,won,2017-01-10,2017-03-16,5908.0
ID3IJHUS,mg advanced,xx holding,won,2017-01-10,2017-03-11,3820.0
YBJ72HKE,gtx plus basic,hottechi,lost,2017-01-10,2017-03-12,0.0
RW39Y63V,gtxpro,,engaging,2017-01-10,,
5DEO8EDS,gtx basic,rantouch,won,2017-01-10,2017-03-20,581.0
8LW65NDL,gtx plus pro,,engaging,2017-01-10,,
CJ2ON1LV,gtxpro,nam zim,engaging,2017-01-11,,
4I8X7EMW,gtxpro,,engaging,2017-01-11,,
WPXAMXD2,gtx plus pro,funholding,lost,2017-01-11,2017-03-10,0.0
A4BBDK82,gtx basic,gogozoom,won,2017-01-11,2017-03-28,585.0
LMOAYCUK,gtx plus basic,plusstrip,engaging,2017-01-11,,
4XCJP60W,gtx basic,nam zim,won,2017-01-11,2017-05-06,572.0
CDKX2A19,mg advanced,zumgoity,won,2017-01-11,2017-03-12,3669.0
344I60EI,gtx plus basic,golddex,won,2017-01-11,2017-03-16,1091.0
YI30GSB5,gtx plus basic,rangreen,lost,2017-01-11,2017-03-31,0.0
0IYQX303,gtxpro,donquadtech,won,2017-01-11,2017-03-17,4905.0
6IMUQYMN,gtx basic,vehement capital partners,won,2017-01-12,2017-03-10,540.0
N9GAZ6B6,mg special,zumgoity,won,2017-01-12,2017-03-20,49.0
8O3IYWSM,gtx basic,globex corporation,won,2017-01-12,2017-05-17,513.0
R3OR0J5C,mg special,gogozoom,won,2017-01-12,2017-03-30,54.0
VCSHYIU8,gtx plus basic,,engaging,2017-01-12,,
0I6U3MQ6,gtx basic,funholding,engaging,2017-01-12,,
RXV4UXRE,mg special,yearin,won,2017-01-12,2017-03-23,56.0
5AKGNKX1,mg special,konmatfix,won,2017-01-13,2017-03-16,58.0
KNLMLTJH,mg special,treequote,won,2017-01-13,2017-03-27,58.0
WRUG19FZ,mg advanced,vehement capital partners,engaging,2017-01-13,,
UQQE9ILV,gtxpro,iselectrics,engaging,2017-01-13,,
G9GH5KV5,gtxpro,nam zim,won,2017-01-13,2017-03-21,4453.0
H06UZJH8,mg special,plusstrip,lost,2017-01-13,2017-05-08,0.0
K1RXVUG9,gtx basic,nam zim,won,2017-01-13,2017-03-14,619.0
1QT3STIA,gtx plus pro,xx holding,won,2017-01-13,2017-05-14,5163.0
070M5M6X,gtxpro,green plus,won,2017-01-13,2017-03-25,4071.0
DFTR2O9K,mg special,donquadtech,won,2017-01-13,2017-05-08,56.0
W8CXDBQN,mg special,,engaging,2017-01-13,,
S9MECO24,mg advanced,sumace,lost,2017-01-13,2017-03-31,0.0
EJSFO67U,gtxpro,zotware,won,2017-01-14,2017-03-29,4375.0
VKT0UN11,mg advanced,codehow,engaging,2017-01-14,,
SKTD4GGU,gtx basic,golddex,won,2017-01-14,2017-03-28,610.0
JIACLB24,gtx basic,scottech,engaging,2017-01-14,,
SNAPG5KC,mg advanced,hatfan,lost,2017-01-14,2017-05-05,0.0
561707V4,gtxpro,xx holding,won,2017-01-14,2017-03-17,4554.0
J28ZRO9G,mg advanced,konex,won,2017-01-14,2017-05-18,2880.0
5VYJCJAE,gtx plus pro,zoomit,engaging,2017-01-15,,
BTUG5VDL,gtxpro,inity,engaging,2017-01-15,,
KZ8Q0AFX,gtx plus basic,initech,lost,2017-01-15,2017-05-02,0.0
CT3HBBI2,mg special,mathtouch,engaging,2017-01-15,,
AOOFHH6F,mg special,scotfind,won,2017-01-15,2017-05-18,60.0
5U9Y1P87,gtx basic,condax,won,2017-01-15,2017-03-21,688.0
J0Y91LUA,gtx plus pro,goodsilron,won,2017-01-15,2017-03-22,6142.0
YBRZQFEO,gtxpro,green plus,won,2017-01-15,2017-03-31,4939.0
PHR8KB1Y,gtx plus pro,warephase,won,2017-01-15,2017-05-15,6270.0
GR2X90DZ,gtx basic,,engaging,2017-01-15,,
TBZMXKH4,mg advanced,acme corporation,won,2017-01-15,2017-03-29,3833.0
WNXZ1FGS,gtx plus basic,bubba gump,lost,2017-01-16,2017-03-28,0.0
S3W6Q07M,gtx plus pro,acme corporation,engaging,2017-01-16,,
K64TY8LU,mg special,,engaging,2017-01-16,,
6389JY2H,mg special,hottechi,won,2017-01-16,2017-06-02,57.0
SZ81H1PM,mg special,cancity,won,2017-01-16,2017-03-17,47.0
M842E8JB,mg special,donware,lost,2017-01-16,2017-03-13,0.0
JRJ7DBW5,mg advanced,plussunin,lost,2017-01-17,2017-03-19,0.0
N9C0OCYY,mg special,inity,won,2017-01-17,2017-05-04,57.0
0OESOJNN,gtx plus basic,warephase,engaging,2017-01-17,,
R7XZAIWS,mg advanced,genco pura olive oil company,won,2017-01-17,2017-03-14,3257.0
FFO5WOHT,gtx basic,sunnamplex,won,2017-01-17,2017-05-08,511.0
XHHJ48MJ,gtx basic,y corporation,won,2017-01-17,2017-03-14,607.0
YAR5GGA4,gtx plus pro,cheers,won,2017-01-17,2017-03-29,5120.0
NOVPMLOV,gtx plus basic,hottechi,won,2017-01-17,2017-03-23,1343.0
UPHN2I1Q,mg special,rundofase,won,2017-01-17,2017-05-14,55.0
NN9R2Y4W,mg special,faxquote,won,2017-01-17,2017-03-30,49.0
977FJ9QQ,gtx basic,the new york inquirer,lost,2017-01-18,2017-03-29,0.0
DZ57QIQN,gtx plus pro,,engaging,2017-01-18,,
A6Y1V5Z0,gtxpro,zotware,won,2017-01-18,2017-06-04,4426.0
NU8LWEWU,gtx plus pro,groovestreet,won,2017-01-18,2017-05-03,5264.0
PFHS80CR,gtxpro,conecom,lost,2017-01-18,2017-05-20,0.0
OZ5S8NCK,gtxpro,,engaging,2017-01-18,,
904203D6,mg special,dontechi,won,2017-01-18,2017-03-29,59.0
Z0TSV030,gtx basic,opentech,won,2017-01-19,2017-03-30,617.0
8C4QM1X6,gtx basic,codehow,won,2017-01-19,2017-06-04,565.0
NOPI41RP,gtx basic,sonron,won,2017-01-19,2017-03-01,511.0
2536CW3V,gtx plus basic,rantouch,lost,2017-01-19,2017-05-08,0.0
AC5YXLIR,mg special,faxquote,won,2017-01-19,2017-03-30,60.0
HSGJKH6U,mg advanced,plexzap,won,2017-01-19,2017-03-29,3407.0
4TZF9N1D,mg advanced,xx holding,won,2017-01-19,2017-03-28,3273.0
HNKZ2IC6,gtx plus basic,y corporation,lost,2017-01-19,2017-03-26,0.0
BB6TCH8B,mg special,sunnamplex,lost,2017-01-19,2017-05-05,0.0
IMTPZV7J,mg advanced,gogozoom,won,2017-01-19,2017-05-01,3363.0
A4JROIDO,mg special,,engaging,2017-01-19,,
6NXY7144,gtx basic,xx holding,won,2017-01-19,2017-03-31,365.0
KBKHKULU,gtx plus pro,lexiqvolax,won,2017-01-19,2017-03-18,4869.0
INMJIFTF,gtx basic,ontomedia,won,2017-01-20,2017-06-06,599.0
FUVQ5UKB,mg advanced,konex,won,2017-01-20,2017-05-20,3194.0
O462ARMZ,gtx plus pro,condax,won,2017-01-20,2017-06-05,5429.0
6DCKCXDC,gtxpro,hottechi,won,2017-01-20,2017-05-05,5008.0
QVF0JRM5,mg advanced,domzoom,won,2017-01-20,2017-03-28,3459.0
7QGG2LO3,gtxpro,xx holding,lost,2017-01-20,2017-05-25,0.0
Y6HNPIIT,gtxpro,hottechi,won,2017-01-20,2017-03-07,4559.0
IBKRO1AN,gtxpro,labdrill,won,2017-01-20,2017-03-28,4221.0
3TDWLPMV,mg advanced,warephase,lost,2017-01-20,2017-03-11,0.0
JN1ZFD18,mg special,domzoom,won,2017-01-20,2017-03-06,56.0
ZE7ILYKB,gtxpro,nam zim,won,2017-01-20,2017-05-03,5508.0
SRFVQ0HG,gtx plus basic,codehow,lost,2017-01-20,2017-03-24,0.0
D7H1EGS9,gtx basic,lexiqvolax,lost,2017-01-20,2017-03-20,0.0
1DDW2GQW,mg advanced,cancity,lost,2017-01-21,2017-03-09,0.0
PMEENWD5,gtxpro,globex corporation,engaging,2017-01-21,,
WPGTHV8V,gtx basic,ron tech,won,2017-01-21,2017-03-19,657.0
Z1WLLL1H,gtx basic,,engaging,2017-01-21,,
6GNJMYMO,gtxpro,j texon,lost,2017-01-21,2017-05-05,0.0
GWAT8UWK,gtx basic,scottech,won,2017-01-21,2017-03-25,638.0
ETZKANFZ,gtx basic,,engaging,2017-01-21,,
IZD69C5Q,mg special,betatech,won,2017-01-21,2017-06-06,41.0
QFU565JJ,gtx plus pro,initech,won,2017-01-21,2017-05-07,5582.0
Z5BCBTAO,mg special,konmatfix,won,2017-01-21,2017-05-20,60.0
2KKRRM1G,gtx plus basic,y corporation,won,2017-01-21,2017-05-03,1036.0
RLUGVSNV,gtx plus basic,funholding,won,2017-01-22,2017-05-12,943.0
ZKSJ1DOK,gtx basic,kan code,won,2017-01-22,2017-06-07,581.0
K8RQWTP4,mg special,codehow,lost,2017-01-22,2017-05-15,0.0
RSZC6BMW,gtx basic,toughzap,won,2017-01-22,2017-05-07,538.0
O7YNBRX0,gtx plus basic,donquadtech,won,2017-01-22,2017-03-28,1100.0
PK1PS0KR,mg advanced,,engaging,2017-01-22,,
AAYV8GV4,mg advanced,inity,lost,2017-01-23,2017-05-05,0.0
EDEBWIOX,mg advanced,finhigh,lost,2017-01-23,2017-05-28,0.0
VAH6Y3F6,gtx plus basic,hottechi,won,2017-01-23,2017-05-17,1039.0
4U431MNA,mg special,dambase,lost,2017-01-23,2017-05-11,0.0
5HKAT5GS,gtx plus basic,umbrella corporation,won,2017-01-23,2017-05-10,1076.0
F5VDTC4M,mg special,konex,lost,2017-01-23,2017-05-06,0.0
UO4KXDBC,mg special,rantouch,lost,2017-01-23,2017-05-23,0.0
TBIW957T,mg special,rundofase,won,2017-01-23,2017-03-16,53.0
MSEIIH95,mg advanced,statholdings,won,2017-01-23,2017-03-23,3046.0
RPONINLM,gtx plus basic,,engaging,2017-01-23,,
V4324HG4,mg special,acme corporation,lost,2017-01-23,2017-05-06,0.0
N852D2Z8,gtx basic,scotfind,lost,2017-01-23,2017-03-30,0.0
CF1CSNPX,gtxpro,kan code,won,2017-01-24,2017-03-31,5140.0
NOXNFJ2L,gtx plus basic,warephase,won,2017-01-24,2017-05-17,1067.0
F569KUVC,gtx basic,,engaging,2017-01-24,,
PKDJTR06,gtx plus basic,hatfan,engaging,2017-01-24,,
VYPYVO8V,gtx basic,,engaging,2017-01-24,,
3LJAJVHR,gtxpro,opentech,lost,2017-01-25,2017-05-29,0.0
NN6CSUWT,gtx plus basic,zathunicon,won,2017-01-25,2017-03-21,1065.0
X69POZIN,gtx basic,lexiqvolax,won,2017-01-25,2017-05-06,481.0
4FAEDB16,gtx basic,j texon,lost,2017-01-25,2017-05-22,0.0
CPGCT81C,gtx basic,dalttechnology,won,2017-01-25,2017-03-06,499.0
TK9T01QM,gtxpro,acme corporation,lost,2017-01-25,2017-05-07,0.0
P13DDOTM,mg special,bioplex,won,2017-01-25,2017-03-08,59.0
1PN7TVPX,mg special,hottechi,lost,2017-01-25,2017-05-01,0.0
9ZKORPL2,mg special,initech,won,2017-01-25,2017-05-09,45.0
1D54L027,mg advanced,,engaging,2017-01-25,,
1ZCOKNNI,gtxpro,sonron,won,2017-01-25,2017-05-14,5743.0
BVYMJ6TD,gtx plus pro,vehement capital partners,won,2017-01-26,2017-05-13,6117.0
W5ADQ9SH,gtxpro,domzoom,lost,2017-01-26,2017-05-26,0.0
VXX8GJGY,gtx plus basic,the new york inquirer,won,2017-01-26,2017-03-19,1158.0
ES9L0DXE,mg special,kinnamplus,won,2017-01-26,2017-05-22,59.0
AANB25RH,gtx plus basic,dalttechnology,lost,2017-01-26,2017-05-24,0.0
36PTGLTW,mg advanced,xx holding,won,2017-01-26,2017-03-24,3106.0
6WTNSL1T,mg advanced,newex,won,2017-01-26,2017-03-19,2982.0
PV1DISEC,gtx plus pro,hottechi,won,2017-01-26,2017-03-16,6101.0
S6BG03TB,gtx plus pro,treequote,won,2017-01-27,2017-05-08,5883.0
2YOW2BI0,gtx plus pro,xx zobam,won,2017-01-27,2017-05-22,5051.0
IQ9KYZCG,gtx plus basic,statholdings,won,2017-01-27,2017-05-11,1155.0
AWDOKG69,gtx basic,bluth company,lost,2017-01-27,2017-05-10,0.0
C4AFMVFM,gtx plus pro,cheers,won,2017-01-27,2017-03-06,5616.0
WK6ERCGR,gtx plus pro,golddex,won,2017-01-27,2017-06-06,5116.0
64DJ954O,gtx plus basic,condax,won,2017-01-27,2017-03-30,1136.0
84V18DBW,gtx plus basic,finhigh,won,2017-01-28,2017-06-01,1216.0
WFY0S4WW,gtx plus basic,hottechi,won,2017-01-28,2017-05-02,1089.0
HA1KXAIS,mg advanced,condax,won,2017-01-28,2017-06-04,3908.0
CENVLTFH,gtx plus basic,toughzap,engaging,2017-01-28,,
EAYD98X2,gtxpro,dontechi,lost,2017-01-28,2017-05-27,0.0
YR4W59KS,gtxpro,finhigh,lost,2017-01-28,2017-05-18,0.0
SNFW1FD7,mg advanced,streethex,won,2017-01-28,2017-05-07,3369.0
4NGSQODD,gtxpro,blackzim,engaging,2017-01-28,,
2EOF1QCY,gtx plus pro,j texon,won,2017-01-28,2017-05-20,5259.0
5BE27MLY,gtxpro,,engaging,2017-01-28,,
O5O4ZAAC,gtx plus basic,y corporation,lost,2017-01-28,2017-05-08,0.0
YBAKNQ8Z,mg advanced,bubba gump,lost,2017-01-28,2017-03-30,0.0
N5UIZYIV,mg special,konmatfix,engaging,2017-01-28,,
QY6HCHDH,mg special,condax,won,2017-01-29,2017-05-25,52.0
CZ3XOD03,gtx plus pro,acme corporation,won,2017-01-29,2017-05-11,5772.0
LQ44KCMI,gtxpro,umbrella corporation,lost,2017-01-29,2017-03-13,0.0
WVJBVA61,mg advanced,domzoom,won,2017-01-29,2017-03-21,3496.0
MV9AO6WU,mg advanced,finjob,won,2017-01-29,2017-03-12,3602.0
VS2G74XQ,mg special,yearin,won,2017-01-29,2017-03-09,57.0
Q37IWCG1,mg special,funholding,won,2017-01-29,2017-05-11,51.0
CUR03RXO,mg advanced,sonron,won,2017-01-29,2017-06-14,3689.0
81APSLDP,gtx plus basic,xx holding,won,2017-01-29,2017-05-03,1170.0
RBXWRHBJ,gtx basic,rundofase,lost,2017-01-29,2017-03-06,0.0
G2GU9DYX,gtxpro,rangreen,won,2017-01-29,2017-05-06,4736.0
KBR253C0,mg advanced,,engaging,2017-01-29,,
379DUF2N,gtx basic,,engaging,2017-01-29,,
67IKZGGJ,gtx plus basic,,engaging,2017-01-29,,
05DTWSVC,mg special,genco pura olive oil company,lost,2017-01-29,2017-05-05,0.0
2YQHHWJ3,mg special,zumgoity,lost,2017-01-29,2017-05-22,0.0
ZW58VIDI,mg special,hatfan,won,2017-01-29,2017-05-25,64.0
Q7IIF1IP,mg special,j texon,won,2017-01-29,2017-06-05,55.0
AALARPLH,mg advanced,goodsilron,won,2017-01-29,2017-03-13,2970.0
8YIANRVX,gtxpro,,engaging,2017-01-29,,
5FFY13G5,mg special,scottech,lost,2017-01-30,2017-05-19,0.0
01X8H9SO,gtxpro,bubba gump,won,2017-01-30,2017-05-13,5035.0
VLADQZ43,gtxpro,domzoom,lost,2017-01-30,2017-05-31,0.0
N9VYMV3W,gtxpro,funholding,won,2017-01-30,2017-03-10,4774.0
A7SA2L21,gtk 500,,engaging,2017-01-30,,
2FTB6A7I,gtx plus pro,kan code,won,2017-01-30,2017-05-16,5390.0
7V9A9TXZ,gtx plus basic,codehow,won,2017-01-30,2017-06-06,1190.0
HWDRCUYU,gtx plus pro,betatech,won,2017-01-30,2017-05-14,5755.0
GFV4W89I,gtxpro,scotfind,won,2017-01-30,2017-06-13,4933.0
7A4AC5BC,mg advanced,ron tech,won,2017-01-30,2017-06-04,3642.0
3B6HWK65,mg special,blackzim,lost,2017-01-30,2017-05-07,0.0
A3BK99P6,mg advanced,kan code,won,2017-01-31,2017-03-17,2923.0
9W7PFSNX,gtx basic,,engaging,2017-01-31,,
XYLNH45V,gtx plus basic,zathunicon,engaging,2017-01-31,,
GVBWTDI3,gtx plus basic,,engaging,2017-01-31,,
NY21X16G,gtxpro,zumgoity,won,2017-01-31,2017-03-10,5035.0
O5BC64NW,gtxpro,zoomit,lost,2017-01-31,2017-05-26,0.0
4DW2FDX4,mg special,dambase,won,2017-01-31,2017-05-20,54.0
A66X4Q2J,mg special,konmatfix,won,2017-01-31,2017-05-01,54.0
VFEV5XBS,gtx plus basic,,engaging,2017-01-31,,
IT9YW5RP,gtx basic,initech,won,2017-01-31,2017-05-26,592.0
7IZ2GMYK,gtx basic,toughzap,won,2017-02-01,2017-05-16,640.0
TTY0X4TG,gtxpro,dontechi,won,2017-02-01,2017-05-05,5127.0
L8D22SSW,mg advanced,betatech,won,2017-02-01,2017-06-17,3822.0
ZDDZ64A2,mg advanced,dontechi,lost,2017-02-01,2017-06-17,0.0
RDJFZGM9,mg special,blackzim,lost,2017-02-01,2017-06-13,0.0
4563ENEB,gtx basic,gogozoom,won,2017-02-01,2017-05-02,574.0
4WP0VJAS,mg advanced,codehow,won,2017-02-01,2017-06-18,2525.0
60UOBOEM,gtk 500,groovestreet,won,2017-02-01,2017-06-07,30288.0
AJZB6F22,gtx plus pro,goodsilron,lost,2017-02-01,2017-05-18,0.0
W4K39GNG,gtx basic,scotfind,lost,2017-02-01,2017-03-29,0.0
VN8LKQN3,gtx plus basic,,engaging,2017-02-02,,
IXOHJYRM,gtk 500,cheers,lost,2017-02-02,2017-05-09,0.0
RMNHSNW9,mg special,kan code,lost,2017-02-02,2017-05-01,0.0
QPFNQYMV,mg advanced,inity,won,2017-02-02,2017-05-14,3581.0
D77SFTS4,gtx plus basic,warephase,lost,2017-02-02,2017-03-12,0.0
ZHY9C8OO,gtx plus basic,,engaging,2017-02-02,,
WRBWZRFD,gtxpro,conecom,lost,2017-02-02,2017-05-05,0.0
031BBF1I,mg special,finhigh,won,2017-02-02,2017-03-30,54.0
H2MC2E7K,gtx plus basic,condax,engaging,2017-02-02,,
O11S2R63,gtx plus basic,konex,won,2017-02-03,2017-06-03,1121.0
G13DD850,gtx basic,silis,won,2017-02-03,2017-06-04,477.0
WZU2OHYU,gtx basic,condax,won,2017-02-03,2017-05-05,515.0
HVODWXRO,mg special,ganjaflex,lost,2017-02-03,2017-05-01,0.0
N3JIVUNY,mg advanced,umbrella corporation,lost,2017-02-03,2017-05-11,0.0
RGCH6CUF,gtx plus basic,goodsilron,won,2017-02-03,2017-06-20,975.0
JX7WZ9UP,mg advanced,sunnamplex,won,2017-02-03,2017-05-01,3376.0
FDCEBWRI,gtx basic,fasehatice,won,2017-02-03,2017-03-12,458.0
ZL6TJDPG,gtx basic,globex corporation,lost,2017-02-03,2017-05-16,0.0
DWBSHB8M,gtx basic,golddex,lost,2017-02-03,2017-05-23,0.0
0AJ6LTZ0,gtx basic,golddex,won,2017-02-03,2017-03-14,622.0
SVMB8M7E,gtx basic,lexiqvolax,won,2017-02-03,2017-06-09,441.0
6AWEAWCM,gtxpro,konex,lost,2017-02-03,2017-05-15,0.0
4Q4NBPD6,gtx basic,ron tech,won,2017-02-03,2017-05-21,538.0
K8VSDOP8,gtx plus pro,goodsilron,won,2017-02-03,2017-03-29,4667.0
YNP9PI1X,gtx plus basic,codehow,won,2017-02-03,2017-06-15,1018.0
3XVY4LEU,gtxpro,bluth company,won,2017-02-03,2017-05-09,4671.0
OCGXWE8H,mg special,,engaging,2017-02-03,,
8K1OGB0R,gtxpro,bubba gump,won,2017-02-03,2017-05-16,4634.0
RTKUPEX7,gtx plus basic,j texon,lost,2017-02-03,2017-06-10,0.0
QQDO45YR,mg advanced,warephase,won,2017-02-04,2017-05-09,3470.0
USVLKDF4,gtx basic,dontechi,engaging,2017-02-04,,
HT25XIAV,gtx plus basic,silis,lost,2017-02-04,2017-05-18,0.0
88KUDE6J,gtx plus pro,acme corporation,won,2017-02-04,2017-05-30,5366.0
AOOD3MWW,gtx plus basic,rundofase,lost,2017-02-04,2017-05-26,0.0
JCPQZ2SN,gtx plus basic,cheers,engaging,2017-02-04,,
HZIU2NOT,gtx plus pro,,engaging,2017-02-04,,
RZ2PUH86,gtx basic,groovestreet,won,2017-02-04,2017-05-17,582.0
GLVSDQQT,gtx basic,sunnamplex,won,2017-02-04,2017-05-02,583.0
107BPCAS,gtx basic,dambase,lost,2017-02-04,2017-05-16,0.0
OCLEO3CD,gtx plus pro,fasehatice,won,2017-02-04,2017-05-19,6079.0
FTVCNH87,gtx plus basic,fasehatice,lost,2017-02-04,2017-05-07,0.0
GQCRMEIL,gtx plus basic,konex,won,2017-02-04,2017-06-02,1068.0
UK2JIE61,mg special,cancity,won,2017-02-05,2017-05-04,55.0
YM8DBAFV,gtx basic,sumace,engaging,2017-02-05,,
AEDL7EC6,mg advanced,yearin,lost,2017-02-05,2017-05-02,0.0
OV5X3O5I,gtx basic,betasoloin,won,2017-02-05,2017-03-27,493.0
MMWX1A4H,gtx plus basic,ron tech,lost,2017-02-05,2017-06-20,0.0
LSVMMUJ0,gtxpro,condax,won,2017-02-05,2017-03-25,5559.0
RP7KA6HS,mg special,mathtouch,engaging,2017-02-05,,
97KFQSX1,mg advanced,scotfind,won,2017-02-05,2017-05-09,3351.0
08APB75Q,gtx basic,isdom,won,2017-02-05,2017-05-13,501.0
P9PFSLS6,mg special,,engaging,2017-02-05,,
6RL97BR9,mg special,inity,lost,2017-02-05,2017-05-08,0.0
TPVFA5B8,gtx basic,mathtouch,won,2017-02-05,2017-05-07,532.0
FHLOUD3V,mg special,sonron,lost,2017-02-05,2017-05-24,0.0
4E01ALB0,mg advanced,green plus,won,2017-02-05,2017-05-04,3103.0
E4THD359,gtx basic,,engaging,2017-02-05,,
K4HVGBVH,gtx plus pro,gekko co,won,2017-02-06,2017-05-22,5505.0
6VIK2VX8,mg special,isdom,engaging,2017-02-06,,
30R81VZX,gtxpro,zoomit,engaging,2017-02-06,,
XDLQ71X4,gtx plus basic,y corporation,lost,2017-02-06,2017-05-22,0.0
TH9RV79M,mg special,,engaging,2017-02-06,,
L33YUX9V,gtx plus basic,rangreen,won,2017-02-06,2017-05-15,1068.0
QT7LRWTN,mg advanced,cheers,won,2017-02-06,2017-05-04,3357.0
Q1JKHY7H,mg special,mathtouch,lost,2017-02-06,2017-05-06,0.0
BY0O646G,gtx basic,sonron,lost,2017-02-06,2017-05-27,0.0
5831YZMT,gtx basic,finjob,won,2017-02-06,2017-06-23,532.0
7VOW7BUJ,gtxpro,,engaging,2017-02-07,,
2J5E145N,gtxpro,,engaging,2017-02-07,,
AZUBCO7L,mg advanced,condax,lost,2017-02-07,2017-05-06,0.0
FOWAY95L,gtx plus pro,funholding,won,2017-02-07,2017-05-05,5786.0
YFB7Y92U,gtk 500,,engaging,2017-02-07,,
KGZL60NI,gtx plus basic,sonron,lost,2017-02-07,2017-05-11,0.0
SRZMNS79,gtx plus basic,streethex,won,2017-02-07,2017-05-19,1131.0
S6645YWA,gtx basic,y corporation,engaging,2017-02-07,,
B5A1BERF,gtxpro,umbrella corporation,engaging,2017-02-07,,
0XMB83YO,gtx plus pro,scotfind,won,2017-02-07,2017-05-15,5401.0
4TEO0LE1,gtx plus basic,konmatfix,won,2017-02-07,2017-03-28,1062.0
IEAPJ5X1,gtx plus basic,,engaging,2017-02-07,,
5P82H5AA,mg advanced,zotware,won,2017-02-07,2017-03-23,3695.0
BN8UTT8O,mg special,condax,lost,2017-02-07,2017-06-04,0.0
V751HK8R,mg special,finhigh,won,2017-02-07,2017-06-03,60.0
H4TBCR80,gtxpro,groovestreet,lost,2017-02-07,2017-05-28,0.0
QWL218JV,mg advanced,singletechno,won,2017-02-07,2017-06-13,2919.0
L2S4T3VA,gtx plus pro,,engaging,2017-02-08,,
AF8NG5JC,mg special,betatech,engaging,2017-02-08,,
IVJP36UT,mg advanced,,engaging,2017-02-08,,
12M4HB7G,gtx basic,plussunin,won,2017-02-08,2017-05-01,623.0
1XVTUE5J,mg special,umbrella corporation,lost,2017-02-08,2017-03-31,0.0
3VKO28KR,mg advanced,scottech,lost,2017-02-08,2017-05-04,0.0
9A9E1KPG,gtx basic,genco pura olive oil company,engaging,2017-02-08,,
5IES0B4B,mg special,scotfind,won,2017-02-08,2017-05-04,49.0
HUFYU0AT,gtx basic,stanredtax,lost,2017-02-08,2017-05-24,0.0
GMI6XZ4O,gtx basic,codehow,won,2017-02-08,2017-05-04,612.0
TF19VML9,gtx plus basic,,engaging,2017-02-08,,
YOQCQ4UO,gtx basic,hottechi,won,2017-02-08,2017-03-18,534.0
KOZTDBJ5,gtx plus basic,condax,won,2017-02-08,2017-06-07,1103.0
ZHXIDZNI,gtxpro,,engaging,2017-02-08,,
8NMPO9K3,gtx basic,conecom,won,2017-02-08,2017-05-10,582.0
PU7GV4MK,mg advanced,condax,lost,2017-02-08,2017-05-13,0.0
RCQDGE4W,gtx plus pro,cancity,won,2017-02-08,2017-05-04,6292.0
ZT832XIR,mg special,funholding,lost,2017-02-08,2017-06-25,0.0
I995O4XJ,mg special,groovestreet,won,2017-02-08,2017-05-24,63.0
EOXZGSX9,mg advanced,globex corporation,won,2017-02-08,2017-05-13,3522.0
PW5OGY78,mg special,konex,lost,2017-02-08,2017-05-29,0.0
NJCSG7MX,gtx basic,plexzap,won,2017-02-08,2017-05-04,532.0
ZYRF768H,mg special,iselectrics,lost,2017-02-08,2017-05-04,0.0
5Q8BQ64R,mg advanced,kinnamplus,won,2017-02-08,2017-05-22,3645.0
ZNNBFAKF,gtxpro,y corporation,lost,2017-02-08,2017-05-10,0.0
L47EPGVT,gtx plus pro,gogozoom,won,2017-02-09,2017-03-01,4760.0
9GENDMWA,gtx basic,betasoloin,won,2017-02-09,2017-05-25,603.0
DHACLHPS,gtx basic,bioplex,lost,2017-02-09,2017-05-22,0.0
GKLE0CDI,mg advanced,yearin,won,2017-02-09,2017-03-02,3249.0
E9DJS1D8,gtxpro,dontechi,lost,2017-02-09,2017-03-17,0.0
22ZJM20V,gtxpro,statholdings,lost,2017-02-09,2017-05-18,0.0
C47Z92AG,gtxpro,zumgoity,lost,2017-02-09,2017-05-09,0.0
XT9YNOV2,gtx plus pro,acme corporation,won,2017-02-09,2017-06-11,5724.0
TMZQX7F8,gtx plus basic,groovestreet,lost,2017-02-09,2017-05-02,0.0
5JHSTFEZ,gtx plus basic,plexzap,lost,2017-02-09,2017-05-11,0.0
BAOSO1I2,gtx basic,faxquote,won,2017-02-09,2017-05-02,516.0
IZDF2RTL,gtx plus basic,rangreen,won,2017-02-09,2017-05-27,1050.0
F61DLVRS,gtx plus pro,plexzap,won,2017-02-09,2017-05-23,4519.0
80F0J70G,gtx basic,funholding,lost,2017-02-09,2017-05-25,0.0
S9W53L4L,gtx basic,dontechi,won,2017-02-09,2017-06-05,672.0
12OQKSVK,gtx plus basic,mathtouch,won,2017-02-09,2017-03-20,896.0
VC94R5H8,gtx basic,konex,won,2017-02-09,2017-03-23,587.0
XTKIX6I4,mg advanced,sonron,won,2017-02-09,2017-06-13,3426.0
5P3NH791,mg advanced,golddex,engaging,2017-02-10,,
MSE1UXKU,gtxpro,ontomedia,won,2017-02-10,2017-03-20,5021.0
HM334UL2,gtx plus basic,rangreen,won,2017-02-10,2017-03-30,1126.0
L4124UJG,gtxpro,umbrella corporation,won,2017-02-10,2017-05-15,5473.0
DR2QE1RW,mg special,sunnamplex,lost,2017-02-10,2017-05-30,0.0
FD8YL177,mg special,rantouch,won,2017-02-10,2017-05-09,51.0
X3ZSQCH8,gtx basic,scotfind,engaging,2017-02-10,,
UU21EYFN,gtx basic,sonron,won,2017-02-10,2017-03-06,563.0
OBDRD0AD,gtx basic,isdom,lost,2017-02-10,2017-05-26,0.0
NSGEM06J,gtx basic,opentech,lost,2017-02-10,2017-05-14,0.0
QSQ42Q6M,mg advanced,kan code,won,2017-02-10,2017-06-15,2928.0
PCBA3KAV,mg advanced,zathunicon,won,2017-02-10,2017-06-05,3618.0
ZBBMGEV4,gtx plus basic,inity,won,2017-02-11,2017-05-16,1189.0
TYSORYA9,gtx basic,donquadtech,lost,2017-02-11,2017-05-07,0.0
ULVXOPG3,mg special,hatfan,won,2017-02-11,2017-05-22,60.0
5BXUKFPR,gtx plus pro,,engaging,2017-02-11,,
G0R305KO,gtx plus basic,statholdings,lost,2017-02-11,2017-05-11,0.0
ZDZGCWX7,gtx basic,cheers,won,2017-02-11,2017-06-22,545.0
PQJZ5Z3R,mg advanced,labdrill,won,2017-02-11,2017-05-12,3035.0
8AJG1YLJ,gtx basic,,engaging,2017-02-11,,
7KXTF2Q6,gtx basic,konex,won,2017-02-11,2017-06-23,584.0
WZVE1NTM,mg special,scotfind,lost,2017-02-11,2017-05-15,0.0
M6UEZLOQ,gtx plus basic,cheers,won,2017-02-11,2017-06-23,1069.0
D6T5MM04,gtx plus basic,xx holding,won,2017-02-11,2017-06-22,1035.0
5RNWV17L,mg advanced,golddex,engaging,2017-02-11,,
9GCJGVY7,gtxpro,ganjaflex,lost,2017-02-11,2017-03-02,0.0
5QBQMEY5,gtxpro,scotfind,won,2017-02-11,2017-03-24,4510.0
9JKVM4BK,gtx plus basic,vehement capital partners,lost,2017-02-11,2017-06-05,0.0
14PBBHSE,mg special,zotware,won,2017-02-11,2017-05-08,49.0
P1KS5YFX,mg special,rundofase,won,2017-02-12,2017-06-07,59.0
7R4VL3Q8,gtxpro,kan code,won,2017-02-12,2017-03-04,4705.0
3MNZF5ZK,gtx plus pro,zumgoity,won,2017-02-12,2017-06-03,5148.0
52SANIGE,gtxpro,ganjaflex,won,2017-02-12,2017-05-08,4833.0
73SY9EU8,gtxpro,mathtouch,won,2017-02-12,2017-05-31,4664.0
HVM656P3,gtx basic,plussunin,won,2017-02-12,2017-05-12,475.0
LXM6CTMS,gtx plus basic,,engaging,2017-02-12,,
U2SW8DT1,mg advanced,labdrill,won,2017-02-12,2017-06-13,3807.0
VXMFL425,gtx basic,faxquote,engaging,2017-02-12,,
XMH4CH4Q,gtx basic,stanredtax,won,2017-02-12,2017-05-21,518.0
UNLIS3RY,gtx plus basic,dalttechnology,won,2017-02-12,2017-05-09,1050.0
GVFQXZLL,gtxpro,y corporation,won,2017-02-12,2017-05-24,4596.0
E887HZT1,mg advanced,cheers,engaging,2017-02-12,,
CGJ7NRZH,mg special,,engaging,2017-02-12,,
NRYC7T45,gtx basic,y corporation,won,2017-02-12,2017-05-05,618.0
ZVR3I3F0,mg advanced,singletechno,won,2017-02-12,2017-05-02,3460.0
2TKQ8B78,gtx plus pro,ontomedia,won,2017-02-13,2017-05-21,5751.0
OZ5O64KJ,gtx plus pro,konmatfix,won,2017-02-13,2017-05-28,5639.0
WXCW16QT,gtx plus pro,bioplex,lost,2017-02-13,2017-06-02,0.0
UCXCUP1U,gtx plus pro,zencorporation,won,2017-02-13,2017-05-18,4766.0
SWJ9OOZU,mg advanced,opentech,engaging,2017-02-13,,
9ERRIZKG,gtx plus basic,scotfind,lost,2017-02-13,2017-05-09,0.0
CKLYIFLY,gtx basic,singletechno,won,2017-02-13,2017-05-11,589.0
6VDLCBYU,gtx plus pro,finhigh,lost,2017-02-13,2017-05-31,0.0
XYBPUC2H,gtx basic,hottechi,lost,2017-02-13,2017-05-16,0.0
B06D1F9M,gtxpro,faxquote,engaging,2017-02-13,,
OZ761BUJ,gtx basic,,engaging,2017-02-13,,
I3MC9XZC,gtx basic,massive dynamic,won,2017-02-13,2017-05-18,533.0
L5T2HKKO,gtx basic,conecom,lost,2017-02-14,2017-05-05,0.0
6CEEGQ8I,mg special,domzoom,won,2017-02-14,2017-05-30,63.0
P2LY9NFN,gtxpro,bioplex,won,2017-02-14,2017-05-08,4942.0
94GCWI08,gtxpro,dambase,won,2017-02-14,2017-06-12,4650.0
GUMQTC3J,gtxpro,konmatfix,won,2017-02-14,2017-06-16,4829.0
U64RT0UF,gtx plus basic,betasoloin,won,2017-02-14,2017-05-29,987.0
RWGSCFHR,gtx plus pro,gekko co,won,2017-02-14,2017-03-02,4246.0
GEBVQH17,gtx plus pro,iselectrics,won,2017-02-14,2017-05-06,5702.0
3OVJXUSB,mg advanced,silis,won,2017-02-14,2017-06-14,2981.0
KQPY8LLI,mg advanced,hottechi,lost,2017-02-14,2017-05-13,0.0
DC7COE9W,mg advanced,konex,won,2017-02-14,2017-05-01,2873.0
3LED0EK3,mg advanced,treequote,lost,2017-02-14,2017-05-11,0.0
SCS5H8V1,gtk 500,vehement capital partners,engaging,2017-02-14,,
81MXE1H7,mg advanced,bioholding,engaging,2017-02-14,,
G4MKT3AE,mg special,the new york inquirer,lost,2017-02-14,2017-05-07,0.0
GQ125FX0,gtx basic,gogozoom,won,2017-02-14,2017-06-03,528.0
JO52QXJ0,gtx plus basic,scottech,won,2017-02-14,2017-06-18,1199.0
PQ2VF873,gtxpro,zoomit,lost,2017-02-14,2017-03-01,0.0
N6H58J55,gtx basic,streethex,lost,2017-02-15,2017-05-13,0.0
W24IDMVV,gtx plus pro,,engaging,2017-02-15,,
WR6Q2X53,gtx plus pro,streethex,lost,2017-02-15,2017-05-08,0.0
8O1WNJBA,gtx basic,bluth company,lost,2017-02-15,2017-03-23,0.0
X1LAD57Y,gtx plus pro,ontomedia,lost,2017-02-15,2017-03-04,0.0
E2NXQUWO,mg advanced,ganjaflex,won,2017-02-15,2017-03-06,3507.0
MEZLJGRB,gtx basic,fasehatice,lost,2017-02-15,2017-05-20,0.0
M1QKPX6R,gtxpro,green plus,won,2017-02-15,2017-05-21,4542.0
X6LO8WPD,gtx basic,globex corporation,won,2017-02-15,2017-05-28,505.0
JQA8H6M5,gtx plus pro,,engaging,2017-02-15,,
92G1TO7L,gtx basic,,engaging,2017-02-15,,
S8WV5MUC,gtx plus basic,cheers,lost,2017-02-15,2017-05-07,0.0
FW2XJG9S,gtx plus basic,,engaging,2017-02-15,,
R7JI95HZ,gtxpro,sonron,lost,2017-02-15,2017-05-31,0.0
SVCKI631,gtx basic,,engaging,2017-02-15,,
VJ5QGP8Z,mg advanced,,engaging,2017-02-15,,
CVKLHZEO,gtx basic,genco pura olive oil company,won,2017-02-15,2017-05-13,455.0
8KJZJFJ1,gtx basic,initech,won,2017-02-15,2017-03-03,537.0
W560QFJL,gtx plus basic,opentech,won,2017-02-15,2017-03-04,1090.0
TA3PW6ZQ,mg advanced,stanredtax,lost,2017-02-15,2017-05-24,0.0
2DVE0XCM,mg special,genco pura olive oil company,won,2017-02-15,2017-03-17,60.0
L3UMWAX7,gtx plus basic,faxquote,lost,2017-02-15,2017-05-17,0.0
R2W96FGX,gtx basic,,engaging,2017-02-15,,
VOTOT8MK,gtx plus pro,plussunin,won,2017-02-16,2017-06-15,6509.0
Y3ULGUD8,gtx plus basic,ron tech,won,2017-02-16,2017-05-18,1079.0
7350YGG4,gtx plus basic,silis,won,2017-02-16,2017-05-29,1111.0
2J16RN99,gtxpro,mathtouch,lost,2017-02-16,2017-05-21,0.0
BRQRF65L,gtx basic,donquadtech,won,2017-02-16,2017-03-02,462.0
LB6XW39X,gtx basic,xx zobam,won,2017-02-16,2017-03-04,555.0
WS9CXY7E,gtx plus pro,conecom,won,2017-02-16,2017-03-01,6719.0
CK0MDHHM,mg advanced,faxquote,won,2017-02-16,2017-06-02,3281.0
KM1D04JS,gtx plus basic,,engaging,2017-02-16,,
RNUH1SI8,mg advanced,kan code,won,2017-02-16,2017-05-07,3398.0
BNY8MJ6L,gtx basic,labdrill,engaging,2017-02-16,,
INBGKE14,gtxpro,,engaging,2017-02-16,,
D54HETSI,gtxpro,hottechi,lost,2017-02-16,2017-05-14,0.0
JOQQZ5RH,gtx basic,domzoom,won,2017-02-16,2017-03-01,608.0
90V75MDV,gtxpro,globex corporation,lost,2017-02-16,2017-05-17,0.0
LIIBOUUQ,gtx plus basic,donquadtech,won,2017-02-16,2017-05-30,1187.0
5KK2SSSB,gtx basic,,engaging,2017-02-16,,
UDYSM42B,gtx plus pro,initech,won,2017-02-16,2017-06-22,5855.0
V3HVIJLL,gtx basic,,engaging,2017-02-16,,
F835LA4P,gtxpro,cancity,won,2017-02-17,2017-05-10,5068.0
75Q82XU7,gtx plus basic,gekko co,lost,2017-02-17,2017-06-13,0.0
AMNKCM1H,mg special,betasoloin,engaging,2017-02-17,,
2U6QQHCC,gtx plus pro,j texon,won,2017-02-17,2017-06-19,4066.0
MMKMJ0WC,gtxpro,isdom,won,2017-02-17,2017-06-07,4494.0
CZIXINO2,gtx basic,finjob,lost,2017-02-17,2017-05-04,0.0
HV7Y6184,gtxpro,nam zim,lost,2017-02-17,2017-05-28,0.0
KIHC1QJQ,gtx basic,plexzap,won,2017-02-17,2017-05-09,540.0
VBWQO6BM,mg advanced,conecom,lost,2017-02-17,2017-05-14,0.0
LTZCN1RA,mg special,domzoom,won,2017-02-17,2017-05-19,54.0
84LN84VM,mg advanced,,engaging,2017-02-17,,
YO32O3T9,gtxpro,lexiqvolax,lost,2017-02-17,2017-05-28,0.0
MU7JWTP6,mg special,,engaging,2017-02-18,,
8638OV6W,mg special,zathunicon,lost,2017-02-18,2017-05-26,0.0
TTJXSO57,gtxpro,hottechi,lost,2017-02-18,2017-05-20,0.0
K4VP5HK4,mg advanced,betasoloin,won,2017-02-18,2017-05-08,3602.0
10R46CSK,mg advanced,betatech,won,2017-02-18,2017-05-07,2904.0
VBA34LWX,gtx basic,sonron,won,2017-02-18,2017-05-31,571.0
DLJN7WG0,mg special,genco pura olive oil company,lost,2017-02-18,2017-05-30,0.0
FJCCTOPN,gtx basic,zathunicon,won,2017-02-18,2017-06-18,492.0
LR6USOHL,gtxpro,zathunicon,won,2017-02-18,2017-05-27,4545.0
5VAV2TUY,gtx plus pro,cancity,won,2017-02-18,2017-03-25,5614.0
HTD2ME9C,gtx plus pro,betatech,won,2017-02-19,2017-06-12,5370.0
GHUCMUPL,gtx basic,zencorporation,won,2017-02-19,2017-05-02,550.0
1LKY3B4X,gtx plus basic,yearin,won,2017-02-19,2017-03-02,1011.0
7Y5E0RDL,mg special,sumace,won,2017-02-19,2017-06-18,56.0
9HRMW8SL,mg special,,engaging,2017-02-19,,
BEQIZZ7W,gtx plus basic,codehow,won,2017-02-19,2017-03-04,1217.0
44F8ZE41,gtx basic,bubba gump,lost,2017-02-19,2017-05-19,0.0
YJIH415V,mg advanced,kan code,won,2017-02-19,2017-05-10,3222.0
K3DQJ796,gtx basic,bioplex,lost,2017-02-19,2017-05-14,0.0
6QF3D2RI,gtx basic,massive dynamic,lost,2017-02-19,2017-05-05,0.0
G9565UWZ,mg advanced,opentech,won,2017-02-19,2017-03-01,3348.0
RFKIN7FG,gtx basic,conecom,lost,2017-02-19,2017-05-25,0.0
WJQ8VD51,gtx basic,faxquote,engaging,2017-02-19,,
2BWZLXZ8,gtxpro,newex,won,2017-02-19,2017-03-05,4216.0
1WHXI2RW,gtx plus basic,,engaging,2017-02-19,,
G5JP0G7Q,mg advanced,,engaging,2017-02-19,,
2QHRL8CW,gtx basic,stanredtax,won,2017-02-19,2017-05-28,404.0
RFYAI0WA,gtx plus pro,initech,lost,2017-02-19,2017-06-08,0.0
WH0DJCGL,mg special,zathunicon,lost,2017-02-19,2017-06-14,0.0
LCW83256,gtxpro,sumace,won,2017-02-19,2017-03-04,5260.0
RVH3UUKY,mg advanced,,engaging,2017-02-19,,
IHFM8QXN,gtx plus basic,kan code,lost,2017-02-19,2017-03-07,0.0
QCY951QA,mg special,donquadtech,won,2017-02-19,2017-05-06,51.0
CG9VXPV1,gtx basic,,engaging,2017-02-19,,
09BVA55J,gtx basic,scotfind,won,2017-02-19,2017-06-25,598.0
2R9HXKXT,gtx plus basic,konex,lost,2017-02-20,2017-05-25,0.0
JLK8KCNN,mg special,zathunicon,won,2017-02-20,2017-05-24,42.0
SZQUBIMH,gtxpro,vehement capital partners,won,2017-02-20,2017-06-07,4689.0
8ZYVKQ27,gtx plus pro,statholdings,won,2017-02-20,2017-06-26,5154.0
25A51PWG,gtxpro,gogozoom,lost,2017-02-20,2017-05-16,0.0
4B4XCPHT,gtxpro,zencorporation,won,2017-02-20,2017-05-05,5010.0
5JFOA4XC,mg advanced,finhigh,won,2017-02-20,2017-06-14,3215.0
N5FOEJZ9,gtx basic,nam zim,lost,2017-02-20,2017-06-03,0.0
CYWZJ2AI,gtx plus basic,donquadtech,engaging,2017-02-20,,
QTNPGKJ7,gtxpro,hatfan,won,2017-02-20,2017-06-26,3169.0
EBRWSMI0,gtx plus basic,scotfind,lost,2017-02-20,2017-06-27,0.0
4PKHDQOQ,gtx plus pro,funholding,won,2017-02-20,2017-06-03,5015.0
3Y9SB2QK,gtx basic,dalttechnology,won,2017-02-20,2017-03-01,571.0
5MZ0O77T,gtxpro,bubba gump,won,2017-02-20,2017-05-16,4839.0
2EILEDKF,mg advanced,massive dynamic,won,2017-02-20,2017-03-05,3315.0
J4NX9TK5,mg special,warephase,won,2017-02-20,2017-05-24,60.0
Y7N97FW8,gtxpro,,engaging,2017-02-20,,
0IO43YMS,mg advanced,,engaging,2017-02-20,,
5ITSLO0E,gtx plus basic,treequote,won,2017-02-21,2017-03-04,999.0
6HG76L6U,gtxpro,,engaging,2017-02-21,,
QGW0TI1U,gtx basic,statholdings,lost,2017-02-21,2017-06-11,0.0
WJC5J533,gtx plus pro,finhigh,won,2017-02-21,2017-06-04,5401.0
9SLINQY5,mg advanced,newex,engaging,2017-02-21,,
1GIP77EP,gtx plus pro,,engaging,2017-02-21,,
XGLMCTLG,gtx basic,rundofase,won,2017-02-21,2017-06-18,551.0
X6RLT30X,gtx plus pro,mathtouch,lost,2017-02-21,2017-05-23,0.0
IVT0S1N1,gtx basic,faxquote,won,2017-02-21,2017-03-20,600.0
NOLCZMV6,gtxpro,goodsilron,engaging,2017-02-21,,
JEPGSQC9,gtx plus pro,bioplex,lost,2017-02-21,2017-05-05,0.0
EEDHCEVZ,mg special,the new york inquirer,lost,2017-02-22,2017-05-22,0.0
NHDTSMX2,gtxpro,sumace,won,2017-02-22,2017-03-02,4711.0
E36CR33F,mg advanced,vehement capital partners,lost,2017-02-22,2017-06-08,0.0
PNL17RE9,gtxpro,zencorporation,won,2017-02-22,2017-06-28,5133.0
B4SIVH1O,gtx basic,fasehatice,engaging,2017-02-22,,
VMEVOJVL,gtx plus pro,sumace,lost,2017-02-22,2017-05-17,0.0
5EKN0BFN,gtx plus pro,zathunicon,won,2017-02-22,2017-05-15,4848.0
R4LH95QS,gtxpro,mathtouch,won,2017-02-22,2017-03-03,4475.0
52CROFH2,gtx basic,betatech,lost,2017-02-22,2017-03-05,0.0
REDGEUCP,gtxpro,genco pura olive oil company,won,2017-02-22,2017-03-10,3763.0
6KT5HAR6,gtxpro,ron tech,won,2017-02-22,2017-03-05,5006.0
48AJ0X9E,gtxpro,toughzap,won,2017-02-22,2017-06-15,4498.0
RA1UBXY9,gtxpro,warephase,won,2017-02-22,2017-03-24,4375.0
ESZY10SI,mg advanced,,engaging,2017-02-22,,
WGI2GSKJ,gtx plus basic,j texon,lost,2017-02-22,2017-05-27,0.0
W4BNO6UL,mg advanced,fasehatice,won,2017-02-22,2017-06-04,3763.0
S50A0C2S,gtxpro,j texon,lost,2017-02-22,2017-03-14,0.0
3H80RIHV,gtx plus pro,sonron,won,2017-02-22,2017-05-10,5491.0
KATNS4R4,gtx basic,bioholding,lost,2017-02-22,2017-05-22,0.0
L5U7OT6O,gtx plus pro,y corporation,won,2017-02-22,2017-06-17,5503.0
QKVUGRN9,gtx plus basic,rangreen,lost,2017-02-22,2017-05-30,0.0
FNY6F0KF,mg special,statholdings,won,2017-02-22,2017-05-15,58.0
1W23LEWK,gtx plus basic,genco pura olive oil company,won,2017-02-22,2017-05-27,1051.0
JHJEQ1U3,gtx plus pro,conecom,won,2017-02-22,2017-03-07,5604.0
CPJAA632,mg advanced,xx zobam,won,2017-02-22,2017-05-15,3273.0
Y3CYQGPH,gtx basic,,engaging,2017-02-22,,
Q19RWR17,gtx basic,rundofase,engaging,2017-02-22,,
GVC0RLQE,gtx plus basic,scotfind,lost,2017-02-22,2017-05-11,0.0
9OLYBVNE,gtx plus basic,scotfind,won,2017-02-22,2017-06-02,1220.0
R8N49PHN,gtx plus pro,singletechno,won,2017-02-22,2017-03-02,5497.0
P5EVJUKQ,gtx plus basic,conecom,won,2017-02-23,2017-06-10,1056.0
XF4648CO,gtx basic,kan code,lost,2017-02-23,2017-06-16,0.0
24UTFDPK,gtx basic,massive dynamic,won,2017-02-23,2017-03-12,572.0
ERYLM04D,mg advanced,funholding,won,2017-02-23,2017-05-23,3668.0
6PW6ZQEE,gtx basic,,engaging,2017-02-23,,
IQ9W1X36,mg special,kinnamplus,won,2017-02-23,2017-03-02,50.0
GSR9PIF0,mg advanced,silis,won,2017-02-23,2017-05-22,3509.0
8477482V,gtxpro,gogozoom,won,2017-02-23,2017-06-28,5643.0
VFZOL6CB,mg special,dalttechnology,won,2017-02-23,2017-03-10,47.0
75ZOJ3O7,mg advanced,finjob,won,2017-02-23,2017-03-08,3312.0
1QQR82TP,gtx plus pro,goodsilron,lost,2017-02-23,2017-06-23,0.0
4E5A84H1,mg advanced,,engaging,2017-02-23,,
DR6MQSWL,gtx basic,labdrill,won,2017-02-23,2017-03-11,480.0
KAV5TU8X,mg advanced,nam zim,won,2017-02-23,2017-05-06,3208.0
UQ86UOWY,gtx basic,y corporation,lost,2017-02-23,2017-05-04,0.0
A82DG6R5,gtx plus pro,kan code,won,2017-02-23,2017-05-04,5782.0
37FKT2ZP,gtx plus pro,rangreen,won,2017-02-23,2017-05-23,5827.0
03VCDZEE,gtxpro,,engaging,2017-02-23,,
MVXB9PS5,gtx basic,newex,lost,2017-02-23,2017-06-17,0.0
M2TZSYTN,gtx basic,bioholding,won,2017-02-23,2017-06-16,516.0
KGJL5GHX,gtx plus basic,condax,won,2017-02-23,2017-06-06,956.0
IF7DSONM,mg special,stanredtax,won,2017-02-23,2017-03-15,52.0
RR4FWSVB,mg advanced,toughzap,won,2017-02-23,2017-05-11,3025.0
C5IWM5VJ,gtxpro,the new york inquirer,won,2017-02-23,2017-06-10,5618.0
9WZ3I1TF,gtxpro,umbrella corporation,won,2017-02-23,2017-05-09,4867.0
IO4GTLAB,gtx plus basic,kan code,won,2017-02-23,2017-03-14,929.0
7ONH55WT,gtx basic,,engaging,2017-02-24,,
06T2UPDG,mg special,dambase,lost,2017-02-24,2017-06-05,0.0
CMKXOOJQ,gtx basic,,engaging,2017-02-24,,
9L6ADU5C,mg advanced,xx zobam,lost,2017-02-24,2017-05-11,0.0
U185INDA,gtxpro,toughzap,won,2017-02-24,2017-05-05,5010.0
2AGLONC4,gtxpro,bluth company,won,2017-02-24,2017-05-15,5621.0
TBDUMBLA,mg advanced,iselectrics,won,2017-02-24,2017-05-02,3233.0
0AXGVKN8,mg special,acme corporation,won,2017-02-24,2017-05-28,55.0
TAPNNL1W,mg advanced,bioplex,won,2017-02-24,2017-03-07,3278.0
R9ZAKBFE,gtx plus basic,domzoom,won,2017-02-24,2017-03-10,1155.0
Y40ADYX7,mg advanced,goodsilron,won,2017-02-24,2017-03-11,3550.0
R7GVZT8J,mg advanced,stanredtax,lost,2017-02-24,2017-05-10,0.0
RSEDY99J,gtx plus basic,hottechi,won,2017-02-24,2017-06-16,1055.0
NR947OAB,gtxpro,,engaging,2017-02-24,,
LMKNU8IZ,gtxpro,,engaging,2017-02-24,,
D5NZQIWU,gtx plus basic,sonron,lost,2017-02-24,2017-06-20,0.0
Z0BGG6IJ,gtx basic,y corporation,won,2017-02-24,2017-05-05,595.0
ZCA1IRGD,mg advanced,warephase,won,2017-02-24,2017-05-06,3063.0
NPB8ZLEO,mg advanced,konex,lost,2017-02-24,2017-05-13,0.0
HJIO57TA,mg advanced,massive dynamic,won,2017-02-24,2017-06-06,3246.0
U6N053E1,gtx basic,scottech,won,2017-02-25,2017-03-02,423.0
R5RSH4JV,gtx plus pro,,engaging,2017-02-25,,
MTKCJVFO,gtx basic,initech,won,2017-02-25,2017-06-18,542.0
KIP060D0,gtxpro,ontomedia,won,2017-02-25,2017-03-08,5040.0
YOISPUC6,gtx plus basic,kan code,lost,2017-02-25,2017-05-21,0.0
2MHTTXX0,gtx plus pro,rangreen,lost,2017-02-25,2017-06-17,0.0
QU4FNKZL,gtxpro,statholdings,won,2017-02-25,2017-05-09,5423.0
GZUKDP7F,mg advanced,cancity,won,2017-02-25,2017-06-13,3295.0
S519S1EK,gtx basic,plussunin,won,2017-02-25,2017-06-02,568.0
AL554AUI,gtx basic,xx zobam,won,2017-02-25,2017-05-26,640.0
MCWDHOBT,gtxpro,plusstrip,won,2017-02-25,2017-05-19,4612.0
GDZV8N5W,gtxpro,domzoom,lost,2017-02-25,2017-05-26,0.0
X1D1HYMM,gtx plus pro,,engaging,2017-02-25,,
F4FLJ0WW,gtx plus basic,goodsilron,lost,2017-02-25,2017-05-26,0.0
P3VM7655,mg advanced,dontechi,won,2017-02-25,2017-05-06,3281.0
5QU60VGE,gtx basic,finjob,lost,2017-02-25,2017-03-12,0.0
3CLBPMYZ,gtx plus basic,labdrill,lost,2017-02-25,2017-03-08,0.0
G17JEA75,mg special,rantouch,won,2017-02-25,2017-03-11,59.0
BGU0JJ9X,gtx plus basic,scottech,won,2017-02-25,2017-06-30,1081.0
U02OIJGK,gtx plus basic,zumgoity,won,2017-02-25,2017-05-09,962.0
3N7ZXGMF,gtx plus basic,codehow,won,2017-02-25,2017-03-06,1123.0
0QHI3KG5,mg advanced,xx zobam,won,2017-02-25,2017-06-10,3075.0
0WWDVOM3,mg special,condax,won,2017-02-25,2017-05-09,50.0
QPPUCKFM,mg special,dalttechnology,won,2017-02-25,2017-03-06,47.0
VGE4M1C9,mg special,globex corporation,lost,2017-02-25,2017-03-08,0.0
56XQOTXV,gtx plus pro,betatech,won,2017-02-25,2017-05-17,4494.0
1JC9DMNJ,mg special,hottechi,lost,2017-02-25,2017-05-06,0.0
AK2LRFXF,mg special,singletechno,won,2017-02-25,2017-03-11,61.0
UCK7JRXG,mg advanced,goodsilron,won,2017-02-25,2017-05-13,3418.0
GVYF29NM,mg advanced,,engaging,2017-02-25,,
DN6SG3US,gtx plus pro,,engaging,2017-02-25,,
WM30CUBE,mg advanced,konex,won,2017-02-25,2017-06-02,3336.0
EW28ZONV,gtx plus basic,,engaging,2017-02-25,,
8DWOWB6Y,gtx basic,betatech,lost,2017-02-26,2017-03-16,0.0
BGNB966A,gtx plus pro,mathtouch,won,2017-02-26,2017-03-13,4766.0
4Q4CLZCH,mg advanced,plussunin,lost,2017-02-26,2017-06-10,0.0
YQ24IWRQ,gtx basic,ganjaflex,won,2017-02-26,2017-05-27,592.0
Z30RS0CL,gtx basic,iselectrics,lost,2017-02-26,2017-06-01,0.0
FRB34F3W,mg special,green plus,lost,2017-02-26,2017-05-24,0.0
CGEHFK9N,gtxpro,treequote,lost,2017-02-26,2017-05-29,0.0
4A189ZAB,gtxpro,dontechi,won,2017-02-26,2017-06-08,5142.0
0HELH2Q0,gtx plus basic,cheers,lost,2017-02-26,2017-05-29,0.0
9E8A7MQ8,gtx plus pro,blackzim,engaging,2017-02-26,,
HG5P21RO,mg advanced,gogozoom,lost,2017-02-26,2017-05-08,0.0
MGP9HCUL,gtx plus basic,plexzap,lost,2017-02-26,2017-06-16,0.0
HVZMZW96,gtx plus basic,,engaging,2017-02-26,,
1H1YDS7C,gtx plus basic,,engaging,2017-02-26,,
FZC2J90W,mg advanced,bluth company,engaging,2017-02-26,,
XX84TIMO,gtx plus basic,faxquote,lost,2017-02-26,2017-06-26,0.0
2JFS8EGS,mg special,nam zim,lost,2017-02-26,2017-05-03,0.0
GBMHNLRO,gtx basic,dontechi,won,2017-02-26,2017-03-15,660.0
NAVG0P26,gtx basic,rundofase,won,2017-02-26,2017-05-26,443.0
DK955UBP,mg special,codehow,lost,2017-02-26,2017-05-20,0.0
0OOZE4GN,gtx plus pro,zotware,lost,2017-02-26,2017-03-03,0.0
3P0T15VX,mg special,the new york inquirer,lost,2017-02-26,2017-05-18,0.0
GK0A4IQW,mg special,domzoom,won,2017-02-26,2017-06-18,61.0
UI3DE2C4,gtx plus basic,,engaging,2017-02-26,,
UXJSIAVS,gtx plus pro,y corporation,won,2017-02-26,2017-03-14,4846.0
KR4K652E,gtx basic,dambase,won,2017-02-27,2017-06-04,574.0
J2SR2H1Y,gtx basic,ganjaflex,lost,2017-02-27,2017-06-18,0.0
4U5VTUJL,gtxpro,sumace,lost,2017-02-27,2017-05-22,0.0
VTT447YT,gtx basic,conecom,won,2017-02-27,2017-05-03,497.0
8JJY9B08,gtx basic,xx zobam,lost,2017-02-27,2017-05-04,0.0
STTAXKIU,gtx plus pro,konex,won,2017-02-27,2017-05-30,5159.0
25FUROM1,gtx plus basic,y corporation,engaging,2017-02-27,,
PX4OW5SC,mg special,codehow,lost,2017-02-27,2017-05-02,0.0
87MEZS8G,gtxpro,conecom,won,2017-02-27,2017-05-13,4311.0
SLIWHUIM,gtx basic,ganjaflex,won,2017-02-27,2017-05-22,609.0
XBVFZ1IR,gtx plus basic,cancity,won,2017-02-27,2017-06-24,1008.0
7B3J333S,gtxpro,zumgoity,won,2017-02-27,2017-06-22,4458.0
9X2S0K15,mg advanced,,engaging,2017-02-27,,
3N9I1WH7,mg advanced,plexzap,won,2017-02-27,2017-05-26,2964.0
TMW4J6NA,gtx plus pro,lexiqvolax,lost,2017-02-27,2017-06-04,0.0
ZI1MPYF3,mg advanced,dalttechnology,won,2017-02-27,2017-06-05,3813.0
L6KOBEBZ,gtx basic,rundofase,won,2017-02-27,2017-05-27,528.0
Z2S4KUPO,gtx plus basic,rantouch,won,2017-02-27,2017-03-10,1173.0
GIW1PN4L,gtxpro,kan code,won,2017-02-27,2017-06-19,3893.0
E57F5Z2K,gtxpro,sonron,won,2017-02-27,2017-03-15,4678.0
38KKSE72,gtx basic,bioholding,won,2017-02-27,2017-06-01,530.0
0GJ586J0,mg special,sunnamplex,lost,2017-02-27,2017-03-14,0.0
4V0S4BA3,gtk 500,goodsilron,won,2017-02-27,2017-06-27,29617.0
1LTD5TKV,gtx plus basic,isdom,won,2017-02-27,2017-05-09,1028.0
VBM56CIF,mg advanced,domzoom,won,2017-02-27,2017-06-28,2863.0
XRZVJPD5,gtx plus basic,,engaging,2017-02-27,,
PDH2NPE1,mg advanced,codehow,won,2017-02-27,2017-06-28,4109.0
OV60VIBB,gtx basic,betatech,lost,2017-02-27,2017-05-08,0.0
2OAIXF3A,gtx plus basic,kan code,won,2017-02-27,2017-03-13,1106.0
QDGUWTLU,mg special,,engaging,2017-02-27,,
FBSEA94D,mg special,bubba gump,won,2017-02-27,2017-06-30,53.0
EOB01PRO,mg special,globex corporation,won,2017-02-27,2017-05-14,47.0
5QC9H4C2,mg advanced,kan code,won,2017-02-27,2017-05-23,3749.0
3HGQ3BOY,mg advanced,ontomedia,won,2017-02-27,2017-05-27,4204.0
CO6ZPH1W,mg advanced,umbrella corporation,won,2017-02-28,2017-06-15,3986.0
M3WTE943,gtxpro,donquadtech,won,2017-02-28,2017-06-05,5105.0
X914SMX7,gtx basic,genco pura olive oil company,won,2017-02-28,2017-06-22,516.0
1MCE2AOV,gtxpro,rundofase,won,2017-02-28,2017-06-02,4407.0
8061HKKB,mg advanced,zathunicon,won,2017-02-28,2017-06-19,3087.0
T1HIH384,gtx plus pro,inity,won,2017-02-28,2017-05-15,5331.0
FM2NX2GB,mg advanced,condax,won,2017-02-28,2017-05-05,4069.0
JSZZN48S,gtx plus pro,,engaging,2017-02-28,,
SJ45HNHM,gtx basic,hatfan,won,2017-02-28,2017-06-29,463.0
NYGZJYCJ,gtx plus pro,faxquote,won,2017-02-28,2017-05-26,5625.0
6MMFIIGE,gtx basic,rundofase,won,2017-02-28,2017-06-15,524.0
IJ817GQJ,gtx basic,cheers,lost,2017-02-28,2017-05-12,0.0
F2B62IW4,mg special,bioplex,engaging,2017-02-28,,
PCRRS6JP,mg special,genco pura olive oil company,lost,2017-02-28,2017-05-28,0.0
NKL5SWX3,gtx plus basic,zencorporation,won,2017-02-28,2017-06-01,1161.0
WVG1CIHX,gtx plus pro,mathtouch,won,2017-02-28,2017-06-03,6046.0
7GRNFO6D,mg special,dontechi,won,2017-02-28,2017-05-18,49.0
G0QKNVIJ,mg special,conecom,won,2017-03-01,2017-05-28,51.0
6HRIX06M,mg advanced,hottechi,won,2017-03-01,2017-06-26,3415.0
DEHQTB8B,mg special,kinnamplus,engaging,2017-03-01,,
AM5YTMH3,gtx plus basic,kan code,won,2017-03-01,2017-03-10,1053.0
2L5ZWLI7,gtx plus basic,betasoloin,lost,2017-03-01,2017-05-25,0.0
6B6Q8C5S,gtxpro,donquadtech,won,2017-03-01,2017-03-15,5068.0
DF4KYH5H,gtxpro,massive dynamic,won,2017-03-01,2017-06-30,4256.0
KVR52YDI,gtxpro,,engaging,2017-03-01,,
JTDV6H65,mg advanced,treequote,lost,2017-03-01,2017-05-08,0.0
O8JF46GT,gtx basic,genco pura olive oil company,won,2017-03-01,2017-03-12,657.0
RK5Y67V6,mg special,stanredtax,won,2017-03-01,2017-03-08,60.0
COWOZH43,gtx basic,opentech,lost,2017-03-01,2017-05-29,0.0
DGIYD342,gtx plus pro,hottechi,lost,2017-03-01,2017-05-10,0.0
JSSGVBVS,gtx basic,silis,lost,2017-03-01,2017-05-05,0.0
V28NVD6A,gtx basic,plussunin,won,2017-03-01,2017-05-01,629.0
I1IAVDQM,mg advanced,hottechi,lost,2017-03-01,2017-05-23,0.0
4MC584U5,mg advanced,treequote,won,2017-03-01,2017-06-02,4082.0
MCYLHUCZ,gtx plus basic,rundofase,won,2017-03-01,2017-05-31,1044.0
5E4DTWHV,mg advanced,inity,lost,2017-03-01,2017-06-11,0.0
1VUBYV53,gtx plus basic,rantouch,won,2017-03-01,2017-03-21,1025.0
W03CXYET,gtx basic,streethex,won,2017-03-01,2017-06-17,465.0
LZVFFQLN,mg special,konmatfix,won,2017-03-01,2017-06-14,50.0
MFV0C5RN,gtx plus pro,vehement capital partners,won,2017-03-01,2017-03-09,5548.0
A1WZEK7U,mg advanced,kan code,won,2017-03-01,2017-06-03,3558.0
516FJUNB,mg advanced,singletechno,won,2017-03-01,2017-03-07,3959.0
PE8DK02A,mg special,ron tech,won,2017-03-01,2017-03-17,49.0
10NTPQUY,mg special,warephase,won,2017-03-01,2017-06-16,50.0
X2EXSMPR,gtx basic,xx holding,won,2017-03-01,2017-03-08,523.0
JCFQVIEG,gtx plus basic,zoomit,won,2017-03-01,2017-06-01,1086.0
XIWKGJOW,gtxpro,goodsilron,won,2017-03-01,2017-03-09,4445.0
STT3X4NB,gtx basic,xx holding,engaging,2017-03-01,,
DHGLWIDZ,gtxpro,umbrella corporation,won,2017-03-01,2017-06-24,4756.0
74VGCEEW,mg special,gekko co,won,2017-03-01,2017-06-19,67.0
MXTAIS4Q,mg advanced,iselectrics,won,2017-03-01,2017-06-09,3783.0
XRDF1NAB,gtxpro,,engaging,2017-03-01,,
YP8QKKEZ,gtx basic,doncon,lost,2017-03-01,2017-05-31,0.0
3TSOEM5K,gtx plus pro,rantouch,lost,2017-03-01,2017-06-27,0.0
G7RCJBVL,mg advanced,dontechi,lost,2017-03-02,2017-05-31,0.0
G20IQSA3,gtx basic,conecom,won,2017-03-02,2017-03-12,522.0
Q16BQCEL,gtx plus basic,kinnamplus,won,2017-03-02,2017-03-18,1001.0
9924I5ZF,gtx plus pro,betatech,won,2017-03-02,2017-05-25,5728.0
SLLJT3T1,gtx plus pro,codehow,won,2017-03-02,2017-06-19,4856.0
AAEUN73V,gtxpro,cancity,won,2017-03-02,2017-05-26,5570.0
32LY2D1K,mg advanced,conecom,won,2017-03-02,2017-05-26,3647.0
S2UWELRW,gtx basic,mathtouch,won,2017-03-02,2017-06-11,487.0
5VQRLIEZ,gtx plus basic,donquadtech,won,2017-03-02,2017-06-12,1166.0
WUNMIJW9,mg advanced,,engaging,2017-03-02,,
6U0CT07B,gtx basic,scottech,won,2017-03-02,2017-06-06,595.0
DFN1V29L,mg special,condax,won,2017-03-02,2017-06-04,49.0
VBZ862OS,gtx basic,xx holding,won,2017-03-02,2017-03-19,599.0
VFKKSJT2,gtxpro,kan code,won,2017-03-02,2017-05-15,4506.0
FJMFXCTD,gtxpro,sunnamplex,won,2017-03-02,2017-05-06,4512.0
LGLIB8TR,gtx basic,gogozoom,lost,2017-03-02,2017-05-01,0.0
JREGYB42,gtx plus basic,nam zim,won,2017-03-02,2017-05-06,1102.0
4V9NMGEA,gtx basic,,engaging,2017-03-02,,
9PWM6RYC,gtx basic,rantouch,lost,2017-03-02,2017-06-10,0.0
EMUA57Q2,mg special,condax,won,2017-03-02,2017-05-12,54.0
DB3N4CHN,mg special,hottechi,won,2017-03-02,2017-03-17,62.0
4CXUC4VR,gtx basic,rantouch,engaging,2017-03-02,,
79EHWR35,gtx basic,,engaging,2017-03-02,,
L0GMLGRR,mg special,,engaging,2017-03-02,,
OF7GY5F4,mg special,the new york inquirer,won,2017-03-02,2017-03-09,61.0
D3ZC338T,gtx basic,,engaging,2017-03-02,,
CVFJUYPM,gtxpro,singletechno,lost,2017-03-02,2017-05-23,0.0
L5807I4N,gtxpro,labdrill,won,2017-03-02,2017-03-16,4277.0
Q1ZKBGV5,mg special,globex corporation,won,2017-03-03,2017-05-23,46.0
9JKODCAU,mg special,rundofase,won,2017-03-03,2017-06-22,54.0
LELWKXDX,gtx plus pro,donquadtech,won,2017-03-03,2017-06-08,6173.0
QRQ8C6MQ,gtxpro,globex corporation,engaging,2017-03-03,,
DA95Q0VE,mg advanced,ganjaflex,lost,2017-03-03,2017-03-21,0.0
5HMZH1Z9,gtxpro,sumace,lost,2017-03-03,2017-06-11,0.0
05QMFSF0,gtxpro,toughzap,lost,2017-03-03,2017-05-16,0.0
JE245P8R,gtx plus basic,konmatfix,won,2017-03-03,2017-05-28,1149.0
SFQMEZIW,gtx basic,silis,lost,2017-03-03,2017-05-04,0.0
B8RR21XP,gtx plus basic,dontechi,lost,2017-03-03,2017-03-16,0.0
ZG8WPG99,gtxpro,,engaging,2017-03-03,,
U85VV1BU,gtx basic,goodsilron,won,2017-03-03,2017-05-22,568.0
V6HB68BL,gtx basic,j texon,won,2017-03-03,2017-05-30,567.0
H9JPB7GW,gtx basic,genco pura olive oil company,won,2017-03-03,2017-03-09,542.0
8LFNU39A,gtx basic,conecom,lost,2017-03-03,2017-05-28,0.0
SWPTTVQZ,gtx plus basic,funholding,won,2017-03-03,2017-03-16,1062.0
GKJLM1UR,gtx plus basic,fasehatice,won,2017-03-03,2017-03-13,1057.0
8L1ZHTPL,gtx plus basic,globex corporation,won,2017-03-03,2017-06-01,1020.0
U7M26UZV,mg special,,engaging,2017-03-03,,
TV300INP,gtx plus pro,,engaging,2017-03-03,,
KBQ16F1I,gtx basic,,engaging,2017-03-03,,
4XX690SP,gtx basic,green plus,won,2017-03-03,2017-05-11,535.0
JSDGELLK,gtx basic,codehow,won,2017-03-04,2017-06-13,522.0
LV1754PS,gtx basic,rangreen,won,2017-03-04,2017-05-14,544.0
JIYYV11P,mg advanced,genco pura olive oil company,won,2017-03-04,2017-06-07,3081.0
FYN7C0CV,mg advanced,,engaging,2017-03-04,,
6TB7XA83,mg special,dambase,won,2017-03-04,2017-05-18,51.0
U5UM9W8V,gtx plus basic,zencorporation,lost,2017-03-04,2017-05-09,0.0
5JDWBOLS,gtx basic,,engaging,2017-03-04,,
POB32WHJ,gtx plus basic,acme corporation,lost,2017-03-04,2017-05-06,0.0
4T8KR12S,gtx plus basic,streethex,won,2017-03-04,2017-03-20,1076.0
JA0D4V57,mg advanced,y corporation,won,2017-03-04,2017-05-09,3685.0
6CKB8I8U,gtx plus basic,hottechi,lost,2017-03-04,2017-05-13,0.0
HKBAON9X,gtxpro,golddex,won,2017-03-04,2017-05-18,3997.0
7S1N6QHI,mg special,y corporation,won,2017-03-04,2017-03-18,51.0
CHI2T3IH,mg advanced,sunnamplex,won,2017-03-04,2017-03-21,3164.0
X7HK448T,gtx basic,funholding,won,2017-03-04,2017-06-22,496.0
1YYN3PBU,mg advanced,faxquote,lost,2017-03-04,2017-05-13,0.0
R4L36Y0P,gtx basic,stanredtax,won,2017-03-04,2017-03-26,579.0
CPTEPYPZ,gtx basic,xx holding,lost,2017-03-04,2017-05-20,0.0
AJJ7VJWA,gtxpro,bioholding,lost,2017-03-04,2017-05-02,0.0
8BR6E4S6,gtxpro,treequote,lost,2017-03-04,2017-05-27,0.0
YNKWBEEN,gtx basic,kan code,won,2017-03-04,2017-06-27,521.0
SARVIBLS,mg advanced,gekko co,won,2017-03-04,2017-03-07,3889.0
M4ZNQTEQ,mg advanced,plussunin,won,2017-03-04,2017-03-12,3340.0
K0GWTWYL,mg special,finhigh,lost,2017-03-04,2017-03-20,0.0
TCSQO748,gtxpro,cheers,lost,2017-03-04,2017-05-11,0.0
7TI1WTV9,gtxpro,acme corporation,engaging,2017-03-04,,
01EH41WA,gtxpro,,engaging,2017-03-04,,
ITCY8YV0,gtxpro,blackzim,won,2017-03-04,2017-06-11,5876.0
SAUAOZVO,gtx plus pro,toughzap,won,2017-03-05,2017-05-29,5092.0
1XHLB0Q5,gtx plus basic,massive dynamic,lost,2017-03-05,2017-05-09,0.0
71GQNH5T,mg advanced,,engaging,2017-03-05,,
LSA39JBG,gtx basic,,engaging,2017-03-05,,
OJVA8ZEK,gtx plus basic,acme corporation,won,2017-03-05,2017-06-08,966.0
UAX3F7D4,gtx plus pro,opentech,won,2017-03-05,2017-03-21,6024.0
7PDUWDGT,mg advanced,condax,won,2017-03-05,2017-03-14,3759.0
QWJ2TRQM,gtxpro,streethex,lost,2017-03-05,2017-05-24,0.0
3AU5SZ3V,gtxpro,donquadtech,won,2017-03-05,2017-03-23,4443.0
BVOO33UA,mg advanced,cheers,won,2017-03-05,2017-06-28,3397.0
SC7XGQVA,gtx plus pro,singletechno,lost,2017-03-05,2017-03-15,0.0
UY45Y7AM,mg special,sunnamplex,lost,2017-03-05,2017-05-14,0.0
M92Y63Q3,mg special,domzoom,won,2017-03-05,2017-05-05,59.0
AKTPC3M1,gtx basic,,engaging,2017-03-05,,
JXAYTFNI,gtx basic,cancity,lost,2017-03-05,2017-05-12,0.0
BMM5D5R4,gtx basic,dambase,lost,2017-03-05,2017-05-21,0.0
PSGTTYUT,gtx basic,rangreen,won,2017-03-05,2017-06-06,494.0
JRC2PMKX,gtx plus basic,codehow,won,2017-03-05,2017-05-16,1060.0
JA5G7YBO,mg special,blackzim,engaging,2017-03-05,,
6M5LV1ZE,mg special,scottech,lost,2017-03-05,2017-05-26,0.0
CZ8PPZTC,mg special,bioplex,engaging,2017-03-05,,
IBZQBCSU,mg special,vehement capital partners,lost,2017-03-05,2017-05-19,0.0
YABTM1G5,gtx basic,domzoom,lost,2017-03-05,2017-05-30,0.0
FPTH6URQ,gtx basic,faxquote,won,2017-03-05,2017-05-11,624.0
S3XE14XP,gtx basic,goodsilron,won,2017-03-05,2017-05-08,565.0
U6Q0T9KV,gtx basic,konex,won,2017-03-05,2017-06-14,642.0
YQ0Y0YQS,mg advanced,newex,engaging,2017-03-05,,
HRWHRCH8,mg special,betasoloin,won,2017-03-05,2017-03-14,48.0
8B29CRQL,mg special,donware,won,2017-03-05,2017-05-19,60.0
3KM8WN7L,gtx basic,kan code,won,2017-03-06,2017-05-18,522.0
5Z8S8UHK,gtx basic,,engaging,2017-03-06,,
S0XILDHQ,gtx plus pro,umbrella corporation,won,2017-03-06,2017-03-18,4701.0
ZVR3CS7N,gtx plus pro,scottech,lost,2017-03-06,2017-05-20,0.0
AZH0INTS,gtxpro,singletechno,won,2017-03-06,2017-03-13,4987.0
9AMJKJX6,gtx basic,inity,won,2017-03-06,2017-05-31,579.0
NMKAJZJ4,mg special,,engaging,2017-03-06,,
3NQBMKOK,gtx basic,kan code,won,2017-03-06,2017-06-29,494.0
VBG91TQH,gtx basic,isdom,won,2017-03-06,2017-06-11,545.0
QZE24X2H,gtx basic,y corporation,won,2017-03-06,2017-06-01,584.0
WSPBQ5YR,mg advanced,dambase,won,2017-03-06,2017-06-09,3714.0
YJJ1BLPQ,mg advanced,finhigh,won,2017-03-06,2017-05-15,3423.0
XUGTSB00,mg advanced,ron tech,won,2017-03-06,2017-03-19,3167.0
3DKK3JF3,gtx basic,acme corporation,lost,2017-03-06,2017-05-29,0.0
I0TSIELX,gtx plus basic,xx holding,won,2017-03-06,2017-05-29,987.0
SX0SSL0H,gtx plus basic,,engaging,2017-03-06,,
420PORSF,mg advanced,konex,lost,2017-03-06,2017-06-06,0.0
DVCPCBMJ,mg advanced,domzoom,lost,2017-03-06,2017-05-21,0.0
UMZ986GC,mg advanced,dontechi,won,2017-03-06,2017-05-24,3428.0
I7BWM5O0,mg special,warephase,engaging,2017-03-06,,
UPQRP36U,mg special,gekko co,lost,2017-03-06,2017-05-22,0.0
RZI9HX5X,gtx plus basic,hottechi,won,2017-03-06,2017-05-31,1149.0
WFJPWN9O,gtx plus pro,globex corporation,won,2017-03-07,2017-06-11,6023.0
6F79VYH8,gtx basic,,engaging,2017-03-07,,
ZQ4QTT1Z,gtx plus basic,,engaging,2017-03-07,,
2WH4NUR9,gtx basic,bluth company,lost,2017-03-07,2017-06-04,0.0
S93L97VV,mg special,scottech,won,2017-03-07,2017-03-17,47.0
HRU8FNE1,gtx basic,donquadtech,won,2017-03-07,2017-03-10,542.0
JDFN8AZI,gtxpro,xx zobam,won,2017-03-07,2017-03-16,4980.0
11EK1VP7,gtxpro,funholding,won,2017-03-07,2017-05-28,4978.0
50HQRWGJ,gtxpro,vehement capital partners,won,2017-03-07,2017-06-10,5256.0
N90VSHI2,gtxpro,hottechi,won,2017-03-07,2017-06-07,4327.0
21PRD9FN,gtxpro,donware,won,2017-03-07,2017-05-15,5022.0
ITIQJARB,gtx plus pro,bioholding,won,2017-03-07,2017-03-11,4887.0
EAUV9J9L,mg advanced,stanredtax,won,2017-03-07,2017-03-21,3724.0
9A4H9IAC,gtx plus basic,,engaging,2017-03-07,,
XWEZ1WNK,gtx basic,y corporation,won,2017-03-07,2017-03-11,535.0
ZTLLHCBU,gtx basic,dontechi,engaging,2017-03-07,,
JTSUYWUD,gtx plus pro,blackzim,lost,2017-03-07,2017-05-24,0.0
CJ5U6GX3,mg advanced,singletechno,won,2017-03-07,2017-03-15,3969.0
SLYFFVBE,gtx plus basic,blackzim,engaging,2017-03-07,,
HDUV7VJN,gtx plus pro,toughzap,won,2017-03-07,2017-03-13,6805.0
5OCY2XME,gtx plus basic,isdom,won,2017-03-07,2017-06-12,1190.0
1YB00UYY,gtx plus pro,condax,won,2017-03-07,2017-05-29,4821.0
NCMT5KK3,gtx basic,dalttechnology,engaging,2017-03-07,,
Y23HQJRG,mg special,kinnamplus,won,2017-03-07,2017-05-06,53.0
81FNO0VM,gtx plus basic,,engaging,2017-03-07,,
RFQP9VCW,mg advanced,,engaging,2017-03-07,,
NGCM47PC,gtxpro,,engaging,2017-03-07,,
9HXSC391,mg advanced,vehement capital partners,won,2017-03-08,2017-05-22,3087.0
ENOMNCOJ,mg special,bioholding,won,2017-03-08,2017-06-03,59.0
CG4TWLUR,gtx plus basic,bubba gump,won,2017-03-08,2017-06-02,857.0
0FIG6ZP2,gtx plus basic,massive dynamic,won,2017-03-08,2017-06-27,1142.0
IA62KQBO,gtx basic,ganjaflex,won,2017-03-08,2017-05-14,566.0
C54ZXDLT,mg advanced,xx zobam,won,2017-03-08,2017-03-18,4291.0
X96MMTCI,gtx plus basic,rantouch,won,2017-03-08,2017-06-16,1039.0
P4RDU8QM,mg advanced,xx holding,won,2017-03-08,2017-05-19,3151.0
7C9Q2ZA3,gtx basic,gogozoom,won,2017-03-08,2017-03-24,590.0
YZ1EYM3Y,mg advanced,ron tech,won,2017-03-08,2017-03-18,3217.0
M7J5BV9Q,gtx basic,zoomit,won,2017-03-08,2017-03-11,597.0
MDRX39D8,gtxpro,newex,won,2017-03-08,2017-05-11,4918.0
7GRFWF1U,gtxpro,scotfind,won,2017-03-08,2017-03-19,5266.0
EHP6OQ69,mg advanced,finhigh,lost,2017-03-08,2017-05-14,0.0
JDXSS1HT,gtx basic,silis,engaging,2017-03-08,,
4R1NMA9E,gtx basic,singletechno,lost,2017-03-08,2017-05-17,0.0
CDA8Y12G,mg special,blackzim,won,2017-03-08,2017-05-07,61.0
RYLLRATF,mg advanced,faxquote,won,2017-03-08,2017-05-31,3470.0
KEF5O2Q6,gtx basic,betatech,lost,2017-03-08,2017-06-26,0.0
Y38ULZPM,mg special,newex,won,2017-03-08,2017-05-28,48.0
YFP8IZ98,mg special,acme corporation,won,2017-03-08,2017-06-22,61.0
U9CDTLZM,mg special,blackzim,lost,2017-03-08,2017-05-26,0.0
V5AN4BZF,gtx basic,silis,lost,2017-03-08,2017-05-29,0.0
58J6HCYK,gtx basic,y corporation,lost,2017-03-08,2017-06-05,0.0
GDGR4C37,gtx plus basic,plusstrip,lost,2017-03-08,2017-05-27,0.0
COOYICXU,gtx basic,inity,lost,2017-03-09,2017-05-22,0.0
UALNIVAY,gtx plus pro,hottechi,lost,2017-03-09,2017-05-11,0.0
E5UW8AGQ,gtx basic,streethex,won,2017-03-09,2017-06-11,595.0
EWA9JFBA,mg special,zumgoity,won,2017-03-09,2017-06-01,51.0
99DK6OHX,mg special,opentech,lost,2017-03-09,2017-06-08,0.0
MK57PHV1,gtxpro,kan code,won,2017-03-09,2017-05-25,4624.0
T1F2I8ED,gtx plus basic,,engaging,2017-03-09,,
26CH1NDR,gtx basic,mathtouch,engaging,2017-03-09,,
ISAWVDYZ,gtx basic,,engaging,2017-03-09,,
ZGZSYIJV,gtx plus basic,finhigh,lost,2017-03-09,2017-05-15,0.0
6LI7FXQT,mg special,bioholding,lost,2017-03-09,2017-05-28,0.0
D01U0UR8,gtx basic,funholding,won,2017-03-09,2017-06-17,571.0
9LFX3HBC,mg advanced,lexiqvolax,won,2017-03-09,2017-03-25,3333.0
JP3IMU5X,gtx plus pro,isdom,won,2017-03-09,2017-05-16,4853.0
5I8WOI8P,mg special,toughzap,won,2017-03-09,2017-06-08,51.0
LJBQ7P0V,mg special,zotware,engaging,2017-03-09,,
ZRYPU2QW,mg advanced,,engaging,2017-03-09,,
7C9BUYV0,gtx basic,cheers,lost,2017-03-09,2017-05-23,0.0
GMVW87C4,gtxpro,cheers,won,2017-03-09,2017-06-17,5035.0
NY9ARKRE,mg special,codehow,won,2017-03-09,2017-06-01,51.0
XO3XXR9X,gtxpro,dalttechnology,won,2017-03-09,2017-06-09,4342.0
8QBIFURM,mg advanced,codehow,lost,2017-03-09,2017-03-13,0.0
0A1LN7GB,mg special,,engaging,2017-03-09,,
ZWAJWK40,mg special,vehement capital partners,won,2017-03-09,2017-06-22,48.0
WQ0C723A,gtx plus pro,kan code,won,2017-03-09,2017-05-18,5215.0
RCQ32MXL,gtx plus basic,streethex,lost,2017-03-10,2017-05-12,0.0
396WP6JS,mg special,gogozoom,won,2017-03-10,2017-03-19,58.0
57689GK9,mg advanced,finhigh,won,2017-03-10,2017-03-20,3587.0
S2WDGIHL,mg advanced,warephase,won,2017-03-10,2017-05-29,2915.0
8VG88HMH,gtxpro,konex,won,2017-03-10,2017-06-28,4762.0
TF7HCU69,gtx plus basic,gekko co,won,2017-03-10,2017-06-12,1062.0
0EX7ML4W,gtx plus pro,finhigh,lost,2017-03-10,2017-05-10,0.0
1B27CZ2M,gtx plus pro,,engaging,2017-03-10,,
839AMI93,gtx basic,,engaging,2017-03-10,,
BFGASJAW,gtx basic,,engaging,2017-03-10,,
5BSHJG7W,gtx basic,kan code,lost,2017-03-10,2017-05-30,0.0
HW38EMKM,gtx plus pro,kan code,lost,2017-03-10,2017-03-20,0.0
5XPYFICK,mg special,inity,engaging,2017-03-10,,
B5QCN9H7,mg special,massive dynamic,lost,2017-03-10,2017-05-29,0.0
X7M4GO0J,gtx plus basic,zencorporation,won,2017-03-10,2017-06-28,1074.0
JYI35PPE,mg special,newex,lost,2017-03-10,2017-05-05,0.0
6XHE52MV,mg special,inity,lost,2017-03-11,2017-05-30,0.0
0YN6EALP,mg special,scottech,won,2017-03-11,2017-03-17,57.0
A4LUP6W6,gtx basic,zotware,won,2017-03-11,2017-05-22,586.0
KUK2H5MD,gtx plus basic,rundofase,won,2017-03-11,2017-06-13,1184.0
HTW9348H,gtx basic,silis,lost,2017-03-11,2017-05-19,0.0
ILR33OAV,mg advanced,,engaging,2017-03-11,,
A6CE8BHR,gtx plus basic,lexiqvolax,lost,2017-03-11,2017-06-08,0.0
UI1UION3,gtx basic,j texon,won,2017-03-11,2017-06-10,526.0
ZPX96Q40,gtx plus pro,condax,won,2017-03-11,2017-06-12,5344.0
I0CYLPNE,gtxpro,konex,won,2017-03-11,2017-05-22,4125.0
FGH181PC,gtx basic,dalttechnology,won,2017-03-11,2017-06-06,528.0
8OBC9CQE,mg advanced,singletechno,won,2017-03-11,2017-03-26,3254.0
G3KFZ8KX,gtxpro,green plus,lost,2017-03-11,2017-05-07,0.0
2Y84YR3K,gtx basic,j texon,won,2017-03-11,2017-05-24,516.0
97QHOOWD,gtx basic,y corporation,won,2017-03-11,2017-03-27,538.0
YL7XWUYO,gtx basic,codehow,won,2017-03-11,2017-06-17,459.0
VO8TFB31,gtx basic,cheers,lost,2017-03-11,2017-06-26,0.0
Q949MQ5W,gtxpro,sunnamplex,won,2017-03-11,2017-05-22,5137.0
HZU0L5GS,mg advanced,konmatfix,won,2017-03-11,2017-06-04,3330.0
8RF8XVYF,gtx basic,conecom,won,2017-03-11,2017-05-10,589.0
ZILYYA1V,mg special,goodsilron,won,2017-03-11,2017-03-30,45.0
BY2L60V1,mg special,,engaging,2017-03-11,,
NH0WGTR4,mg special,funholding,lost,2017-03-12,2017-05-25,0.0
73HO9OZC,gtx basic,finjob,engaging,2017-03-12,,
WBJX6O2D,gtx plus pro,opentech,won,2017-03-12,2017-06-11,5664.0
1IHNDN80,mg advanced,streethex,lost,2017-03-12,2017-05-02,0.0
T14K7M5G,gtx plus basic,initech,won,2017-03-12,2017-06-11,1074.0
XPP2Q5WQ,gtx plus basic,globex corporation,lost,2017-03-12,2017-05-02,0.0
FM4LX5O0,gtxpro,treequote,lost,2017-03-12,2017-05-26,0.0
HG07756D,gtx basic,finjob,won,2017-03-12,2017-03-31,481.0
E7YSM99K,gtx plus basic,labdrill,won,2017-03-12,2017-06-02,1101.0
4D1FP59D,gtx basic,warephase,won,2017-03-12,2017-06-23,522.0
3E4VTH6E,mg special,hatfan,engaging,2017-03-12,,
TK29F68V,mg special,y corporation,won,2017-03-12,2017-06-13,49.0
QHJ3W8FW,gtxpro,,engaging,2017-03-12,,
N3H82NHO,gtxpro,newex,won,2017-03-12,2017-06-02,4865.0
GTANESSU,gtx plus basic,isdom,won,2017-03-12,2017-05-22,991.0
LA0O6BHX,gtx plus pro,dontechi,won,2017-03-12,2017-05-27,4509.0
RRKQ0P07,gtxpro,nam zim,won,2017-03-12,2017-05-03,5169.0
J4V3VKQ5,gtx basic,sonron,won,2017-03-12,2017-03-27,491.0
17U8549G,gtxpro,labdrill,won,2017-03-12,2017-06-15,4281.0
G281LUYF,gtx plus basic,finhigh,lost,2017-03-12,2017-05-08,0.0
4NAK1XFV,mg special,umbrella corporation,lost,2017-03-12,2017-05-18,0.0
Y34MVXP3,mg advanced,kinnamplus,won,2017-03-12,2017-06-27,3443.0
N8G3G1UF,mg special,gogozoom,won,2017-03-12,2017-05-29,60.0
SDXZB8MC,mg special,hottechi,won,2017-03-12,2017-06-20,53.0
PFUE2JYB,mg special,finjob,won,2017-03-12,2017-05-26,56.0
4A8SFEJ2,gtx basic,scotfind,won,2017-03-12,2017-03-17,665.0
HEG8WPQF,gtx plus basic,inity,won,2017-03-13,2017-05-09,1140.0
0FST40LV,mg special,streethex,won,2017-03-13,2017-05-25,52.0
I7WERQ6B,mg special,warephase,won,2017-03-13,2017-06-08,52.0
T7UYHDUN,gtx plus pro,donquadtech,lost,2017-03-13,2017-03-24,0.0
Y28VHZKQ,mg advanced,,engaging,2017-03-13,,
V0EIMVES,gtx plus pro,konmatfix,won,2017-03-13,2017-05-13,5121.0
DL4SZAGH,mg advanced,rundofase,won,2017-03-13,2017-03-31,3611.0
RVIU1YQ8,mg special,massive dynamic,won,2017-03-13,2017-03-24,50.0
ZNSWDHTJ,gtx basic,rundofase,won,2017-03-13,2017-05-15,618.0
A2G8VYZY,gtx plus basic,globex corporation,won,2017-03-13,2017-03-17,1247.0
F5I33E1I,mg special,sumace,engaging,2017-03-13,,
Y9B94N72,mg special,donware,won,2017-03-13,2017-05-03,55.0
34MBPHRL,gtx plus basic,singletechno,won,2017-03-13,2017-06-17,1157.0
K73K8IQ3,gtx basic,hottechi,won,2017-03-13,2017-05-22,537.0
8L5WBK75,gtxpro,dalttechnology,won,2017-03-13,2017-03-30,4955.0
Z1RN8D42,gtxpro,singletechno,won,2017-03-13,2017-06-02,5606.0
4IT33RBO,gtx basic,,engaging,2017-03-13,,
JV1NCDKP,mg special,isdom,won,2017-03-13,2017-05-11,57.0
ECCVMNUZ,mg special,sunnamplex,won,2017-03-13,2017-05-20,66.0
A3GVFKYP,gtxpro,dalttechnology,won,2017-03-13,2017-06-27,5113.0
COTHR6F7,gtxpro,sunnamplex,won,2017-03-13,2017-05-22,4595.0
7VKQWIXD,gtx plus basic,,engaging,2017-03-14,,
3OAEEV0S,mg advanced,gekko co,won,2017-03-14,2017-03-21,3503.0
RTH5O6ZW,mg advanced,mathtouch,won,2017-03-14,2017-06-13,3600.0
V74O6XQT,gtxpro,,engaging,2017-03-14,,
GH6U8WWN,gtx basic,massive dynamic,won,2017-03-14,2017-03-19,425.0
GVNI96XB,gtxpro,dontechi,won,2017-03-14,2017-06-20,4565.0
KC324LPK,gtxpro,ron tech,won,2017-03-14,2017-05-22,4754.0
2Y2R082L,mg special,dambase,won,2017-03-14,2017-05-06,62.0
HALGOQ5D,gtxpro,betasoloin,won,2017-03-14,2017-05-30,4688.0
1R38Y0C1,mg advanced,golddex,won,2017-03-14,2017-03-20,3386.0
3QQW8VJ2,gtxpro,xx zobam,won,2017-03-14,2017-06-06,3869.0
8JS4BWQ7,gtx basic,streethex,won,2017-03-14,2017-03-24,615.0
78TOITP2,mg special,finhigh,won,2017-03-14,2017-05-18,55.0
MRCYKUX4,mg advanced,,engaging,2017-03-14,,
3PVNGGBX,gtx basic,the new york inquirer,engaging,2017-03-14,,
MN6E59H6,gtx plus pro,,engaging,2017-03-14,,
BSA76OL5,gtx basic,isdom,lost,2017-03-14,2017-05-17,0.0
YHNBSXPN,gtx plus basic,hatfan,won,2017-03-14,2017-03-25,1019.0
TW6D3KT4,mg advanced,blackzim,won,2017-03-14,2017-05-12,2798.0
Z8RI8RLU,gtx basic,streethex,won,2017-03-14,2017-06-03,502.0
FT0L8HZZ,mg advanced,isdom,won,2017-03-14,2017-03-16,3323.0
AW0GW33Q,gtx plus basic,condax,lost,2017-03-14,2017-06-11,0.0
IJLPV177,mg special,nam zim,lost,2017-03-14,2017-03-30,0.0
9UVKASFY,gtx plus pro,nam zim,lost,2017-03-14,2017-05-27,0.0
KKSMEP2A,mg advanced,finjob,lost,2017-03-14,2017-06-21,0.0
E96ZTKHC,gtx basic,scotfind,won,2017-03-14,2017-03-17,542.0
RZ08GKZY,gtxpro,faxquote,won,2017-03-14,2017-05-22,5172.0
EK0ZZHKT,mg advanced,massive dynamic,lost,2017-03-15,2017-06-24,0.0
9U6RAS0M,gtx basic,umbrella corporation,won,2017-03-15,2017-03-31,538.0
3S31RHE5,gtxpro,betasoloin,won,2017-03-15,2017-05-18,4497.0
GOM8T4Y4,gtx plus basic,codehow,won,2017-03-15,2017-05-09,1178.0
7Z5AVSH6,gtxpro,treequote,won,2017-03-15,2017-06-21,4969.0
E7OPE1O8,mg special,rangreen,won,2017-03-15,2017-03-20,60.0
647E6ED0,mg advanced,dontechi,won,2017-03-15,2017-06-05,2875.0
V4XHHFO3,gtx basic,blackzim,engaging,2017-03-15,,
PEX6S873,gtk 500,cheers,lost,2017-03-15,2017-05-19,0.0
M9OTPNII,gtx plus pro,donware,won,2017-03-15,2017-05-20,6177.0
EZRICI17,mg advanced,rundofase,lost,2017-03-15,2017-06-28,0.0
7PXJ92C5,gtxpro,,engaging,2017-03-15,,
BAXENBTS,gtxpro,finjob,lost,2017-03-15,2017-05-06,0.0
086279IX,gtxpro,kan code,won,2017-03-15,2017-06-14,4369.0
6EEC9HQQ,gtxpro,y corporation,won,2017-03-15,2017-05-21,4878.0
MHN0SWM2,gtx plus pro,genco pura olive oil company,won,2017-03-15,2017-06-21,4527.0
8SKE4TT5,gtx plus basic,xx holding,lost,2017-03-15,2017-05-30,0.0
IGELOJ42,gtx plus pro,cancity,won,2017-03-15,2017-06-03,6102.0
0LMA8GMJ,gtx plus pro,bubba gump,won,2017-03-15,2017-05-10,4983.0
E40RN3MN,mg special,isdom,won,2017-03-15,2017-03-25,47.0
093R7PK9,mg special,zoomit,won,2017-03-15,2017-06-11,52.0
I8A9OXP2,gtxpro,gekko co,won,2017-03-15,2017-06-25,5031.0
7IFEKEMG,mg special,bioplex,won,2017-03-15,2017-06-06,53.0
4XZ4RY1N,gtx plus basic,,engaging,2017-03-15,,
K2KK9SW2,gtx basic,inity,won,2017-03-16,2017-05-02,550.0
Z0RLNFVY,gtx plus basic,,engaging,2017-03-16,,
8SIG4C8X,gtxpro,donquadtech,won,2017-03-16,2017-06-06,5223.0
K4ETVW4H,mg special,betasoloin,won,2017-03-16,2017-05-12,53.0
YA2NDY1H,gtxpro,bluth company,won,2017-03-16,2017-05-17,4519.0
G6DYTQQE,gtxpro,vehement capital partners,won,2017-03-16,2017-06-01,4833.0
RQULJHTU,gtx plus pro,,engaging,2017-03-16,,
RZZ9K7UN,gtx plus pro,zencorporation,won,2017-03-16,2017-06-29,5407.0
3918OU6O,gtx basic,rundofase,lost,2017-03-16,2017-05-02,0.0
YZ9ZKK3P,mg special,finjob,won,2017-03-16,2017-05-08,56.0
GK1NH8G7,gtx basic,iselectrics,engaging,2017-03-16,,
OPCLCCQH,gtx plus basic,konex,engaging,2017-03-16,,
E1921PBZ,gtx basic,finjob,won,2017-03-16,2017-05-23,468.0
0E761F02,gtx basic,kan code,won,2017-03-16,2017-05-02,579.0
HDBNC8W1,mg advanced,treequote,won,2017-03-16,2017-06-11,3185.0
WFCEPHD3,gtxpro,,engaging,2017-03-16,,
KP6NOWM7,mg special,cheers,won,2017-03-16,2017-06-03,54.0
HPYLUU5P,mg special,newex,won,2017-03-16,2017-06-26,62.0
I7AH5FW0,gtx basic,dambase,lost,2017-03-16,2017-05-23,0.0
RSFYKC1F,gtx basic,betatech,won,2017-03-16,2017-06-25,619.0
RMW0TRSZ,mg special,golddex,lost,2017-03-16,2017-05-20,0.0
GNENBXRW,mg special,hatfan,lost,2017-03-16,2017-05-17,0.0
L20NI94X,mg advanced,xx holding,lost,2017-03-16,2017-06-05,0.0
AF7XJNED,gtx plus pro,,engaging,2017-03-16,,
CG65AS6X,gtxpro,xx holding,won,2017-03-16,2017-03-29,4408.0
9XV6GX8D,gtx basic,cheers,won,2017-03-16,2017-06-07,605.0
IDIMBX0N,gtx plus pro,genco pura olive oil company,won,2017-03-17,2017-03-26,6064.0
W75XU368,gtx basic,plussunin,won,2017-03-17,2017-06-17,641.0
WIY2Q0Q5,gtx basic,vehement capital partners,won,2017-03-17,2017-05-17,491.0
EJDHOY6M,gtx basic,,engaging,2017-03-17,,
DF1011UT,gtx plus basic,konmatfix,engaging,2017-03-17,,
7V1FQBL9,gtxpro,plussunin,lost,2017-03-17,2017-05-03,0.0
4PXSBQU8,mg special,codehow,won,2017-03-17,2017-05-27,47.0
QRKHWNRB,mg special,faxquote,won,2017-03-17,2017-06-25,63.0
1YGNHE69,mg advanced,sumace,won,2017-03-17,2017-05-18,3291.0
IBS3H6Z4,gtx plus basic,,engaging,2017-03-17,,
TAEUD0HP,gtx plus basic,singletechno,won,2017-03-17,2017-06-10,1188.0
04YGLJ3N,gtx plus pro,,engaging,2017-03-17,,
72TBO2HA,gtx basic,cheers,lost,2017-03-17,2017-05-08,0.0
FCW4SAAP,gtx basic,scotfind,won,2017-03-17,2017-06-11,478.0
DEH0MYSO,mg special,green plus,won,2017-03-17,2017-05-24,60.0
PEVJ6O6R,gtxpro,silis,won,2017-03-17,2017-03-27,4064.0
T02CX0BY,mg advanced,ontomedia,won,2017-03-17,2017-03-31,2550.0
IN9S33CD,gtx plus pro,finhigh,engaging,2017-03-17,,
SSX3QRTB,mg special,bioplex,lost,2017-03-17,2017-05-08,0.0
UBX7TMQG,gtx plus pro,dontechi,lost,2017-03-17,2017-05-10,0.0
RR5AMWPQ,mg special,genco pura olive oil company,lost,2017-03-17,2017-05-16,0.0
FHLNW3WH,mg advanced,statholdings,won,2017-03-17,2017-06-21,3378.0
1GT10YJD,gtx plus pro,,engaging,2017-03-17,,
4UZCVHEV,gtx basic,,engaging,2017-03-17,,
DJH67UIZ,mg special,,engaging,2017-03-17,,
7VGJ2B7O,mg special,,engaging,2017-03-17,,
IAVMELUO,gtxpro,gekko co,won,2017-03-17,2017-05-30,6135.0
PRMMZX9O,gtx plus basic,newex,won,2017-03-17,2017-06-02,999.0
ZZFES7ID,mg special,singletechno,won,2017-03-17,2017-06-05,52.0
G7PNQB9M,gtx plus basic,warephase,lost,2017-03-18,2017-05-25,0.0
Z0R5O2VW,gtx plus pro,donware,lost,2017-03-18,2017-05-24,0.0
VS0TWECS,gtx basic,plussunin,won,2017-03-18,2017-06-18,530.0
XN7EV14M,gtx basic,konmatfix,won,2017-03-18,2017-05-09,538.0
P5BRH80Z,mg special,rundofase,won,2017-03-18,2017-03-27,53.0
CQVDJR45,gtxpro,scottech,won,2017-03-18,2017-06-12,5416.0
QUFCX2MF,mg special,scotfind,lost,2017-03-18,2017-05-27,0.0
RW13VT8T,gtx plus pro,mathtouch,won,2017-03-18,2017-05-11,4995.0
H2IOHZ8R,gtx basic,,engaging,2017-03-18,,
5LJ47CVS,gtx basic,sonron,lost,2017-03-18,2017-06-22,0.0
87XTACKH,gtx plus basic,bioholding,won,2017-03-18,2017-05-26,1137.0
0Z2CQ0MQ,gtx basic,sonron,won,2017-03-18,2017-03-28,453.0
4SK6YLB0,gtx plus basic,hottechi,won,2017-03-18,2017-05-27,1065.0
EVVX3PQ5,gtxpro,singletechno,won,2017-03-18,2017-05-04,4373.0
9Y3JDP1B,mg advanced,labdrill,won,2017-03-18,2017-06-19,2560.0
ACB3QZAY,gtxpro,singletechno,lost,2017-03-18,2017-06-04,0.0
COWC9H9T,gtx plus basic,groovestreet,won,2017-03-18,2017-03-31,1171.0
ZTHMJWYZ,mg special,konex,won,2017-03-18,2017-06-22,53.0
MMGWAWBA,gtx plus pro,treequote,won,2017-03-18,2017-06-02,6553.0
8LPO6YCO,mg advanced,betatech,won,2017-03-18,2017-05-07,3542.0
I7MDOGGU,gtx basic,,engaging,2017-03-18,,
CDUIUYY2,mg advanced,finhigh,won,2017-03-18,2017-06-11,3619.0
10IY4PV4,mg advanced,,engaging,2017-03-18,,
A1TDRYHZ,mg advanced,rangreen,engaging,2017-03-18,,
2JY9SQ2L,mg special,,engaging,2017-03-18,,
9328IHHL,mg advanced,bluth company,won,2017-03-18,2017-05-18,3589.0
ZFB7CBR6,gtx plus pro,plexzap,won,2017-03-18,2017-05-13,6262.0
3N3RAHXR,gtx plus basic,nam zim,engaging,2017-03-19,,
6RJE18RW,gtx plus basic,acme corporation,won,2017-03-19,2017-03-24,1161.0
GK86H0SK,gtxpro,umbrella corporation,won,2017-03-19,2017-03-28,4975.0
QXU90OP8,gtx basic,zotware,won,2017-03-19,2017-03-22,586.0
NXXSU27K,mg special,the new york inquirer,won,2017-03-19,2017-03-25,41.0
RACLHBXN,gtx plus basic,,engaging,2017-03-19,,
06YL7WVJ,gtx plus basic,ron tech,won,2017-03-19,2017-03-21,929.0
K4Y8R0FX,mg special,streethex,won,2017-03-19,2017-06-04,65.0
F8O0IY28,gtx basic,zencorporation,won,2017-03-19,2017-03-30,574.0
8T8J06EL,gtxpro,condax,lost,2017-03-19,2017-06-26,0.0
3AE6GW2D,gtxpro,streethex,lost,2017-03-19,2017-05-09,0.0
T0SEVT4K,mg advanced,labdrill,won,2017-03-19,2017-06-16,3028.0
36VPT9RZ,gtx basic,singletechno,won,2017-03-19,2017-03-26,403.0
R2RL1Y49,gtx basic,sonron,lost,2017-03-19,2017-05-16,0.0
7Q7SA3EK,mg advanced,kan code,won,2017-03-19,2017-06-07,3290.0
THKCN7HU,gtx basic,,engaging,2017-03-19,,
6JI36HIE,mg advanced,sonron,lost,2017-03-19,2017-06-23,0.0
B5CBSTM5,mg advanced,golddex,won,2017-03-19,2017-03-29,3550.0
SNBYNW8H,mg advanced,rangreen,won,2017-03-19,2017-06-23,3657.0
IEN6RBZI,gtx plus basic,zotware,won,2017-03-19,2017-06-24,1046.0
9P026O47,mg special,warephase,won,2017-03-19,2017-05-27,50.0
AJLNEUVY,mg advanced,funholding,won,2017-03-19,2017-03-27,2871.0
LJIAOC0Q,mg special,bioplex,won,2017-03-19,2017-06-04,52.0
PD2198ZH,gtxpro,,engaging,2017-03-19,,
2BYD4WQ7,mg special,funholding,lost,2017-03-20,2017-05-19,0.0
HP6DSCMH,gtx basic,kan code,won,2017-03-20,2017-06-12,564.0
FM4S93O6,gtx plus pro,donware,lost,2017-03-20,2017-05-23,0.0
ALHQU8W8,gtx basic,plexzap,engaging,2017-03-20,,
GGPSSI5Q,mg advanced,ganjaflex,won,2017-03-20,2017-06-02,3780.0
4D95LU0H,gtx basic,dambase,won,2017-03-20,2017-06-24,491.0
KA79LTFF,gtx basic,dontechi,won,2017-03-20,2017-03-30,604.0
OBBVVO9O,gtk 500,singletechno,lost,2017-03-20,2017-05-27,0.0
83HX5CIJ,gtx basic,sonron,lost,2017-03-20,2017-03-23,0.0
SGV1FR3O,gtx basic,cheers,won,2017-03-20,2017-06-23,568.0
TJ6U9HZ3,gtx basic,singletechno,won,2017-03-20,2017-06-24,601.0
K72CEXGZ,gtx plus basic,,engaging,2017-03-20,,
1N99TLIA,mg advanced,blackzim,lost,2017-03-20,2017-06-02,0.0
JYE2QFGE,gtx plus pro,genco pura olive oil company,won,2017-03-20,2017-05-06,5616.0
IEOMRMWW,gtxpro,zotware,lost,2017-03-20,2017-06-28,0.0
ZW7N89K3,gtxpro,faxquote,lost,2017-03-20,2017-05-18,0.0
MIU04JC2,mg special,dambase,lost,2017-03-20,2017-06-21,0.0
VF2OKZY5,mg advanced,scotfind,lost,2017-03-20,2017-06-12,0.0
QSBKLWSW,gtx basic,opentech,won,2017-03-20,2017-06-29,542.0
0GTJE2VQ,gtx basic,gekko co,won,2017-03-20,2017-06-14,497.0
H91G4MYP,gtxpro,j texon,won,2017-03-20,2017-05-22,5443.0
DDBH2FPP,gtx plus basic,rangreen,won,2017-03-21,2017-06-16,1037.0
P1SGQODJ,gtx plus basic,rangreen,engaging,2017-03-21,,
N8F2PFQP,gtx plus basic,betasoloin,won,2017-03-21,2017-04-03,992.0
WELHHO3U,gtx plus basic,stanredtax,won,2017-03-21,2017-03-30,966.0
CUAYGT78,mg advanced,zotware,lost,2017-03-21,2017-06-26,0.0
9KDR9PQX,gtx plus pro,vehement capital partners,lost,2017-03-21,2017-04-01,0.0
8A5HA974,gtx basic,warephase,lost,2017-03-21,2017-04-01,0.0
M1L0IWB6,mg advanced,ron tech,won,2017-03-21,2017-05-11,3232.0
I2U6MKUT,gtx basic,ganjaflex,won,2017-03-21,2017-05-29,548.0
5C8HCDXT,mg advanced,,engaging,2017-03-21,,
RK6UFTI8,mg advanced,plussunin,lost,2017-03-21,2017-03-26,0.0
ECOU1XXZ,mg special,ron tech,won,2017-03-22,2017-05-30,52.0
9FPDDSIJ,gtxpro,,engaging,2017-03-22,,
4RDJBBB6,mg special,,engaging,2017-03-22,,
OTDDPHWJ,gtxpro,genco pura olive oil company,lost,2017-03-22,2017-05-28,0.0
20N9WSRC,gtxpro,globex corporation,lost,2017-03-22,2017-05-23,0.0
IJ4GXGCU,gtxpro,isdom,won,2017-03-22,2017-03-30,5109.0
GZCWM6GK,mg special,statholdings,engaging,2017-03-22,,
U0G8KIPB,mg special,codehow,won,2017-03-22,2017-06-21,49.0
2YVVZN5L,gtx plus basic,konmatfix,lost,2017-03-22,2017-05-03,0.0
3JUL12VK,gtx basic,,engaging,2017-03-22,,
TGW7OYMD,gtx basic,kan code,won,2017-03-22,2017-06-25,447.0
XJ9RQU4K,mg advanced,isdom,won,2017-03-22,2017-06-14,3430.0
9Y85N0W5,mg advanced,,engaging,2017-03-22,,
4TRMURKI,gtx basic,condax,lost,2017-03-22,2017-06-18,0.0
TJXY9DQG,mg advanced,donquadtech,won,2017-03-22,2017-06-10,3245.0
DV9ZB9KL,gtx basic,bioholding,lost,2017-03-22,2017-03-27,0.0
J712QVSG,mg special,ron tech,won,2017-03-22,2017-03-26,61.0
LCBVIPRA,mg special,golddex,won,2017-03-22,2017-06-29,60.0
8GE7FY98,gtxpro,,engaging,2017-03-22,,
88R08IL1,mg special,kan code,lost,2017-03-22,2017-04-01,0.0
4U9D1IZ5,gtx basic,,engaging,2017-03-22,,
WNMF0OHM,gtx plus pro,dambase,won,2017-03-23,2017-04-01,5060.0
I0D1O3GX,gtx basic,xx zobam,lost,2017-03-23,2017-04-01,0.0
PO158L29,gtx basic,blackzim,engaging,2017-03-23,,
7LNGJB3S,gtx basic,kan code,won,2017-03-23,2017-04-01,585.0
AVD2WQZY,gtxpro,sumace,lost,2017-03-23,2017-06-11,0.0
UD9V38LV,gtxpro,betasoloin,lost,2017-03-23,2017-05-19,0.0
JMTO8BPQ,gtxpro,hottechi,lost,2017-03-23,2017-04-03,0.0
06YBVWXZ,gtxpro,condax,lost,2017-03-23,2017-04-03,0.0
ODGKZEVV,gtxpro,,engaging,2017-03-23,,
1VCAS7FL,mg special,condax,lost,2017-03-23,2017-04-05,0.0
G2TASA8C,mg special,dontechi,lost,2017-03-23,2017-06-15,0.0
CRW2CCMB,gtx basic,nam zim,won,2017-03-23,2017-06-05,572.0
7FER10E1,mg special,golddex,won,2017-03-23,2017-06-08,54.0
K96NUCWR,gtx basic,dontechi,lost,2017-03-23,2017-04-01,0.0
SE609QTE,mg special,stanredtax,won,2017-03-23,2017-05-05,60.0
CT9XECID,mg advanced,zumgoity,won,2017-03-23,2017-04-01,3251.0
SUO8VZQ8,gtx plus pro,lexiqvolax,won,2017-03-23,2017-06-14,5930.0
9LX9MAPU,gtx plus basic,mathtouch,won,2017-03-23,2017-04-01,941.0
PHP5V833,gtx basic,cancity,lost,2017-03-24,2017-05-18,0.0
7XEB6TFB,mg special,scottech,won,2017-03-24,2017-06-06,56.0
KV9LW061,mg advanced,codehow,won,2017-03-24,2017-04-04,3445.0
M41NS5DN,gtx plus pro,,engaging,2017-03-24,,
QIHWKCFK,mg advanced,singletechno,engaging,2017-03-24,,
8RZ1A49O,mg special,bioholding,won,2017-03-24,2017-03-31,54.0
GEJLL5L3,gtx basic,,engaging,2017-03-24,,
V4EKF9RF,mg advanced,mathtouch,won,2017-03-24,2017-03-31,3498.0
VJ1EK4A3,gtx basic,vehement capital partners,won,2017-03-24,2017-04-02,540.0
65B8HSTW,gtxpro,gekko co,won,2017-03-24,2017-04-02,4986.0
KIJB458K,gtx plus pro,toughzap,lost,2017-03-24,2017-04-03,0.0
8PHJ7N4E,gtx plus pro,domzoom,won,2017-03-24,2017-05-15,5214.0
EDAJ0YEW,gtxpro,isdom,won,2017-03-24,2017-03-30,4794.0
KMB8TJ0I,mg advanced,,engaging,2017-03-24,,
9X5HUUJ5,gtx plus basic,kan code,lost,2017-03-24,2017-04-02,0.0
CR6ZLEWC,gtx plus pro,,engaging,2017-03-24,,
21S1ETXM,gtx plus basic,scotfind,lost,2017-03-24,2017-04-03,0.0
54JFGNXN,gtx basic,cancity,won,2017-03-24,2017-05-27,648.0
WLXPA3LB,mg advanced,dontechi,won,2017-03-24,2017-06-30,3040.0
3WQMBMSN,gtx plus basic,treequote,won,2017-03-24,2017-06-30,1185.0
XIKWT7HM,mg special,finhigh,won,2017-03-24,2017-03-26,48.0
J9QQVBQX,gtx plus basic,j texon,lost,2017-03-24,2017-04-01,0.0
I51MJ7PP,gtx plus basic,cheers,won,2017-03-24,2017-06-30,1021.0
V690FQG4,gtx plus basic,scotfind,won,2017-03-24,2017-05-26,1264.0
OSB9S3PI,mg special,zumgoity,lost,2017-03-24,2017-05-23,0.0
JWRSTAU8,gtx basic,ron tech,won,2017-03-24,2017-06-12,503.0
YYAZ4JBY,gtxpro,ganjaflex,won,2017-03-24,2017-04-03,4440.0
8SEGAAT7,gtx plus basic,inity,lost,2017-03-24,2017-04-03,0.0
4L36DJTM,mg special,rangreen,won,2017-03-24,2017-04-02,52.0
YB20NWM1,mg special,,engaging,2017-03-24,,
7Z3S4XV9,gtx basic,konex,lost,2017-03-24,2017-04-03,0.0
SQOW8W0G,gtx basic,initech,lost,2017-03-24,2017-05-05,0.0
W3LGBNI2,mg special,gekko co,lost,2017-03-24,2017-04-06,0.0
J2B3UZXA,gtx basic,gekko co,won,2017-03-24,2017-03-26,499.0
43LFUTVM,gtx plus pro,,engaging,2017-03-24,,
VH78FLDN,gtxpro,cheers,lost,2017-03-24,2017-04-03,0.0
KZKMLY96,gtx plus basic,condax,won,2017-03-24,2017-03-29,1159.0
9BGKQZ3H,mg special,domzoom,lost,2017-03-25,2017-04-03,0.0
H6NJKV4F,gtx plus pro,betasoloin,won,2017-03-25,2017-05-20,5479.0
CMS1HUGL,mg advanced,,engaging,2017-03-25,,
6R6S91WE,gtxpro,,engaging,2017-03-25,,
L69Q015M,gtxpro,zotware,won,2017-03-25,2017-05-19,4555.0
RX3F3VIU,mg special,hottechi,lost,2017-03-25,2017-04-02,0.0
R5I9AAFG,mg special,fasehatice,lost,2017-03-25,2017-05-25,0.0
JQ3HJFNA,gtx plus basic,initech,won,2017-03-25,2017-03-28,1026.0
XCC1C1GG,gtx basic,stanredtax,won,2017-03-25,2017-04-03,503.0
WI1HQSIS,gtx plus basic,streethex,won,2017-03-25,2017-06-14,1144.0
LCTI4CFV,mg special,genco pura olive oil company,won,2017-03-25,2017-06-16,55.0
3T64Z7DB,gtx basic,,engaging,2017-03-25,,
3F2ZPCSL,gtx plus basic,,engaging,2017-03-25,,
8GMDSXYY,mg advanced,kan code,won,2017-03-25,2017-04-06,3181.0
QLTDWAEM,mg special,scottech,won,2017-03-25,2017-06-19,54.0
XFB1VXQY,mg advanced,,engaging,2017-03-25,,
UB8M6I5R,gtxpro,singletechno,won,2017-03-25,2017-06-30,3959.0
EBTJPEEY,gtx basic,streethex,won,2017-03-25,2017-05-31,571.0
ATW70WX1,gtxpro,donquadtech,lost,2017-03-25,2017-04-05,0.0
9DBMY3OF,gtx basic,kan code,lost,2017-03-25,2017-04-04,0.0
HRV9DSYF,gtx basic,blackzim,won,2017-03-25,2017-04-03,545.0
MNC7Q3JJ,gtx basic,labdrill,won,2017-03-25,2017-06-21,554.0
TJ03NDNX,mg advanced,iselectrics,engaging,2017-03-25,,
E3WWC6FJ,mg special,yearin,won,2017-03-25,2017-04-02,68.0
QKKZQJ46,mg special,zencorporation,won,2017-03-25,2017-06-16,52.0
VRYR5A81,gtx basic,finhigh,engaging,2017-03-25,,
M52B4VC5,mg special,globex corporation,lost,2017-03-26,2017-04-04,0.0
Z72Y3C3C,mg special,dontechi,won,2017-03-26,2017-04-04,54.0
FQPPZ9NQ,mg advanced,donware,won,2017-03-26,2017-05-25,3822.0
DUHS8KVY,gtx plus basic,the new york inquirer,won,2017-03-26,2017-04-05,971.0
M72CT8RN,gtx plus pro,donware,won,2017-03-26,2017-04-05,6024.0
XBFTCRLN,gtxpro,stanredtax,won,2017-03-26,2017-04-04,4820.0
3ZILMRQK,gtx plus pro,kinnamplus,lost,2017-03-26,2017-05-28,0.0
FZ72CGOI,gtxpro,plussunin,lost,2017-03-26,2017-06-25,0.0
72HZ4LDT,mg advanced,ganjaflex,won,2017-03-26,2017-04-02,2940.0
J6OQS0AU,mg advanced,,engaging,2017-03-26,,
4X3LNCWH,mg special,doncon,won,2017-03-26,2017-04-04,49.0
97PFKCPG,gtxpro,,engaging,2017-03-26,,
FB9M4FR7,mg special,,engaging,2017-03-26,,
CMPFB2PS,gtx basic,conecom,lost,2017-03-26,2017-04-02,0.0
61HW4ELT,gtx plus basic,finjob,lost,2017-03-26,2017-05-31,0.0
F481S8G3,gtx basic,j texon,won,2017-03-26,2017-05-22,545.0
5G4I94TF,gtx plus pro,statholdings,engaging,2017-03-26,,
677XNEFB,mg special,y corporation,won,2017-03-26,2017-06-18,58.0
7L0S5EON,mg advanced,streethex,lost,2017-03-26,2017-04-03,0.0
A3D8MRDX,gtxpro,dontechi,won,2017-03-26,2017-05-12,4280.0
YE6R6I1K,mg advanced,umbrella corporation,won,2017-03-26,2017-05-29,2880.0
JXUXBANJ,gtk 500,y corporation,won,2017-03-26,2017-04-05,25288.0
UWPUJESS,mg special,hottechi,lost,2017-03-26,2017-05-25,0.0
HSTXUOVW,mg special,hatfan,lost,2017-03-26,2017-05-06,0.0
2ZT298DY,gtx basic,goodsilron,lost,2017-03-26,2017-04-04,0.0
Z769EPTS,gtx basic,hottechi,lost,2017-03-26,2017-05-14,0.0
GOIVV4OG,mg advanced,zumgoity,won,2017-03-27,2017-05-29,3267.0
CJOU1RYX,gtx plus pro,betasoloin,won,2017-03-27,2017-06-09,5182.0
5OVTFUNQ,gtxpro,cancity,lost,2017-03-27,2017-04-05,0.0
0RNYAI6O,mg special,statholdings,lost,2017-03-27,2017-04-07,0.0
NSI9TMQ1,gtxpro,zencorporation,lost,2017-03-27,2017-05-31,0.0
2QQD7411,gtx basic,y corporation,won,2017-03-27,2017-05-25,540.0
XR57MBVC,mg advanced,finjob,won,2017-03-27,2017-05-01,3492.0
8BY9YRL9,gtx plus pro,dambase,won,2017-03-27,2017-06-26,5991.0
7PWQUE7O,gtx basic,lexiqvolax,lost,2017-03-27,2017-04-02,0.0
ELCQKUQU,mg advanced,konex,lost,2017-03-27,2017-04-06,0.0
CVPH0J04,gtxpro,sunnamplex,won,2017-03-27,2017-06-26,4968.0
H8CLNRM2,gtxpro,konex,won,2017-03-27,2017-05-26,5006.0
MJBD6V39,mg special,conecom,lost,2017-03-27,2017-05-01,0.0
GQQ01OO5,gtx plus pro,zotware,lost,2017-03-27,2017-05-15,0.0
B85LVFR1,gtxpro,mathtouch,won,2017-03-27,2017-04-05,5363.0
U8XA7JCO,mg special,dambase,won,2017-03-27,2017-06-28,49.0
0QPZIIPF,gtx plus basic,donware,engaging,2017-03-27,,
2GR73FEV,gtx plus basic,fasehatice,lost,2017-03-27,2017-04-03,0.0
AV4ZPXE3,mg advanced,doncon,won,2017-03-27,2017-04-03,4253.0
X8QV83G1,mg special,codehow,lost,2017-03-28,2017-04-08,0.0
T1ZYZ70B,mg special,codehow,lost,2017-03-28,2017-06-08,0.0
RO6QLRCX,gtx basic,plussunin,won,2017-03-28,2017-05-30,422.0
6FT804V9,gtx basic,hottechi,lost,2017-03-28,2017-04-06,0.0
SKTAI2GS,gtx plus basic,codehow,won,2017-03-28,2017-04-08,1056.0
YIGSYPWD,gtxpro,bioplex,lost,2017-03-28,2017-04-07,0.0
9IP0C0IR,gtxpro,ganjaflex,lost,2017-03-28,2017-05-28,0.0
E06J9PDT,gtxpro,dontechi,lost,2017-03-28,2017-04-06,0.0
3OLESA9M,mg advanced,inity,lost,2017-03-28,2017-04-03,0.0
3O7PIS8O,mg advanced,warephase,won,2017-03-28,2017-04-09,3665.0
FAV4HHP4,gtxpro,donquadtech,won,2017-03-28,2017-06-03,4329.0
LOMFB71Q,mg special,finhigh,lost,2017-03-28,2017-04-03,0.0
C334XDK8,mg special,goodsilron,won,2017-03-28,2017-04-08,58.0
R707GGNA,gtx plus pro,y corporation,won,2017-03-28,2017-06-26,7356.0
EP81D4IN,gtxpro,fasehatice,won,2017-03-28,2017-06-25,4066.0
UWZ7DFKY,mg special,condax,won,2017-03-28,2017-06-06,55.0
7SH51ME1,mg advanced,zoomit,won,2017-03-28,2017-06-27,3738.0
DFFEQ87N,mg special,scottech,engaging,2017-03-28,,
QPH1YUAN,gtx basic,hottechi,lost,2017-03-28,2017-04-04,0.0
7PV7V1RP,mg advanced,labdrill,lost,2017-03-28,2017-05-26,0.0
C2WEF4XH,gtx plus basic,y corporation,won,2017-03-28,2017-05-15,888.0
5G645WYV,gtx plus pro,bioholding,won,2017-03-28,2017-04-07,5447.0
5M3Z5DS4,gtx plus pro,globex corporation,won,2017-03-28,2017-04-05,5972.0
CR20TBUT,gtxpro,cheers,won,2017-03-28,2017-04-02,4855.0
M5E8U8HP,mg advanced,xx zobam,won,2017-03-28,2017-05-29,3395.0
BXK5HGEY,mg special,,engaging,2017-03-28,,
XXUGTDX7,mg special,,engaging,2017-03-28,,
LWXHKI88,mg special,,engaging,2017-03-28,,
9VEB4KWV,mg special,bioplex,lost,2017-03-28,2017-04-07,0.0
9S7VQ79A,gtx plus basic,goodsilron,won,2017-03-28,2017-03-30,1084.0
1MQFYGEE,mg advanced,inity,won,2017-03-29,2017-06-03,3670.0
4G10PCOZ,gtx plus basic,initech,lost,2017-03-29,2017-04-02,0.0
DLZYL69K,gtx plus pro,gekko co,won,2017-03-29,2017-06-02,5304.0
KYQ50DTU,gtx plus pro,treequote,lost,2017-03-29,2017-04-06,0.0
FRIVBOOA,gtxpro,conecom,won,2017-03-29,2017-06-16,3844.0
7ASDRLM5,gtx basic,acme corporation,won,2017-03-29,2017-05-11,549.0
0HB6OUIN,gtxpro,condax,lost,2017-03-29,2017-05-20,0.0
UWK0KA56,mg advanced,stanredtax,lost,2017-03-29,2017-04-05,0.0
CCVCBR83,gtx basic,hottechi,won,2017-03-29,2017-04-05,553.0
I6U62W0R,gtx basic,,engaging,2017-03-29,,
SV2VJ3VH,gtx plus basic,plexzap,lost,2017-03-29,2017-05-05,0.0
ASL3FJZP,mg advanced,faxquote,won,2017-03-29,2017-04-07,3523.0
EB89ONZN,gtxpro,funholding,engaging,2017-03-29,,
0S4K915N,gtx basic,konex,lost,2017-03-29,2017-05-20,0.0
8IJOC37Z,gtx basic,hottechi,won,2017-03-29,2017-06-28,424.0
28BIO7F9,gtx basic,konmatfix,won,2017-03-29,2017-06-02,490.0
9B5T5QTA,gtxpro,konex,lost,2017-03-29,2017-04-04,0.0
9ZDFLOKA,mg special,green plus,won,2017-03-29,2017-04-07,48.0
8FXUNDUS,mg advanced,hottechi,won,2017-03-29,2017-05-26,3982.0
MLC5KY2R,mg advanced,finjob,lost,2017-03-29,2017-06-11,0.0
98YPUABG,gtx plus pro,sonron,lost,2017-03-29,2017-04-06,0.0
181X64EU,gtx plus basic,goodsilron,won,2017-03-29,2017-04-09,1176.0
XLKL4EI0,gtx basic,betasoloin,lost,2017-03-29,2017-04-10,0.0
5RUF6451,gtx basic,kinnamplus,won,2017-03-29,2017-04-04,589.0
G67668KN,gtx plus pro,singletechno,lost,2017-03-29,2017-05-16,0.0
4SAUJMOI,gtx basic,vehement capital partners,lost,2017-03-30,2017-04-01,0.0
B2H3P25L,gtx plus pro,xx zobam,lost,2017-03-30,2017-04-07,0.0
DF19VWL4,gtxpro,the new york inquirer,won,2017-03-30,2017-04-06,4276.0
ZIZXHX09,mg advanced,silis,won,2017-03-30,2017-04-07,3390.0
70GGNRPB,gtx basic,bioholding,lost,2017-03-30,2017-04-11,0.0
0VYX8TN3,mg special,dambase,lost,2017-03-30,2017-04-09,0.0
JPJ3A9T8,gtx basic,dontechi,won,2017-03-30,2017-05-19,541.0
1A86ZD0B,gtx plus pro,ganjaflex,won,2017-03-30,2017-06-26,5189.0
PMQ4M2UX,gtxpro,ganjaflex,lost,2017-03-30,2017-04-07,0.0
OFQCCQ6I,gtx plus pro,xx zobam,won,2017-03-30,2017-06-23,6920.0
3Z2BQVQ7,gtx basic,condax,lost,2017-03-30,2017-04-01,0.0
57FO8KSQ,gtx plus basic,isdom,lost,2017-03-30,2017-04-07,0.0
3VQOFPW7,mg advanced,globex corporation,lost,2017-03-30,2017-05-17,0.0
HMKFBTYR,gtx basic,bioholding,won,2017-03-30,2017-06-20,600.0
RMO3I92N,gtx plus basic,bubba gump,lost,2017-03-30,2017-04-11,0.0
2AV40FHB,gtxpro,konex,lost,2017-03-30,2017-04-01,0.0
OUR875IK,gtx basic,xx zobam,won,2017-03-30,2017-04-06,564.0
LUFY70BU,gtk 500,goodsilron,lost,2017-03-30,2017-04-04,0.0
1OUHMFJV,gtx plus basic,zathunicon,won,2017-03-30,2017-05-31,1037.0
GMNQUFQZ,gtx basic,hottechi,won,2017-03-30,2017-04-01,500.0
YWF7W7H8,gtx plus pro,hottechi,won,2017-03-30,2017-04-07,5728.0
120BESB3,mg advanced,kan code,lost,2017-03-30,2017-04-09,0.0
HPSSENGT,gtxpro,statholdings,lost,2017-03-30,2017-04-06,0.0
8TXOC3S3,mg advanced,scottech,lost,2017-03-30,2017-04-11,0.0
N55VF08D,mg special,finhigh,won,2017-03-30,2017-05-20,54.0
265SZR01,gtx basic,xx holding,won,2017-03-30,2017-06-19,501.0
NFMCPYOV,gtx basic,finjob,engaging,2017-03-30,,
NKO2JRRS,gtx plus pro,umbrella corporation,won,2017-03-30,2017-04-08,6155.0
WW3NDCO2,gtx plus pro,zathunicon,won,2017-03-30,2017-04-08,4668.0
DGPI60HG,gtx plus pro,zumgoity,won,2017-03-30,2017-06-09,5017.0
06DUY829,mg special,ron tech,won,2017-03-30,2017-04-08,59.0
2VDN72EP,gtx basic,,engaging,2017-03-30,,
HOG5OE78,gtxpro,fasehatice,lost,2017-03-30,2017-04-08,0.0
PLM5WEY4,mg advanced,plexzap,won,2017-03-30,2017-04-06,3316.0
Z9QZKUV5,gtx basic,zumgoity,engaging,2017-03-30,,
EWQVZB85,gtx plus pro,plexzap,won,2017-03-30,2017-04-10,6227.0
SFFFNT6B,mg special,treequote,lost,2017-03-31,2017-04-07,0.0
99AAJPQN,mg special,condax,won,2017-03-31,2017-06-15,58.0
JW2FHT1G,mg advanced,dambase,won,2017-03-31,2017-04-08,3626.0
08KE6ZQN,mg advanced,vehement capital partners,won,2017-03-31,2017-04-01,2819.0
WW1WV7IT,gtxpro,cancity,engaging,2017-03-31,,
0WVCRCOU,gtxpro,xx zobam,lost,2017-03-31,2017-04-01,0.0
V5QIL0HU,gtxpro,zencorporation,lost,2017-03-31,2017-04-07,0.0
T0VJ4AMX,gtx basic,green plus,engaging,2017-03-31,,
WLS5J30E,mg special,inity,engaging,2017-03-31,,
F52YEFJ8,gtx plus pro,globex corporation,lost,2017-03-31,2017-04-02,0.0
OZDJFUHH,gtx plus basic,fasehatice,won,2017-03-31,2017-04-09,901.0
BUPUP2TV,mg advanced,doncon,won,2017-03-31,2017-06-04,3438.0
HTQO5XIW,gtx basic,faxquote,won,2017-03-31,2017-04-08,589.0
XCBKZWDX,mg special,plusstrip,lost,2017-03-31,2017-06-20,0.0
W7F056RK,gtxpro,sunnamplex,won,2017-03-31,2017-04-01,5073.0
LIQZNH9U,gtx plus pro,,engaging,2017-03-31,,
P9LE92UR,mg special,,engaging,2017-03-31,,
9LZICBEV,mg advanced,hottechi,lost,2017-03-31,2017-04-01,0.0
YAKIMBKC,gtx basic,konex,won,2017-03-31,2017-04-02,609.0
FHU2WQ2K,mg special,goodsilron,won,2017-03-31,2017-04-01,55.0
VF651O1V,mg special,fasehatice,lost,2017-03-31,2017-04-12,0.0
ISHAZTWG,gtx plus basic,green plus,lost,2017-03-31,2017-04-12,0.0
0XIPT9AX,gtx plus pro,condax,won,2017-03-31,2017-04-10,5637.0
UURLD9W8,gtx plus pro,plexzap,won,2017-03-31,2017-04-11,5793.0
Y975VCYM,mg special,massive dynamic,lost,2017-03-31,2017-04-12,0.0
OPYWK3XE,gtx basic,j texon,lost,2017-03-31,2017-04-05,0.0
2VTBUOXA,mg advanced,dalttechnology,lost,2017-03-31,2017-05-30,0.0
6YEF304L,gtx basic,hottechi,won,2017-03-31,2017-04-07,520.0
6AALZVSE,mg advanced,finjob,won,2017-03-31,2017-04-02,4080.0
JF9CTPPZ,gtx basic,inity,won,2017-03-31,2017-06-30,526.0
LAH7932Y,mg special,scottech,won,2017-03-31,2017-05-17,57.0
DOGKQHQP,gtxpro,,engaging,2017-03-31,,
CLOSEH5L,mg advanced,xx holding,lost,2017-03-31,2017-04-09,0.0
ZT6XPQR0,mg special,y corporation,won,2017-03-31,2017-06-28,54.0
MUHI7FIM,mg advanced,sunnamplex,won,2017-03-31,2017-04-12,3367.0
G3SJ8X1K,mg advanced,,engaging,2017-03-31,,
1WSLRC69,gtx basic,dalttechnology,won,2017-03-31,2017-04-06,430.0
ZZJ4I52J,gtx basic,hottechi,won,2017-04-01,2017-05-05,518.0
IGVGV1O5,gtx plus basic,umbrella corporation,lost,2017-04-01,2017-04-12,0.0
JW4Q5F4Z,mg special,,engaging,2017-04-01,,
O5OCDKVH,gtx plus basic,zotware,lost,2017-04-01,2017-04-11,0.0
KKRJ6TBY,gtxpro,scotfind,engaging,2017-04-01,,
TNUCQKW6,gtxpro,massive dynamic,lost,2017-04-01,2017-04-03,0.0
T4NRIY5R,gtx plus pro,bioholding,won,2017-04-01,2017-04-08,5798.0
5PA21ZHE,gtxpro,betatech,won,2017-04-01,2017-04-10,4685.0
MCR8YCCY,mg advanced,genco pura olive oil company,won,2017-04-01,2017-06-17,3228.0
N4PVP6C0,gtx basic,initech,lost,2017-04-01,2017-04-03,0.0
8INCUUGJ,gtx basic,plexzap,won,2017-04-01,2017-06-22,452.0
CKSNW8DU,gtx plus basic,condax,lost,2017-04-01,2017-04-11,0.0
MIY4MF3R,mg advanced,,engaging,2017-04-01,,
JFB4WY8C,gtx basic,dontechi,won,2017-04-01,2017-04-08,565.0
BP7JRV1O,gtx plus basic,warephase,won,2017-04-01,2017-06-05,1184.0
OREPAY0O,gtx plus basic,hatfan,won,2017-04-01,2017-06-22,1150.0
YLK0MRJ3,gtx basic,iselectrics,engaging,2017-04-01,,
XBSZ29VJ,gtx plus basic,singletechno,won,2017-04-01,2017-05-24,1110.0
8BRN98H6,mg advanced,zumgoity,lost,2017-04-01,2017-04-10,0.0
VZS17M7X,mg advanced,j texon,won,2017-04-01,2017-04-06,3817.0
49USIHDH,mg advanced,rundofase,lost,2017-04-01,2017-04-10,0.0
A89TBOY5,mg advanced,bioholding,lost,2017-04-01,2017-04-06,0.0
26XU4887,gtx basic,hottechi,won,2017-04-01,2017-04-10,531.0
QQTQFG9A,gtx plus pro,the new york inquirer,lost,2017-04-01,2017-04-04,0.0
7O00H1TC,mg advanced,ontomedia,lost,2017-04-01,2017-04-02,0.0
LGTIXQ46,mg special,blackzim,won,2017-04-01,2017-04-07,51.0
H6I16U57,mg advanced,sunnamplex,engaging,2017-04-01,,
KJBYGG1S,gtxpro,mathtouch,won,2017-04-01,2017-05-12,5106.0
IXBUR07V,mg advanced,genco pura olive oil company,lost,2017-04-01,2017-04-13,0.0
B6UWHOD4,mg special,stanredtax,won,2017-04-01,2017-04-02,60.0
20CVXRTX,gtxpro,kinnamplus,engaging,2017-04-01,,
FJ6QV5XK,gtxpro,y corporation,lost,2017-04-01,2017-04-09,0.0
4DUMR5WD,gtx plus pro,zotware,lost,2017-04-01,2017-04-09,0.0
AW3L4BTT,gtx plus basic,hottechi,lost,2017-04-01,2017-04-02,0.0
RH805ELL,gtxpro,hatfan,won,2017-04-01,2017-06-29,5079.0
7RI58VF7,gtx basic,streethex,won,2017-04-02,2017-06-20,460.0
VK9KN5PT,mg advanced,,engaging,2017-04-02,,
R15SXOZA,gtx plus basic,iselectrics,lost,2017-04-02,2017-06-24,0.0
H00Y9555,mg advanced,domzoom,won,2017-04-02,2017-04-10,3343.0
RJYMI03Q,gtx plus pro,xx zobam,won,2017-04-02,2017-05-28,5125.0
5PJJCTJ9,mg advanced,bioholding,won,2017-04-02,2017-04-11,3263.0
J60KKQ4B,gtx plus basic,fasehatice,won,2017-04-02,2017-04-08,976.0
X2QRD0DC,gtxpro,plussunin,won,2017-04-02,2017-04-09,4746.0
4KIZ9WJ0,gtx plus basic,conecom,lost,2017-04-02,2017-04-03,0.0
6RQCLF28,gtx basic,codehow,won,2017-04-02,2017-04-11,507.0
DQ7GS2BN,gtx plus pro,,engaging,2017-04-02,,
T8WC5X1B,gtx basic,konex,lost,2017-04-02,2017-04-14,0.0
HO6M5P37,gtxpro,fasehatice,won,2017-04-02,2017-04-09,5693.0
D5VY17OP,gtxpro,,engaging,2017-04-02,,
0J21WQH1,gtx plus basic,fasehatice,lost,2017-04-02,2017-04-14,0.0
N88UFF5K,gtx basic,labdrill,lost,2017-04-02,2017-04-03,0.0
OV08QE7X,gtx basic,cheers,won,2017-04-02,2017-04-10,488.0
WJLJIWYS,gtx basic,rantouch,won,2017-04-02,2017-05-20,605.0
BED55OSG,gtxpro,,engaging,2017-04-02,,
QJ25CASO,gtx plus pro,xx holding,lost,2017-04-02,2017-05-15,0.0
GJQXUDI3,gtx plus basic,funholding,won,2017-04-02,2017-04-11,949.0
OOGOZGGV,gtx plus basic,faxquote,won,2017-04-02,2017-04-04,882.0
C9XJ9KHD,gtx plus basic,goodsilron,won,2017-04-02,2017-06-22,1096.0
IWAKTMEB,gtx basic,donware,lost,2017-04-02,2017-04-10,0.0
AKT5EF0X,gtx basic,donware,won,2017-04-02,2017-08-04,572.0
89064N0X,mg advanced,bluth company,lost,2017-04-02,2017-04-07,0.0
V7YVW4U0,gtxpro,kinnamplus,won,2017-04-02,2017-04-12,3731.0
TBJ99S41,mg special,konmatfix,lost,2017-04-02,2017-04-12,0.0
QWLH0WD8,gtx plus basic,hottechi,won,2017-04-02,2017-06-13,1214.0
JZTX4MXK,gtxpro,sunnamplex,won,2017-04-02,2017-04-03,4444.0
4AHNCJ2Y,gtx basic,rangreen,won,2017-04-03,2017-06-27,524.0
H5VBBEVI,gtx plus basic,,engaging,2017-04-03,,
MB7G8DWS,gtx plus pro,,engaging,2017-04-03,,
JK75NQBD,gtx plus basic,bubba gump,won,2017-04-03,2017-05-20,997.0
U1BDEL90,mg advanced,betasoloin,won,2017-04-03,2017-04-10,2794.0
A9C9YCSN,mg special,rangreen,won,2017-04-03,2017-04-09,53.0
524GC3WL,mg advanced,globex corporation,won,2017-04-03,2017-04-13,3141.0
T4ZW6SS4,mg special,silis,lost,2017-04-03,2017-04-15,0.0
FH4VP5CL,gtx plus basic,bioplex,won,2017-04-03,2017-06-26,1109.0
K9MMOXUC,gtx plus pro,iselectrics,won,2017-04-03,2017-04-14,5691.0
2HS1C21I,gtxpro,,engaging,2017-04-03,,
LV5SEMZQ,mg special,nam zim,won,2017-04-03,2017-04-07,52.0
50B2JN7F,mg special,hottechi,lost,2017-04-03,2017-04-10,0.0
JXS3KFKM,gtx basic,betatech,won,2017-04-03,2017-04-05,532.0
QODSAVWU,gtxpro,isdom,won,2017-04-03,2017-04-04,5615.0
Q2BB73WT,gtx plus basic,,engaging,2017-04-03,,
UH3P961U,gtx basic,goodsilron,lost,2017-04-03,2017-04-04,0.0
3BQTRX5Y,gtxpro,faxquote,lost,2017-04-03,2017-05-26,0.0
YTL8VNGT,gtx basic,j texon,won,2017-04-03,2017-04-12,565.0
BL4SKUCN,gtx basic,ron tech,lost,2017-04-03,2017-04-11,0.0
8TRT2HNF,gtx basic,green plus,engaging,2017-04-03,,
ZLN48IIP,gtx basic,iselectrics,engaging,2017-04-03,,
W355HYRD,gtxpro,gekko co,lost,2017-04-03,2017-04-05,0.0
5UE0TE1R,gtxpro,yearin,won,2017-04-03,2017-04-14,3991.0
RFNRVNXJ,gtxpro,kinnamplus,won,2017-04-03,2017-05-20,5763.0
UTZDDOU7,mg special,conecom,lost,2017-04-03,2017-04-14,0.0
HVT28XPH,mg special,,engaging,2017-04-03,,
2ZXKC707,mg advanced,cheers,lost,2017-04-03,2017-04-11,0.0
VNCFE4LQ,gtx basic,j texon,won,2017-04-03,2017-04-15,456.0
VM0MHPAO,mg special,,engaging,2017-04-03,,
28QWFYSP,mg special,bluth company,lost,2017-04-03,2017-04-05,0.0
VIV0OXU6,gtx basic,domzoom,won,2017-04-04,2017-04-11,582.0
KVF0HK8S,mg special,domzoom,won,2017-04-04,2017-04-12,59.0
JLT2LLR3,mg advanced,donquadtech,won,2017-04-04,2017-04-09,3259.0
LXZD2PZD,gtx plus pro,,engaging,2017-04-04,,
2LF1TSPZ,gtx basic,ganjaflex,lost,2017-04-04,2017-05-10,0.0
FBJHTF91,gtx plus basic,kan code,lost,2017-04-04,2017-04-11,0.0
Z50GQV8I,gtx basic,vehement capital partners,won,2017-04-04,2017-04-11,593.0
O2CPAAF0,gtxpro,plussunin,won,2017-04-04,2017-06-26,5197.0
CEOTU8PX,gtxpro,dambase,lost,2017-04-04,2017-04-15,0.0
2S3DHZFO,gtxpro,konmatfix,lost,2017-04-04,2017-06-21,0.0
ZE1ZKD7Q,mg special,statholdings,lost,2017-04-04,2017-04-12,0.0
Y9XOOWHS,mg advanced,finhigh,won,2017-04-04,2017-06-18,3031.0
5FIGO7XN,gtxpro,gekko co,lost,2017-04-04,2017-04-15,0.0
EFO8XWXE,gtxpro,zencorporation,won,2017-04-04,2017-05-25,5244.0
BPOTQCFG,mg special,,engaging,2017-04-04,,
62R8ERQ0,mg special,green plus,lost,2017-04-04,2017-04-10,0.0
HYCELUAD,gtx plus pro,ontomedia,won,2017-04-04,2017-06-20,5946.0
MJZP9WYC,gtx plus basic,golddex,lost,2017-04-04,2017-04-08,0.0
JNYS6BIJ,gtx plus pro,labdrill,lost,2017-04-04,2017-04-11,0.0
LUT9KYJA,gtxpro,singletechno,won,2017-04-04,2017-06-06,4335.0
DIWC1AHU,gtx plus pro,finhigh,lost,2017-04-04,2017-04-06,0.0
ILYP3YGW,gtxpro,konmatfix,won,2017-04-04,2017-04-06,5063.0
0XC4DR3F,gtxpro,streethex,won,2017-04-04,2017-04-10,5032.0
3ZM8BJQO,gtxpro,labdrill,won,2017-04-04,2017-05-31,4398.0
AM5J5QPK,gtxpro,scotfind,won,2017-04-04,2017-04-06,4449.0
DRFUPEOU,gtx plus pro,blackzim,lost,2017-04-04,2017-05-10,0.0
I19TOSXS,gtx basic,treequote,lost,2017-04-04,2017-04-06,0.0
DWO4HD34,mg advanced,isdom,lost,2017-04-04,2017-04-15,0.0
4YH4JR1Q,mg special,funholding,won,2017-04-04,2017-05-31,50.0
XM4VD3NN,gtx plus basic,,engaging,2017-04-04,,
NUA0OE6Z,gtx basic,goodsilron,won,2017-04-04,2017-06-03,605.0
GDOHDB6U,mg special,scotfind,won,2017-04-04,2017-04-08,57.0
I58DG1XE,mg advanced,cheers,won,2017-04-04,2017-06-10,2882.0
YA3O04NX,mg advanced,gogozoom,won,2017-04-04,2017-06-05,3011.0
D62905BC,gtx plus pro,,engaging,2017-04-04,,
C2X9D7JO,gtx plus basic,rantouch,won,2017-04-04,2017-04-11,1181.0
SBLP2LJB,gtx plus basic,betatech,won,2017-04-04,2017-06-11,1067.0
3CWKBXEN,gtx basic,donquadtech,lost,2017-04-04,2017-04-13,0.0
ZG82F4GH,gtx basic,initech,lost,2017-04-04,2017-04-09,0.0
64KS4KGN,mg special,isdom,won,2017-04-04,2017-04-06,54.0
637HKAFD,gtx basic,plexzap,won,2017-04-04,2017-06-29,564.0
U9E3G8UT,gtx plus basic,conecom,lost,2017-04-05,2017-04-06,0.0
FB1AO8SL,mg special,betatech,won,2017-04-05,2017-04-14,57.0
79LGX9EX,gtxpro,yearin,won,2017-04-05,2017-06-30,5558.0
LOAYKUEO,gtx plus pro,treequote,lost,2017-04-05,2017-04-10,0.0
EM4XNIPW,gtx basic,silis,lost,2017-04-05,2017-04-07,0.0
E6WG7J0I,gtx plus basic,bubba gump,won,2017-04-05,2017-04-10,1083.0
37FL55S0,gtxpro,treequote,won,2017-04-05,2017-04-06,5647.0
RSXFS096,gtx basic,zencorporation,lost,2017-04-05,2017-08-07,0.0
5QSU8PQU,gtxpro,silis,won,2017-04-05,2017-06-19,4648.0
N58V2ML8,mg special,plussunin,won,2017-04-05,2017-04-14,50.0
SFI9TVH3,mg advanced,hottechi,lost,2017-04-05,2017-04-07,0.0
0G65AQVC,gtx basic,kan code,lost,2017-04-05,2017-05-30,0.0
F91QWQ1G,gtxpro,singletechno,lost,2017-04-05,2017-04-07,0.0
XEP9GSSY,gtx basic,dambase,lost,2017-04-05,2017-08-07,0.0
0000I7AO,gtx basic,rangreen,won,2017-04-05,2017-05-12,505.0
A0VM9Q5M,gtxpro,doncon,lost,2017-04-05,2017-04-15,0.0
P9SDPJJO,gtx basic,green plus,won,2017-04-05,2017-04-06,450.0
NW6OPA4M,gtx plus pro,blackzim,won,2017-04-05,2017-05-21,4983.0
ZZQB2NPD,gtx plus basic,ron tech,won,2017-04-05,2017-06-19,1140.0
9ILB20UV,mg special,,engaging,2017-04-05,,
KG5JIU81,gtx plus basic,faxquote,lost,2017-04-05,2017-04-07,0.0
4XGA0K6N,mg advanced,j texon,won,2017-04-05,2017-06-22,3188.0
MV1LBCP5,gtx basic,silis,lost,2017-04-05,2017-04-06,0.0
UIFIWKNI,gtx plus basic,xx zobam,won,2017-04-05,2017-08-02,1091.0
MBGVOGCY,gtx plus pro,bioplex,won,2017-04-05,2017-04-12,5095.0
2WQ5FUPR,mg special,condax,won,2017-04-05,2017-08-02,51.0
DA6LGJ66,mg special,green plus,won,2017-04-05,2017-06-19,62.0
OJSYLHMZ,gtx basic,zoomit,won,2017-04-05,2017-06-28,550.0
QO6CI3P4,mg special,gekko co,won,2017-04-05,2017-04-07,45.0
PNO7D8PD,gtx basic,,engaging,2017-04-05,,
HJP5X1MT,gtx basic,dontechi,won,2017-04-06,2017-06-09,527.0
JO4MF90Q,gtx basic,kinnamplus,lost,2017-04-06,2017-04-15,0.0
RX95UPUC,gtx plus basic,xx zobam,lost,2017-04-06,2017-05-30,0.0
2GV66JA7,mg advanced,,engaging,2017-04-06,,
0SMQAD34,mg advanced,domzoom,lost,2017-04-06,2017-04-08,0.0
THMEDL51,mg special,rundofase,won,2017-04-06,2017-04-14,64.0
94B4785B,mg advanced,plussunin,won,2017-04-06,2017-04-15,3655.0
AKMV6WN5,gtk 500,,engaging,2017-04-06,,
HPIKEMB9,mg special,,engaging,2017-04-06,,
SLN6HHLD,mg special,bioholding,lost,2017-04-06,2017-04-16,0.0
MU3PM8ON,mg advanced,rundofase,lost,2017-04-06,2017-04-13,0.0
U0E0XHK9,mg advanced,,engaging,2017-04-06,,
E6GVZ30Q,gtx basic,finjob,won,2017-04-06,2017-05-21,561.0
8254HM4E,gtx plus basic,,engaging,2017-04-06,,
QVWM8LUB,gtx basic,hatfan,lost,2017-04-06,2017-08-06,0.0
7C2HU8OC,gtx plus basic,faxquote,lost,2017-04-06,2017-04-16,0.0
74P8ZFDD,gtx plus pro,plexzap,won,2017-04-06,2017-04-07,6154.0
MB3376Q1,gtxpro,cheers,won,2017-04-06,2017-04-12,4756.0
RSAGMF10,gtx basic,streethex,lost,2017-04-06,2017-04-14,0.0
3N6VGWVS,mg special,gogozoom,won,2017-04-06,2017-05-30,61.0
KG61YJ92,gtx basic,warephase,won,2017-04-06,2017-06-24,575.0
Z4A1R9CJ,gtx plus basic,finhigh,won,2017-04-06,2017-05-22,1147.0
I6ZWBDU6,mg advanced,funholding,won,2017-04-06,2017-06-12,3161.0
3DB2J8UR,gtx basic,isdom,lost,2017-04-06,2017-04-16,0.0
6ER2KL7X,mg advanced,condax,lost,2017-04-06,2017-04-14,0.0
CBTC7BHL,gtx basic,scotfind,won,2017-04-06,2017-05-04,525.0
93JCG10L,gtxpro,dalttechnology,won,2017-04-06,2017-04-12,4168.0
X9BUD48V,gtx basic,warephase,won,2017-04-07,2017-04-08,596.0
QCNOCX0P,gtxpro,,engaging,2017-04-07,,
TQLJOZBP,mg special,zotware,won,2017-04-07,2017-04-15,59.0
9IE6GBXM,gtxpro,ontomedia,lost,2017-04-07,2017-05-14,0.0
M9V8824W,mg advanced,,engaging,2017-04-07,,
BG2656VA,gtx plus pro,konex,won,2017-04-07,2017-04-15,5684.0
JXBUN5MY,mg advanced,kan code,lost,2017-04-07,2017-04-15,0.0
7TJEHAED,gtxpro,gogozoom,won,2017-04-07,2017-04-15,4413.0
QPOE9V6Y,mg advanced,opentech,lost,2017-04-07,2017-04-17,0.0
ULJM9JGL,mg advanced,vehement capital partners,lost,2017-04-07,2017-04-15,0.0
PYY9M6Q4,gtxpro,mathtouch,won,2017-04-07,2017-04-13,4152.0
WAF692K8,mg special,dalttechnology,won,2017-04-07,2017-06-24,51.0
0UDLH6I3,gtx basic,zathunicon,lost,2017-04-07,2017-04-15,0.0
WUGE2QUO,mg advanced,toughzap,lost,2017-04-07,2017-04-18,0.0
XBLA9VO6,gtx plus basic,sonron,won,2017-04-07,2017-05-18,1103.0
QL7H3WQZ,gtx plus basic,warephase,won,2017-04-07,2017-04-09,1091.0
DXBLA2BS,gtx plus basic,zumgoity,won,2017-04-07,2017-04-17,1189.0
EYW0QD8A,gtxpro,streethex,won,2017-04-07,2017-06-27,4534.0
NXWNJ7U5,gtx basic,golddex,lost,2017-04-07,2017-05-12,0.0
8LVFBGN4,gtx plus basic,konex,lost,2017-04-07,2017-04-16,0.0
UUGY3W44,gtx basic,,engaging,2017-04-07,,
BHHDOY2E,mg advanced,,engaging,2017-04-07,,
SUQNORF2,gtx basic,codehow,lost,2017-04-07,2017-04-16,0.0
3M03SX77,gtx basic,condax,won,2017-04-07,2017-04-13,522.0
C7Y0UUIN,gtxpro,goodsilron,won,2017-04-07,2017-05-27,5012.0
DI6H5ERU,gtx plus basic,rantouch,won,2017-04-07,2017-04-08,1109.0
SQZ293C0,gtx plus pro,genco pura olive oil company,won,2017-04-07,2017-04-13,4659.0
2SGRE4VE,gtx basic,cancity,lost,2017-04-07,2017-04-16,0.0
AMKR98V4,gtx plus pro,codehow,lost,2017-04-07,2017-06-13,0.0
DESFU690,gtx plus pro,treequote,lost,2017-04-07,2017-04-09,0.0
V8HMIE7M,mg special,konmatfix,lost,2017-04-07,2017-05-30,0.0
91JBU17E,mg advanced,rangreen,lost,2017-04-07,2017-04-12,0.0
XDECB9X2,gtx basic,,engaging,2017-04-07,,
4MMQZHCK,mg advanced,konex,lost,2017-04-07,2017-04-16,0.0
RSKU2ZHM,mg advanced,finjob,lost,2017-04-07,2017-04-13,0.0
8LTQ9ESQ,mg advanced,dambase,lost,2017-04-08,2017-04-15,0.0
EBBIJKLT,gtx plus basic,stanredtax,won,2017-04-08,2017-04-15,1142.0
GL95LARP,gtxpro,,engaging,2017-04-08,,
8RIKWACO,gtx basic,zathunicon,won,2017-04-08,2017-05-27,491.0
FM505XD5,gtx plus pro,y corporation,engaging,2017-04-08,,
U3394VAL,gtxpro,finhigh,lost,2017-04-08,2017-04-18,0.0
G58AHYTW,mg special,domzoom,lost,2017-04-08,2017-04-14,0.0
KK7L97V7,gtxpro,funholding,won,2017-04-08,2017-04-09,5678.0
GWRPJWRO,gtxpro,bioplex,lost,2017-04-08,2017-04-16,0.0
GNKFTK7J,gtx basic,sumace,won,2017-04-08,2017-06-14,547.0
UEL6CAP9,gtx basic,umbrella corporation,lost,2017-04-08,2017-04-16,0.0
2FEA30KT,gtx plus basic,singletechno,won,2017-04-08,2017-05-25,935.0
P2VXL7MO,gtx plus pro,scotfind,won,2017-04-08,2017-04-10,4761.0
YT7QY06V,mg advanced,newex,won,2017-04-08,2017-04-14,3224.0
L66MAMK5,gtx basic,sunnamplex,won,2017-04-08,2017-04-17,501.0
RGYBSSEK,mg advanced,statholdings,won,2017-04-08,2017-04-17,3532.0
J6F10SFK,mg advanced,,engaging,2017-04-08,,
5KC9ZGBX,gtxpro,xx holding,won,2017-04-08,2017-04-12,4320.0
AYIPNQFR,mg special,genco pura olive oil company,lost,2017-04-08,2017-04-10,0.0
Q1MP64HG,gtx plus basic,zotware,won,2017-04-08,2017-06-11,1123.0
XGD6BFD6,gtxpro,xx zobam,won,2017-04-08,2017-04-09,5217.0
1IH166HI,mg special,codehow,lost,2017-04-08,2017-05-27,0.0
U4IJO6SL,gtxpro,,engaging,2017-04-08,,
BK85705L,gtx basic,labdrill,won,2017-04-08,2017-06-10,595.0
77MKNCO3,gtx plus pro,konex,won,2017-04-08,2017-04-16,5848.0
OB7TAJOZ,gtx basic,faxquote,lost,2017-04-08,2017-04-09,0.0
DU0E2LMZ,mg special,plexzap,lost,2017-04-08,2017-04-13,0.0
1B4CL153,gtx plus pro,xx holding,won,2017-04-08,2017-04-17,5884.0
93X2W24Q,mg advanced,betatech,won,2017-04-09,2017-06-02,3666.0
U0E9CRX5,gtx basic,zathunicon,lost,2017-04-09,2017-04-18,0.0
I7KV29LC,gtx basic,konex,won,2017-04-09,2017-04-20,598.0
NNM6GN1J,mg advanced,initech,won,2017-04-09,2017-04-16,3275.0
D1UDLFVY,gtx basic,funholding,lost,2017-04-09,2017-04-10,0.0
M8WP93D4,gtx basic,isdom,lost,2017-04-09,2017-04-18,0.0
3GPAFD3X,mg special,zumgoity,lost,2017-04-09,2017-04-20,0.0
PVLGUIEN,mg advanced,,engaging,2017-04-09,,
XUQ7RS1Q,gtxpro,betasoloin,lost,2017-04-09,2017-05-30,0.0
UFGI9P05,gtxpro,ron tech,won,2017-04-09,2017-04-18,4978.0
RDQZ245F,mg special,dalttechnology,won,2017-04-09,2017-05-29,56.0
JA2CDNVM,mg advanced,inity,won,2017-04-09,2017-04-14,3077.0
R0XAJA2I,gtx plus basic,hottechi,won,2017-04-09,2017-04-17,974.0
BU1B6PHK,gtx plus basic,cheers,won,2017-04-09,2017-04-10,915.0
C3918FWQ,gtx plus basic,singletechno,lost,2017-04-09,2017-08-12,0.0
8GBXTWXE,mg advanced,blackzim,lost,2017-04-09,2017-04-16,0.0
Z29AX2KB,gtx plus basic,condax,won,2017-04-09,2017-06-20,983.0
E733YMVH,gtx plus basic,inity,won,2017-04-09,2017-04-10,1204.0
Y35ES8UY,gtx plus pro,condax,lost,2017-04-09,2017-04-16,0.0
QDRYCR05,gtx plus basic,konmatfix,won,2017-04-09,2017-04-10,970.0
TYWS7KJR,gtx basic,betasoloin,won,2017-04-09,2017-04-16,575.0
X22G55Y5,gtx plus pro,ganjaflex,won,2017-04-09,2017-06-18,5986.0
X7FZMKZW,gtx plus basic,finhigh,lost,2017-04-09,2017-04-21,0.0
72WE0PUH,mg special,rantouch,won,2017-04-09,2017-06-16,64.0
45B6VA2Y,mg special,,engaging,2017-04-09,,
SKBDCYV5,gtx plus basic,zencorporation,engaging,2017-04-09,,
HLGGWYP1,gtx basic,scotfind,lost,2017-04-09,2017-04-15,0.0
RU3OP2BA,mg advanced,j texon,won,2017-04-09,2017-06-26,3070.0
YXOM4S7G,mg special,finhigh,lost,2017-04-10,2017-04-11,0.0
JPH5WS60,gtx basic,initech,lost,2017-04-10,2017-04-11,0.0
O1TDG6YN,gtx plus basic,mathtouch,lost,2017-04-10,2017-04-17,0.0
4INFXLM5,mg special,rangreen,lost,2017-04-10,2017-04-20,0.0
LIZMTGH2,mg advanced,isdom,won,2017-04-10,2017-04-18,3409.0
04LU4OPA,gtx plus pro,acme corporation,won,2017-04-10,2017-06-11,5721.0
T1I8GE75,gtxpro,ganjaflex,won,2017-04-10,2017-06-28,5039.0
2HU581DM,gtxpro,xx zobam,won,2017-04-10,2017-04-11,5000.0
75S7S74S,gtx basic,hottechi,lost,2017-04-10,2017-04-18,0.0
VTVF5TBV,gtxpro,codehow,lost,2017-04-10,2017-04-18,0.0
6AC2ATXU,gtx plus pro,gogozoom,won,2017-04-10,2017-04-16,4955.0
F4J6AVPQ,gtxpro,condax,won,2017-04-10,2017-04-17,5065.0
NFTSU7RW,gtxpro,globex corporation,won,2017-04-10,2017-04-17,4343.0
NCUXZU3S,gtxpro,stanredtax,won,2017-04-10,2017-04-20,3892.0
YGNVLLUR,gtx basic,warephase,lost,2017-04-10,2017-04-20,0.0
XQ0N9T87,mg advanced,,engaging,2017-04-10,,
O08NQM1J,mg advanced,cheers,lost,2017-04-10,2017-04-11,0.0
5OJ4IRW4,gtx plus basic,conecom,won,2017-04-10,2017-06-27,1115.0
ZLY8SZXO,gtx basic,kan code,won,2017-04-10,2017-04-16,533.0
DCC85LZO,gtx plus basic,cheers,won,2017-04-10,2017-04-13,1290.0
ZVWUL0LL,gtx basic,hottechi,lost,2017-04-10,2017-04-12,0.0
4R5LIB5F,gtx plus basic,green plus,lost,2017-04-10,2017-06-13,0.0
P010EEZF,mg special,dontechi,lost,2017-04-10,2017-04-12,0.0
7AL9GWK6,gtx plus basic,codehow,won,2017-04-10,2017-06-02,1047.0
RHXY2M2W,mg special,gogozoom,won,2017-04-10,2017-04-18,47.0
IKU97NEU,mg advanced,funholding,engaging,2017-04-10,,
R7SESFM0,gtx basic,condax,lost,2017-04-10,2017-04-21,0.0
X501NN9P,gtxpro,rangreen,won,2017-04-10,2017-06-09,4413.0
AUDYTWRK,gtx plus basic,hottechi,won,2017-04-10,2017-06-26,950.0
EUKD4Z0V,gtxpro,plussunin,lost,2017-04-10,2017-04-16,0.0
KPUHKYWU,gtxpro,the new york inquirer,won,2017-04-10,2017-04-20,4136.0
B0KF3NFK,mg special,rundofase,won,2017-04-10,2017-04-18,62.0
70M5V003,mg special,j texon,lost,2017-04-10,2017-04-18,0.0
456BP2X7,mg advanced,,engaging,2017-04-10,,
OC66D0JA,gtx basic,goodsilron,won,2017-04-10,2017-04-11,467.0
KE7SZLG7,gtx plus basic,gekko co,won,2017-04-11,2017-06-11,1075.0
XYZ39YT2,mg special,betatech,lost,2017-04-11,2017-04-19,0.0
O4LNS6IC,mg special,ontomedia,won,2017-04-11,2017-04-13,52.0
UKIM9XIZ,gtxpro,inity,lost,2017-04-11,2017-04-19,0.0
5Z0ACVAM,gtxpro,inity,lost,2017-04-11,2017-04-12,0.0
DIAR4IM7,gtxpro,condax,won,2017-04-11,2017-04-18,4837.0
30YWHJV8,gtx plus basic,plussunin,lost,2017-04-11,2017-04-18,0.0
ABXW1X4U,gtx basic,faxquote,lost,2017-04-11,2017-06-22,0.0
SZ1H1L8I,gtx plus basic,xx holding,won,2017-04-11,2017-04-13,1163.0
IR03B656,gtx basic,rundofase,lost,2017-04-11,2017-04-21,0.0
6NZROTHF,gtx plus pro,rantouch,lost,2017-04-11,2017-06-10,0.0
IFIIB8Y6,gtx basic,konex,lost,2017-04-11,2017-04-13,0.0
J58BUYQH,gtx plus basic,,engaging,2017-04-11,,
R2CS85YJ,gtx basic,groovestreet,lost,2017-04-11,2017-04-13,0.0
8EAINY61,gtx basic,singletechno,lost,2017-04-11,2017-04-18,0.0
T23MHC9C,gtx basic,doncon,won,2017-04-11,2017-04-18,568.0
D30QC4EE,gtxpro,rantouch,won,2017-04-11,2017-06-19,5063.0
JHIX3ODA,mg advanced,dambase,lost,2017-04-11,2017-04-21,0.0
BPUE8GTU,mg special,rundofase,won,2017-04-11,2017-06-06,46.0
2DOJKFNW,mg advanced,dambase,lost,2017-04-11,2017-04-12,0.0
0PSKGNYE,gtx basic,gogozoom,won,2017-04-11,2017-04-12,504.0
J75N0QYA,mg special,gogozoom,won,2017-04-11,2017-04-13,55.0
SDS8SAZC,gtxpro,hatfan,won,2017-04-11,2017-06-17,4760.0
1426E8W6,gtx basic,cancity,lost,2017-04-11,2017-04-21,0.0
3BFBN8JW,mg advanced,funholding,lost,2017-04-11,2017-04-18,0.0
W1GERPB9,gtxpro,fasehatice,won,2017-04-11,2017-06-21,4653.0
FN1QX0BQ,mg special,,engaging,2017-04-11,,
922DHXBA,mg special,opentech,lost,2017-04-11,2017-04-22,0.0
L36WU4AH,mg special,massive dynamic,won,2017-04-11,2017-04-12,55.0
2K8H292S,gtx basic,rundofase,lost,2017-04-12,2017-04-18,0.0
7Y530NLJ,gtx plus basic,genco pura olive oil company,engaging,2017-04-12,,
XNHGOHPW,mg advanced,konex,won,2017-04-12,2017-04-22,3223.0
GAM8C5ET,gtx plus pro,betasoloin,lost,2017-04-12,2017-04-17,0.0
BHT7UEDJ,gtx basic,zathunicon,won,2017-04-12,2017-04-19,553.0
7PAVX9CP,gtx plus basic,gekko co,won,2017-04-12,2017-04-14,1114.0
IVW8MQGN,mg advanced,dambase,won,2017-04-12,2017-04-20,3785.0
CVFUMOK9,gtx plus pro,rangreen,engaging,2017-04-12,,
1VHUPB8X,gtx plus basic,streethex,lost,2017-04-12,2017-04-14,0.0
G5FN7I7T,mg advanced,gogozoom,lost,2017-04-12,2017-06-28,0.0
OHVPXBSR,gtxpro,yearin,won,2017-04-12,2017-04-13,5316.0
GHY9QZKG,mg special,goodsilron,lost,2017-04-12,2017-04-16,0.0
M9RGVU1F,gtxpro,cancity,lost,2017-04-12,2017-04-24,0.0
JBBJL4C2,gtx basic,dontechi,won,2017-04-12,2017-06-23,531.0
HMI6RBK9,gtx basic,rangreen,won,2017-04-12,2017-06-16,544.0
2EKGLB0Q,gtx basic,y corporation,won,2017-04-12,2017-04-13,478.0
NBYPJR21,gtxpro,finjob,won,2017-04-12,2017-04-22,5672.0
HYPZOTY8,mg special,goodsilron,won,2017-04-12,2017-04-19,51.0
31I0SB7T,mg advanced,konex,won,2017-04-12,2017-04-19,3141.0
R0CLLIH9,gtxpro,,engaging,2017-04-12,,
UIDAJBAI,gtxpro,doncon,lost,2017-04-12,2017-04-13,0.0
VO3C2LE4,mg special,groovestreet,lost,2017-04-12,2017-04-16,0.0
UC7JT39Q,mg special,golddex,lost,2017-04-12,2017-04-13,0.0
F1LLBOUV,gtx plus basic,codehow,lost,2017-04-12,2017-04-13,0.0
7H9J8W50,gtx plus pro,hottechi,lost,2017-04-12,2017-04-14,0.0
8O03S3U3,gtx plus pro,conecom,lost,2017-04-12,2017-04-22,0.0
TGQN6HTN,gtx plus pro,kan code,won,2017-04-12,2017-06-21,5393.0
X8GGF9MG,mg special,dontechi,engaging,2017-04-12,,
CPJK2600,mg special,statholdings,lost,2017-04-12,2017-04-19,0.0
3P7QQSVF,mg special,,engaging,2017-04-12,,
PGXIPGDM,mg advanced,lexiqvolax,engaging,2017-04-12,,
TLXS1NB8,gtx plus pro,green plus,lost,2017-04-12,2017-04-19,0.0
TRR34NSR,gtx basic,hottechi,won,2017-04-12,2017-06-06,638.0
F2KINGVU,mg special,j texon,won,2017-04-12,2017-04-23,50.0
Q169CIK6,mg advanced,bioplex,lost,2017-04-12,2017-04-18,0.0
1QWG9VM6,gtxpro,hatfan,won,2017-04-12,2017-04-22,4272.0
8OHCCD42,gtx plus basic,bioholding,lost,2017-04-13,2017-04-15,0.0
QBCK25DV,mg special,inity,won,2017-04-13,2017-04-15,58.0
8IEVY30X,gtx plus basic,ontomedia,won,2017-04-13,2017-04-14,1088.0
6444O6DK,gtx basic,donquadtech,lost,2017-04-13,2017-04-23,0.0
GNL7T2JP,gtxpro,silis,lost,2017-04-13,2017-04-18,0.0
V9YR14KW,gtx basic,plussunin,lost,2017-04-13,2017-04-20,0.0
24LP4J8U,gtxpro,kan code,lost,2017-04-13,2017-05-13,0.0
37LTMWB0,gtx basic,betatech,lost,2017-04-13,2017-04-20,0.0
8BH9RNZI,gtxpro,globex corporation,lost,2017-04-13,2017-04-14,0.0
2ZU519Y6,gtx plus basic,domzoom,won,2017-04-13,2017-04-19,1327.0
ZESI2PFU,gtx plus basic,dontechi,won,2017-04-13,2017-06-27,923.0
X8T4XLTY,gtx plus basic,scottech,won,2017-04-13,2017-04-23,1058.0
OS2CD01K,gtx plus pro,streethex,won,2017-04-13,2017-04-21,5220.0
JNKDEAG9,gtx plus pro,condax,lost,2017-04-13,2017-04-19,0.0
7MGVL7FC,mg special,ron tech,won,2017-04-13,2017-04-22,55.0
IFJ2AE9R,mg advanced,dalttechnology,lost,2017-04-13,2017-04-20,0.0
HEDUIEUN,mg special,hatfan,won,2017-04-13,2017-06-23,62.0
D3OST43E,gtx plus basic,golddex,won,2017-04-13,2017-04-20,996.0
Z7OH4GWO,gtxpro,,engaging,2017-04-13,,
9537WTHG,gtx basic,rantouch,lost,2017-04-13,2017-06-09,0.0
6PMHI9G4,gtx basic,hottechi,won,2017-04-13,2017-04-22,543.0
H3ITKE4I,gtxpro,hatfan,lost,2017-04-13,2017-04-19,0.0
4RPUMZ9M,gtxpro,y corporation,lost,2017-04-13,2017-04-21,0.0
U9RFE81I,mg special,warephase,lost,2017-04-13,2017-08-16,0.0
4T2XENE2,gtx plus basic,scottech,lost,2017-04-13,2017-06-16,0.0
LIFA0JYO,mg special,finhigh,lost,2017-04-13,2017-05-26,0.0
JQ8V4I1K,mg special,bioholding,won,2017-04-13,2017-04-22,56.0
N5CCEEOY,gtx plus pro,kan code,lost,2017-04-13,2017-04-20,0.0
C0SNGBJU,mg advanced,blackzim,lost,2017-04-13,2017-04-23,0.0
VN6JB8HU,gtx plus basic,sumace,won,2017-04-13,2017-06-10,1145.0
JK4IB77I,gtxpro,silis,lost,2017-04-13,2017-04-26,0.0
81G840FM,gtx basic,,engaging,2017-04-13,,
U5K2MZB6,mg advanced,,engaging,2017-04-13,,
XMEYATKB,gtx plus pro,zencorporation,lost,2017-04-14,2017-04-19,0.0
IUDDK8Q0,gtxpro,bluth company,lost,2017-04-14,2017-04-22,0.0
YQXAY03C,mg advanced,umbrella corporation,lost,2017-04-14,2017-04-19,0.0
QKQ5N9Z1,gtx plus basic,massive dynamic,won,2017-04-14,2017-04-23,1033.0
RZRRMWTH,mg advanced,the new york inquirer,lost,2017-04-14,2017-04-20,0.0
JS9SCCJ3,gtx plus basic,gogozoom,lost,2017-04-14,2017-04-15,0.0
WOBZWEPI,gtxpro,treequote,lost,2017-04-14,2017-04-16,0.0
HBIQF55L,gtxpro,cancity,won,2017-04-14,2017-08-14,4359.0
V5XB0UPL,gtxpro,warephase,won,2017-04-14,2017-06-02,4575.0
QW9JMUTD,mg special,finhigh,won,2017-04-14,2017-04-22,53.0
7ODLTF4W,gtx basic,j texon,won,2017-04-14,2017-04-16,597.0
RUCPPMPY,mg advanced,zoomit,won,2017-04-14,2017-06-16,3179.0
SJHD5TFA,gtx basic,globex corporation,lost,2017-04-14,2017-06-16,0.0
2B0QVPBT,mg special,stanredtax,won,2017-04-14,2017-04-15,57.0
YIZ1VQ3U,mg advanced,hottechi,lost,2017-04-14,2017-04-15,0.0
FMNSL9TP,mg advanced,scotfind,won,2017-04-14,2017-04-24,2997.0
8ZU8D508,gtx basic,faxquote,won,2017-04-14,2017-05-29,545.0
NVDVFYGE,gtx basic,zumgoity,won,2017-04-14,2017-04-25,565.0
QQH0YV1W,mg special,treequote,won,2017-04-14,2017-04-24,54.0
ZVAZKWF3,gtxpro,,engaging,2017-04-14,,
IUNX2OMX,gtx basic,j texon,lost,2017-04-14,2017-04-15,0.0
6WODV6KD,gtxpro,sunnamplex,won,2017-04-14,2017-04-21,4991.0
6S2ABHZS,gtx basic,,engaging,2017-04-14,,
COM9RNBL,mg special,,engaging,2017-04-14,,
RTZFPWVN,gtx plus pro,hottechi,lost,2017-04-14,2017-04-19,0.0
VYDCTUAU,mg advanced,blackzim,lost,2017-04-14,2017-04-16,0.0
KYFONJP5,gtxpro,silis,won,2017-04-14,2017-06-16,5546.0
ANXSK3QV,mg special,hottechi,won,2017-04-14,2017-04-20,59.0
7I6OHUE4,gtx plus basic,statholdings,lost,2017-04-15,2017-04-23,0.0
AY9NWO78,mg special,statholdings,lost,2017-04-15,2017-04-20,0.0
BEP06EN5,gtx plus pro,statholdings,won,2017-04-15,2017-04-16,5082.0
8H95X3AP,gtx plus pro,iselectrics,won,2017-04-15,2017-04-24,5293.0
P7LVKDC9,gtx plus basic,hottechi,won,2017-04-15,2017-06-27,1163.0
QRVHBQSF,mg special,ganjaflex,won,2017-04-15,2017-04-16,49.0
8KH8XJRE,mg special,donquadtech,won,2017-04-15,2017-05-01,53.0
YZ4AIQQR,mg advanced,betatech,lost,2017-04-15,2017-04-16,0.0
R8CW1D6X,mg advanced,gogozoom,lost,2017-04-15,2017-06-12,0.0
68KYNPDQ,gtx plus basic,lexiqvolax,lost,2017-04-15,2017-04-24,0.0
K6M3EX4O,gtx plus basic,,engaging,2017-04-15,,
9B0HGLRU,gtx basic,fasehatice,lost,2017-04-15,2017-04-21,0.0
LWPFQ1UA,gtx basic,,engaging,2017-04-15,,
TN59K8NP,gtx basic,sunnamplex,lost,2017-04-15,2017-08-07,0.0
3OBMD08T,mg advanced,codehow,lost,2017-04-15,2017-04-17,0.0
5FWBETTO,mg advanced,finhigh,won,2017-04-15,2017-05-19,3641.0
ANRCHVJM,mg special,plusstrip,engaging,2017-04-15,,
UDTQF84C,gtx basic,condax,lost,2017-04-15,2017-04-17,0.0
35IRGXY3,gtx basic,condax,won,2017-04-15,2017-05-23,501.0
YHRVQVPV,gtx plus pro,konex,won,2017-04-15,2017-04-20,4687.0
0PGJNCD7,gtx basic,dambase,won,2017-04-16,2017-06-23,626.0
7X7YIWJO,gtx basic,finhigh,won,2017-04-16,2017-08-03,489.0
2IO3IJPO,gtxpro,zencorporation,won,2017-04-16,2017-04-27,4852.0
WCSJBX3N,mg advanced,warephase,lost,2017-04-16,2017-06-28,0.0
FCNYDFK3,gtx plus basic,bubba gump,won,2017-04-16,2017-06-06,1192.0
3Y26MZHI,gtxpro,donquadtech,won,2017-04-16,2017-04-17,5104.0
P0BMLVSL,gtxpro,codehow,won,2017-04-16,2017-08-09,5820.0
QK5BW61U,mg advanced,acme corporation,won,2017-04-16,2017-08-05,3012.0
J3SZACNW,gtx plus pro,sumace,lost,2017-04-16,2017-04-22,0.0
5SNTPPOV,gtxpro,mathtouch,lost,2017-04-16,2017-04-18,0.0
D7F2AWWW,gtxpro,konex,won,2017-04-16,2017-04-23,3930.0
FUL5V96O,gtx plus basic,domzoom,won,2017-04-16,2017-04-22,1055.0
BWIWI1PC,mg advanced,blackzim,lost,2017-04-16,2017-04-22,0.0
GYBIACTC,gtx basic,scottech,won,2017-04-16,2017-04-24,538.0
VD6BP6T2,mg special,domzoom,won,2017-04-16,2017-04-23,68.0
10AEGW41,gtxpro,,engaging,2017-04-16,,
QA9XE19H,mg advanced,newex,lost,2017-04-16,2017-04-23,0.0
8ZYPSX66,gtx basic,newex,won,2017-04-16,2017-04-28,572.0
0AN86YDG,gtx plus basic,groovestreet,won,2017-04-16,2017-04-24,1234.0
VKXZ36VE,gtx basic,ron tech,lost,2017-04-16,2017-04-18,0.0
OJYFSZ2O,mg special,isdom,lost,2017-04-16,2017-04-17,0.0
6G6ZCKSB,gtxpro,,engaging,2017-04-16,,
YGL1F8K1,mg special,plusstrip,won,2017-04-16,2017-05-04,56.0
C1WGTTYF,mg special,zathunicon,lost,2017-04-16,2017-05-03,0.0
1OZWGQK9,mg special,doncon,lost,2017-04-16,2017-04-25,0.0
EXICVP8C,mg special,warephase,won,2017-04-17,2017-04-26,52.0
DLXFY70W,mg advanced,codehow,won,2017-04-17,2017-04-24,3668.0
GO7UM9AV,gtx basic,plussunin,lost,2017-04-17,2017-04-19,0.0
F5ITRBMX,mg advanced,zotware,won,2017-04-17,2017-08-04,3138.0
8KFFRJSS,mg special,conecom,lost,2017-04-17,2017-04-19,0.0
38VRB2P1,gtx basic,ontomedia,lost,2017-04-17,2017-04-18,0.0
9CGD5QSZ,gtx basic,zencorporation,lost,2017-04-17,2017-04-21,0.0
UPZRAO84,gtxpro,iselectrics,won,2017-04-17,2017-06-01,5032.0
BPCWRG9P,gtx plus basic,plussunin,won,2017-04-17,2017-04-20,1310.0
JE5085VJ,gtx plus pro,mathtouch,won,2017-04-17,2017-06-27,5076.0
P5MLWDXX,mg advanced,vehement capital partners,won,2017-04-17,2017-06-19,3641.0
IJ7AUTVC,gtxpro,conecom,lost,2017-04-17,2017-04-18,0.0
84T104O7,gtx plus basic,warephase,won,2017-04-17,2017-04-25,1170.0
0GXXCA37,gtxpro,domzoom,won,2017-04-17,2017-05-01,4226.0
GACPNKGI,mg special,,engaging,2017-04-17,,
9PCWAYWC,mg advanced,green plus,lost,2017-04-17,2017-04-18,0.0
OJ0C7S3T,gtxpro,genco pura olive oil company,won,2017-04-17,2017-04-24,4784.0
3VMC6PGJ,gtx plus basic,faxquote,lost,2017-04-17,2017-04-25,0.0
E2MWXGNG,mg advanced,blackzim,lost,2017-04-17,2017-04-19,0.0
E4082SMQ,gtx basic,,engaging,2017-04-17,,
QZ2E9TSL,mg advanced,golddex,lost,2017-04-17,2017-08-12,0.0
L3AYCTGW,gtxpro,goodsilron,won,2017-04-17,2017-04-24,5451.0
IZ02GW0R,gtx basic,faxquote,won,2017-04-17,2017-04-19,527.0
LSVGDJ1A,gtx plus pro,,engaging,2017-04-17,,
2LSNRT4U,gtxpro,,engaging,2017-04-17,,
5AI9WG6M,gtx plus pro,y corporation,lost,2017-04-17,2017-04-25,0.0
Q1DFFYB5,gtx plus pro,y corporation,lost,2017-04-17,2017-04-19,0.0
XWZG5VPL,gtxpro,scotfind,lost,2017-04-17,2017-04-18,0.0
30FHAEJZ,gtx plus pro,fasehatice,won,2017-04-17,2017-04-19,5408.0
AZOXWEKL,gtx plus basic,conecom,lost,2017-04-17,2017-05-02,0.0
2NKZR4IM,gtx plus pro,isdom,lost,2017-04-17,2017-04-24,0.0
3PPB3Q04,mg special,konmatfix,won,2017-04-17,2017-06-23,48.0
C9330YF1,gtx basic,blackzim,engaging,2017-04-17,,
610UUEAG,gtx basic,plexzap,won,2017-04-17,2017-04-24,527.0
FIYSM4E1,gtx plus basic,dambase,won,2017-04-17,2017-04-23,1160.0
BCUR8B2A,gtx basic,inity,won,2017-04-17,2017-06-06,491.0
8PGDRAH2,gtx basic,umbrella corporation,won,2017-04-17,2017-04-19,555.0
QD8F0CI6,gtx basic,,engaging,2017-04-17,,
7K0S2P6K,gtxpro,,engaging,2017-04-17,,
G1C9IG0T,mg special,lexiqvolax,lost,2017-04-17,2017-04-27,0.0
G4B4Z525,mg special,isdom,won,2017-04-17,2017-04-23,62.0
J9SE3QJD,mg special,ganjaflex,lost,2017-04-17,2017-04-26,0.0
JORFI81C,mg special,konex,won,2017-04-17,2017-04-25,56.0
GET2JILL,mg advanced,the new york inquirer,won,2017-04-17,2017-04-23,3490.0
E3HJPDFZ,gtxpro,y corporation,lost,2017-04-17,2017-06-24,0.0
Q22714T0,mg special,betatech,lost,2017-04-18,2017-04-24,0.0
FCGE8U5M,mg special,betatech,won,2017-04-18,2017-04-25,51.0
ROQBT7TM,mg special,condax,won,2017-04-18,2017-06-20,54.0
WLFLY0BD,mg special,conecom,won,2017-04-18,2017-04-27,56.0
8S649LDO,gtxpro,kan code,lost,2017-04-18,2017-05-27,0.0
JR7SC0S2,mg advanced,gekko co,won,2017-04-18,2017-08-04,3808.0
MFGCEDXE,gtx plus pro,yearin,lost,2017-04-18,2017-05-04,0.0
Y9Y4TXD9,mg advanced,konex,won,2017-04-18,2017-05-03,3041.0
ZKOGIB6R,gtx basic,xx zobam,lost,2017-04-18,2017-04-25,0.0
DJMPI9TO,gtk 500,xx zobam,engaging,2017-04-18,,
Z353E8FR,mg advanced,condax,lost,2017-04-18,2017-04-30,0.0
IKJSXBY0,gtxpro,isdom,lost,2017-04-18,2017-05-04,0.0
5SYJS0HS,gtx plus pro,goodsilron,lost,2017-04-18,2017-04-23,0.0
U6XJRWV8,mg advanced,,engaging,2017-04-18,,
UXOQQR39,gtx plus basic,golddex,lost,2017-04-18,2017-04-20,0.0
J5DF2ZO1,mg special,kan code,won,2017-04-18,2017-04-29,44.0
HGF361RQ,gtx plus pro,xx holding,lost,2017-04-18,2017-04-24,0.0
9B8SPYAF,gtx basic,doncon,won,2017-04-18,2017-04-24,552.0
BYF6ABTZ,gtx plus pro,opentech,engaging,2017-04-18,,
VTLI5HIE,gtx basic,newex,won,2017-04-18,2017-04-26,474.0
N60UJ28O,gtx plus basic,xx holding,won,2017-04-18,2017-04-22,1158.0
R102IPTH,gtx plus pro,faxquote,won,2017-04-18,2017-04-19,5839.0
C9O4E52T,gtxpro,singletechno,won,2017-04-18,2017-08-06,4554.0
CJP7LWRK,gtxpro,xx holding,won,2017-04-18,2017-04-24,5078.0
NHE1CETW,gtx plus basic,genco pura olive oil company,lost,2017-04-18,2017-04-26,0.0
1O1GVZEU,gtx basic,cheers,won,2017-04-18,2017-06-04,561.0
K8LRZ95S,gtx plus basic,,engaging,2017-04-18,,
2OQB2KPY,gtx plus basic,finjob,lost,2017-04-18,2017-04-22,0.0
KK4VW0ZM,mg advanced,ron tech,lost,2017-04-18,2017-05-22,0.0
JHLG51ZI,mg advanced,inity,won,2017-04-18,2017-04-19,3392.0
Q8BZ3PC9,gtx plus pro,,engaging,2017-04-18,,
49ZS7GTS,mg special,,engaging,2017-04-18,,
M857G6G1,mg advanced,,engaging,2017-04-18,,
TS4CB9TH,gtxpro,fasehatice,won,2017-04-18,2017-04-20,5040.0
5K0ZFCVO,mg special,,engaging,2017-04-18,,
6AEVX11M,mg special,,engaging,2017-04-18,,
BH40KWV5,gtxpro,goodsilron,lost,2017-04-18,2017-04-24,0.0
MMVHAEI3,mg advanced,rantouch,lost,2017-04-18,2017-04-25,0.0
PGRIPWHY,gtx plus pro,sonron,won,2017-04-18,2017-04-25,5853.0
0VXUZU7P,mg special,scottech,won,2017-04-19,2017-04-25,49.0
WGETO859,gtx basic,,engaging,2017-04-19,,
7B21SGQ8,gtx plus basic,gekko co,won,2017-04-19,2017-04-29,1080.0
I6TVFB6J,gtx basic,genco pura olive oil company,lost,2017-04-19,2017-04-28,0.0
PHAFVDFO,mg special,konmatfix,won,2017-04-19,2017-04-20,55.0
CTWSDG4U,gtx basic,,engaging,2017-04-19,,
I6O855AE,gtx plus basic,acme corporation,won,2017-04-19,2017-05-22,1282.0
OUIK8VX3,gtk 500,lexiqvolax,won,2017-04-19,2017-04-20,23746.0
RYO875D0,gtx basic,massive dynamic,lost,2017-04-19,2017-04-28,0.0
0EYXI1UN,mg advanced,,engaging,2017-04-19,,
O5S6WEM7,gtx basic,doncon,lost,2017-04-19,2017-05-01,0.0
DJ2FHO68,gtx basic,golddex,lost,2017-04-19,2017-08-16,0.0
5LHNRZD3,mg advanced,streethex,lost,2017-04-19,2017-04-21,0.0
URIKPDOJ,gtx plus basic,cheers,lost,2017-04-19,2017-04-27,0.0
U1J4YN0I,gtx basic,cancity,lost,2017-04-19,2017-04-21,0.0
QBUJF4I7,mg special,opentech,lost,2017-04-19,2017-04-20,0.0
99QIJAAP,mg special,opentech,won,2017-04-19,2017-04-27,61.0
K127AFNP,mg special,j texon,lost,2017-04-19,2017-04-30,0.0
4K7PRO1B,gtx basic,goodsilron,won,2017-04-19,2017-04-28,600.0
XOVYPE58,gtxpro,betasoloin,engaging,2017-04-19,,
AYB7DWUH,gtx plus pro,opentech,won,2017-04-19,2017-04-20,5805.0
6CKXLPAR,mg special,hottechi,won,2017-04-19,2017-06-27,58.0
FQ2F717F,mg special,scottech,won,2017-04-19,2017-08-03,52.0
2SBP68CP,mg special,gekko co,lost,2017-04-19,2017-04-21,0.0
S2MSQIXP,gtx basic,hottechi,engaging,2017-04-19,,
LPGOTIM2,mg special,silis,won,2017-04-20,2017-06-16,55.0
LW8485Y2,gtx plus basic,acme corporation,won,2017-04-20,2017-08-10,1161.0
UKLAKXP2,gtxpro,plussunin,won,2017-04-20,2017-04-25,5091.0
4LLWRSBJ,mg special,donquadtech,won,2017-04-20,2017-04-22,59.0
YYJILFBU,gtx plus pro,plussunin,lost,2017-04-20,2017-05-01,0.0
AWVSWBQV,gtx basic,ontomedia,lost,2017-04-20,2017-04-22,0.0
VORZHQ40,gtxpro,gogozoom,lost,2017-04-20,2017-04-30,0.0
5QD09R7U,gtx basic,rundofase,won,2017-04-20,2017-04-28,549.0
ETISD84I,gtx plus basic,zathunicon,lost,2017-04-20,2017-04-24,0.0
K0T5LJ3E,gtk 500,plexzap,won,2017-04-20,2017-06-28,24949.0
D5YLWCFW,gtx plus basic,genco pura olive oil company,lost,2017-04-20,2017-05-02,0.0
ZALE38AC,gtxpro,newex,lost,2017-04-20,2017-05-09,0.0
T7MVQ9SX,gtx plus pro,fasehatice,won,2017-04-20,2017-05-02,4985.0
GTEFJL6U,gtx basic,toughzap,lost,2017-04-20,2017-04-22,0.0
D7MYDHMF,gtx basic,conecom,won,2017-04-20,2017-04-29,657.0
XAE858UJ,gtx basic,streethex,won,2017-04-20,2017-06-30,628.0
WTCU9X9M,gtx plus basic,conecom,won,2017-04-20,2017-06-15,1183.0
0IF5FH68,gtx plus pro,domzoom,won,2017-04-20,2017-08-03,5203.0
QUGPSHY8,mg special,gogozoom,won,2017-04-20,2017-04-27,56.0
C32E4E1D,mg special,,engaging,2017-04-20,,
QNFO4GX8,gtx basic,blackzim,won,2017-04-20,2017-04-28,502.0
U2HYH97X,gtx basic,,engaging,2017-04-20,,
H1NFMTJ4,gtx basic,xx holding,won,2017-04-20,2017-06-25,527.0
AUJ21SKT,mg special,xx holding,lost,2017-04-20,2017-04-21,0.0
XIXNILOP,mg special,finhigh,won,2017-04-20,2017-04-28,64.0
M645P7NW,gtx basic,scotfind,won,2017-04-20,2017-04-27,579.0
UPAGB68Z,gtx plus pro,lexiqvolax,won,2017-04-20,2017-04-30,5958.0
7TCCYDR3,gtxpro,scotfind,won,2017-04-20,2017-05-27,4543.0
H5662N5X,gtx basic,inity,lost,2017-04-20,2017-04-22,0.0
07BT6PBZ,mg special,treequote,won,2017-04-20,2017-05-02,58.0
N7FJ13VQ,gtx plus basic,plussunin,lost,2017-04-20,2017-04-21,0.0
9UYDTR0R,gtx plus pro,vehement capital partners,lost,2017-04-20,2017-04-27,0.0
JOLRMB6X,gtx plus basic,betasoloin,won,2017-04-20,2017-06-24,1036.0
K8DHOJWM,gtx plus pro,genco pura olive oil company,won,2017-04-20,2017-04-27,4878.0
NKBIYNK5,gtx basic,faxquote,lost,2017-04-20,2017-04-28,0.0
8MXI6J6N,gtx plus basic,streethex,lost,2017-04-21,2017-05-05,0.0
MRWHJE9P,gtx plus basic,,engaging,2017-04-21,,
HRLYABOS,gtx plus basic,bubba gump,won,2017-04-21,2017-08-21,1033.0
BTLXFPUB,gtx plus pro,zathunicon,won,2017-04-21,2017-06-12,5343.0
W7GVZL28,gtx plus basic,conecom,lost,2017-04-21,2017-04-30,0.0
HK1JJKQL,gtxpro,stanredtax,lost,2017-04-21,2017-04-27,0.0
D5TGHX3Y,gtxpro,stanredtax,lost,2017-04-21,2017-08-10,0.0
HBXLK0B6,mg advanced,finhigh,won,2017-04-21,2017-04-26,3269.0
PZ6TGFY6,gtx basic,silis,lost,2017-04-21,2017-05-07,0.0
ETADSAC3,gtxpro,acme corporation,won,2017-04-21,2017-04-27,4605.0
8W206MO5,gtx plus pro,mathtouch,won,2017-04-21,2017-06-12,4908.0
Z9SY11HK,mg advanced,labdrill,won,2017-04-21,2017-04-30,3303.0
6YIW81M9,mg advanced,dambase,lost,2017-04-21,2017-04-22,0.0
0XI051FP,mg advanced,ron tech,lost,2017-04-21,2017-05-02,0.0
TBPGQYF8,mg special,streethex,won,2017-04-21,2017-04-22,55.0
7CC38V2J,gtx basic,lexiqvolax,won,2017-04-21,2017-06-29,531.0
PC2V729V,gtx basic,newex,won,2017-04-21,2017-05-04,557.0
7AOZ2F9R,gtx basic,hottechi,won,2017-04-21,2017-06-12,489.0
7I7BZHHT,mg advanced,scottech,lost,2017-04-21,2017-05-29,0.0
79DYTU8Y,mg special,streethex,won,2017-04-21,2017-05-06,60.0
V4HYSJS2,mg advanced,betasoloin,won,2017-04-21,2017-06-04,2887.0
1L6M83Q5,mg advanced,donware,won,2017-04-21,2017-05-02,3214.0
FVGRGJU8,mg advanced,betatech,engaging,2017-04-21,,
POFA8BWL,mg advanced,acme corporation,won,2017-04-21,2017-04-23,3850.0
AKXBF6IQ,mg special,gogozoom,won,2017-04-21,2017-06-09,54.0
Q6OUJCH5,gtxpro,,engaging,2017-04-21,,
VD94D677,mg special,groovestreet,lost,2017-04-21,2017-04-29,0.0
EBUJQ571,gtxpro,plexzap,won,2017-04-21,2017-08-12,5040.0
Z2M1XXEK,gtx plus pro,iselectrics,won,2017-04-21,2017-04-22,6263.0
RBOI8DLQ,gtxpro,scotfind,lost,2017-04-21,2017-05-02,0.0
OI6UHCTN,gtx basic,blackzim,won,2017-04-21,2017-04-23,570.0
LTOKXFP1,gtxpro,dalttechnology,won,2017-04-21,2017-04-29,4633.0
JV6PZSN6,gtx plus pro,donquadtech,lost,2017-04-22,2017-04-29,0.0
9EGAFG1B,gtxpro,kinnamplus,lost,2017-04-22,2017-05-08,0.0
VPSJHIAA,gtxpro,the new york inquirer,won,2017-04-22,2017-04-28,4891.0
MJF4D19K,gtx plus pro,streethex,won,2017-04-22,2017-04-29,5858.0
JR4WED6G,gtxpro,rundofase,won,2017-04-22,2017-05-24,4939.0
GC4YH9D0,gtx basic,inity,won,2017-04-22,2017-08-12,570.0
2ZUL1AAV,mg advanced,fasehatice,lost,2017-04-22,2017-04-29,0.0
8CUN8O4Z,gtx basic,y corporation,won,2017-04-22,2017-04-30,500.0
AMX2BM39,mg advanced,kan code,won,2017-04-22,2017-04-23,3546.0
FK3NS3EW,gtx basic,dalttechnology,won,2017-04-22,2017-04-30,525.0
IIVP87B8,mg special,,engaging,2017-04-22,,
3AB31BUU,gtx plus basic,conecom,won,2017-04-22,2017-04-27,1024.0
ZQ7TYNUV,gtx plus pro,streethex,won,2017-04-22,2017-04-30,6384.0
2PCPSBP9,gtx basic,acme corporation,lost,2017-04-22,2017-05-08,0.0
E223LSRZ,gtx basic,donware,won,2017-04-22,2017-06-24,587.0
SW75F1Q1,mg special,labdrill,won,2017-04-22,2017-04-28,55.0
0Z6MNUF2,mg advanced,y corporation,won,2017-04-22,2017-04-30,3242.0
HWD8ELR9,gtx plus pro,zumgoity,won,2017-04-22,2017-05-26,5558.0
XJI41C0L,gtxpro,singletechno,won,2017-04-22,2017-04-28,4869.0
9FWCMMM3,mg advanced,hottechi,won,2017-04-22,2017-04-29,3661.0
4QFATB6J,gtx basic,,engaging,2017-04-22,,
61E7IHAY,mg special,,engaging,2017-04-22,,
XPDLW6F0,gtxpro,kan code,won,2017-04-22,2017-04-29,5456.0
NCL2AJUL,mg special,globex corporation,lost,2017-04-23,2017-08-26,0.0
1E2LYCWP,gtxpro,plussunin,lost,2017-04-23,2017-04-24,0.0
NZPZ87IX,gtx basic,ganjaflex,lost,2017-04-23,2017-04-30,0.0
SDJDM8RI,mg advanced,umbrella corporation,lost,2017-04-23,2017-08-20,0.0
O64JQPJ2,gtxpro,mathtouch,lost,2017-04-23,2017-04-30,0.0
I18DIO6O,gtx plus pro,zotware,won,2017-04-23,2017-04-24,5780.0
8W464DG6,gtxpro,zencorporation,won,2017-04-23,2017-04-30,5787.0
FI5OA7O6,gtxpro,bioplex,won,2017-04-23,2017-04-25,5149.0
AT6SDVJ5,gtx plus basic,ganjaflex,lost,2017-04-23,2017-08-26,0.0
YDBPPU6J,gtxpro,betasoloin,won,2017-04-23,2017-06-03,5100.0
L6PCVRJS,gtxpro,vehement capital partners,won,2017-04-23,2017-04-30,4810.0
UO6R0X7G,mg special,goodsilron,lost,2017-04-23,2017-05-04,0.0
PC38XXQN,mg advanced,blackzim,lost,2017-04-23,2017-08-01,0.0
7EBT21IA,gtx basic,betatech,won,2017-04-23,2017-04-24,560.0
M7W3E298,gtxpro,inity,won,2017-04-23,2017-05-02,4916.0
KTC0RC8I,mg special,,engaging,2017-04-23,,
MCRDLBIE,mg special,newex,won,2017-04-23,2017-06-11,45.0
JW4K9O5H,gtx plus basic,konex,lost,2017-04-23,2017-04-25,0.0
FX54MQFC,gtx basic,golddex,won,2017-04-23,2017-04-24,592.0
A2C5O4EN,gtx basic,doncon,won,2017-04-23,2017-04-29,529.0
79G6725X,gtxpro,j texon,won,2017-04-23,2017-04-26,5415.0
GM6C1UK3,gtx plus pro,streethex,lost,2017-04-23,2017-05-02,0.0
6VET70WX,gtx basic,bioholding,won,2017-04-23,2017-06-15,518.0
UQO59R6N,mg special,warephase,won,2017-04-23,2017-08-11,52.0
CY7C3ZPJ,mg advanced,,engaging,2017-04-23,,
HEOTZFII,mg special,labdrill,lost,2017-04-23,2017-04-24,0.0
8V4PEF5D,mg special,funholding,won,2017-04-23,2017-06-25,51.0
7RJMI3GC,gtx basic,genco pura olive oil company,won,2017-04-23,2017-04-24,554.0
2ZEFCKS3,gtxpro,rundofase,won,2017-04-23,2017-09-01,4835.0
3EGE42CM,mg advanced,ontomedia,lost,2017-04-23,2017-04-24,0.0
M9GP930T,mg special,,engaging,2017-04-23,,
APWT2PFU,mg special,blackzim,won,2017-04-23,2017-04-30,59.0
SUT0ZGFM,mg advanced,initech,lost,2017-04-23,2017-05-06,0.0
PTCP8RP4,mg special,zumgoity,lost,2017-04-23,2017-05-05,0.0
QRFKRSKS,mg advanced,dontechi,lost,2017-04-23,2017-08-06,0.0
J82TWNI7,gtxpro,plexzap,lost,2017-04-23,2017-08-13,0.0
DSIX9DGZ,mg special,newex,lost,2017-04-23,2017-04-30,0.0
64WCPKZ1,gtx plus pro,xx zobam,won,2017-04-23,2017-05-08,5813.0
D3G7ER0D,gtxpro,opentech,won,2017-04-23,2017-05-01,5414.0
LITG1BL1,gtx plus pro,xx holding,lost,2017-04-23,2017-04-28,0.0
7FKONHLX,mg special,ron tech,won,2017-04-24,2017-04-25,62.0
NMY6FA6X,mg advanced,,engaging,2017-04-24,,
S439SXI1,gtxpro,plussunin,won,2017-04-24,2017-08-04,4505.0
SG1T9M5F,gtxpro,isdom,lost,2017-04-24,2017-04-30,0.0
SLP4PTFK,gtx plus basic,konmatfix,won,2017-04-24,2017-05-06,1020.0
X3S5O9LJ,gtx plus pro,domzoom,won,2017-04-24,2017-04-29,5029.0
ZA6AJ0N1,gtxpro,scottech,won,2017-04-24,2017-08-15,5191.0
QGBMWIO6,gtx basic,zotware,lost,2017-04-24,2017-05-06,0.0
T361XRAQ,gtxpro,dontechi,lost,2017-04-24,2017-05-03,0.0
NUQPJV8A,mg advanced,,engaging,2017-04-24,,
GWRN1R49,mg advanced,scotfind,won,2017-04-24,2017-05-05,3042.0
Q0KYIEKA,gtx basic,globex corporation,won,2017-04-24,2017-04-26,580.0
VY4IVO2W,gtx plus basic,,engaging,2017-04-24,,
2K7R3QHZ,gtx basic,nam zim,won,2017-04-24,2017-09-03,616.0
WUWOHRX2,gtx plus basic,j texon,won,2017-04-24,2017-04-29,788.0
2OPR77CI,gtx basic,kan code,lost,2017-04-24,2017-04-26,0.0
EO481IOJ,gtxpro,vehement capital partners,won,2017-04-24,2017-04-25,4980.0
INKH0Y59,mg special,,engaging,2017-04-24,,
OSMGVV1S,mg special,,engaging,2017-04-24,,
1VIKWVHD,gtx basic,green plus,lost,2017-04-24,2017-08-10,0.0
UOXKC4UG,mg advanced,bioplex,won,2017-04-24,2017-08-04,2981.0
RDF2R9F8,gtx basic,finjob,lost,2017-04-24,2017-04-30,0.0
196BHHOS,gtx plus pro,green plus,lost,2017-04-24,2017-04-27,0.0
BDUNPUWY,gtx plus basic,,engaging,2017-04-25,,
EYZ1MNSS,gtx basic,zencorporation,won,2017-04-25,2017-04-27,560.0
HDALWEHF,gtxpro,,engaging,2017-04-25,,
KFVI73X6,mg advanced,donquadtech,won,2017-04-25,2017-05-10,3844.0
88R4UBAN,gtx basic,bluth company,won,2017-04-25,2017-05-06,562.0
08EX3XKE,mg special,the new york inquirer,won,2017-04-25,2017-05-01,51.0
4DK84UMX,gtx plus basic,finhigh,won,2017-04-25,2017-06-20,984.0
735GFCU0,gtxpro,gogozoom,won,2017-04-25,2017-06-07,4923.0
OTJR9SSK,gtx plus basic,,engaging,2017-04-25,,
2L8LJJRJ,gtx basic,faxquote,lost,2017-04-25,2017-08-03,0.0
2EO70V27,gtxpro,sunnamplex,lost,2017-04-25,2017-04-27,0.0
7KU6B599,gtx basic,hottechi,lost,2017-04-25,2017-08-16,0.0
PNBSQPBR,mg advanced,konmatfix,lost,2017-04-25,2017-05-02,0.0
GQ2W1DXM,gtxpro,,engaging,2017-04-25,,
S87Y1DOY,gtx plus basic,y corporation,won,2017-04-25,2017-04-26,1113.0
EUE812O3,gtx plus pro,treequote,won,2017-04-25,2017-05-11,6039.0
OBE9NAIO,gtx basic,massive dynamic,won,2017-04-25,2017-06-04,538.0
7CTCDP9S,mg advanced,globex corporation,lost,2017-04-25,2017-04-27,0.0
XE84LNAS,gtxpro,groovestreet,won,2017-04-25,2017-05-22,4364.0
CEEJ2EN5,gtx plus basic,,engaging,2017-04-25,,
JNEQWZQK,gtx basic,,engaging,2017-04-25,,
QRW4NKCY,gtx basic,labdrill,lost,2017-04-25,2017-08-07,0.0
RD0L0NJG,gtx basic,rantouch,won,2017-04-25,2017-04-27,464.0
PEPOKEFV,gtx plus basic,cancity,lost,2017-04-26,2017-08-01,0.0
M16WB7N8,gtx plus pro,warephase,lost,2017-04-26,2017-08-01,0.0
JHVY8I1M,gtx plus basic,hottechi,won,2017-04-26,2017-06-30,1073.0
E59MLGMH,gtx basic,umbrella corporation,lost,2017-04-26,2017-04-28,0.0
VGIIK8MS,gtx plus basic,donware,lost,2017-04-26,2017-05-01,0.0
BTM58SCH,gtxpro,massive dynamic,lost,2017-04-26,2017-08-09,0.0
RXAQJKSL,gtx plus pro,,engaging,2017-04-26,,
HVVED5ZC,mg special,donware,lost,2017-04-26,2017-08-04,0.0
IGRY0M4Q,mg advanced,,engaging,2017-04-26,,
HE5988NI,gtx plus basic,globex corporation,lost,2017-04-26,2017-08-09,0.0
N5QER189,gtx plus basic,rundofase,won,2017-04-26,2017-05-11,1055.0
AEMTQ0GH,mg special,faxquote,won,2017-04-26,2017-04-28,43.0
3KSHTB4P,gtx basic,hottechi,lost,2017-04-26,2017-05-04,0.0
XPJQBSLV,mg special,golddex,won,2017-04-26,2017-04-28,49.0
ZZI8GUEM,gtx plus basic,nam zim,lost,2017-04-26,2017-04-28,0.0
HBWY3B48,gtxpro,y corporation,lost,2017-04-26,2017-04-28,0.0
ZBAMKTFX,gtxpro,labdrill,won,2017-04-26,2017-08-08,4901.0
SICU0A7Z,gtx basic,stanredtax,won,2017-04-26,2017-04-27,517.0
H7GBGRSO,gtx plus basic,funholding,won,2017-04-26,2017-06-13,1105.0
RLAGB32O,gtx basic,nam zim,won,2017-04-26,2017-05-10,556.0
NYLCZ28K,mg advanced,treequote,won,2017-04-26,2017-08-16,3025.0
3LO8XJBY,mg special,condax,won,2017-04-26,2017-06-05,54.0
YMMQA65I,mg special,condax,won,2017-04-26,2017-04-28,53.0
I8A539VV,gtxpro,newex,won,2017-04-26,2017-04-27,4735.0
9HYMQL4I,gtx basic,,engaging,2017-04-26,,
DJF1XMC4,gtx basic,konex,won,2017-04-27,2017-04-29,584.0
NCDZRUZD,gtxpro,umbrella corporation,lost,2017-04-27,2017-05-12,0.0
0KEO3OP7,gtx plus pro,,engaging,2017-04-27,,
UXNB9OIB,gtxpro,konex,won,2017-04-27,2017-04-28,5676.0
XWW6KUG0,gtx basic,konmatfix,lost,2017-04-27,2017-04-29,0.0
ZXUNLSOB,gtxpro,scottech,lost,2017-04-27,2017-04-29,0.0
MZILPLUE,gtxpro,finhigh,won,2017-04-27,2017-05-06,4727.0
MUYUSTKF,gtx plus pro,gekko co,lost,2017-04-27,2017-08-11,0.0
7QIU2BCK,gtx plus basic,dambase,won,2017-04-27,2017-08-01,821.0
F749HRQ5,gtx plus basic,golddex,lost,2017-04-27,2017-05-17,0.0
5ICV1IBY,gtx plus basic,dontechi,won,2017-04-27,2017-08-07,999.0
H1O491SG,mg special,dambase,won,2017-04-27,2017-08-05,54.0
ODIX25WY,gtx basic,conecom,lost,2017-04-27,2017-08-06,0.0
IRBQH4FY,mg advanced,gogozoom,won,2017-04-27,2017-05-10,3397.0
ZKVVWZ8T,gtx basic,silis,won,2017-04-27,2017-05-15,574.0
ZTT02VDQ,mg special,inity,lost,2017-04-27,2017-05-09,0.0
SAGXC5PF,mg special,gogozoom,won,2017-04-27,2017-08-15,59.0
J5QLUH5O,mg special,treequote,won,2017-04-27,2017-04-29,60.0
GIIKA5B9,gtx basic,lexiqvolax,lost,2017-04-27,2017-04-29,0.0
WX8KQPCM,gtx basic,zoomit,won,2017-04-27,2017-05-15,573.0
0CSJCW8I,gtxpro,finjob,won,2017-04-27,2017-05-17,4406.0
0WRMY7IX,gtx plus basic,plussunin,won,2017-04-27,2017-04-28,1146.0
7882RJGY,mg special,,engaging,2017-04-27,,
N6185PK0,gtx basic,kinnamplus,won,2017-04-27,2017-05-13,525.0
FQ4QOS8U,gtx basic,dontechi,lost,2017-04-28,2017-04-29,0.0
XW9U35NQ,gtx plus basic,scottech,lost,2017-04-28,2017-09-06,0.0
066V2ZGP,mg advanced,rangreen,won,2017-04-28,2017-08-14,3334.0
YUH42UOF,gtx basic,initech,lost,2017-04-28,2017-05-12,0.0
XZF4GG94,gtx plus basic,donquadtech,lost,2017-04-28,2017-04-30,0.0
QAKLPDKQ,gtxpro,ganjaflex,lost,2017-04-28,2017-04-29,0.0
731TOWDY,gtk 500,labdrill,won,2017-04-28,2017-06-18,27385.0
KOI7M0RU,gtx basic,konmatfix,lost,2017-04-28,2017-08-15,0.0
HHDQ9EW4,gtx basic,inity,engaging,2017-04-28,,
KXY0TY2K,gtx plus basic,lexiqvolax,lost,2017-04-28,2017-04-29,0.0
UNSJJUY4,gtx basic,warephase,won,2017-04-28,2017-08-14,599.0
XNO6DQPU,mg special,mathtouch,won,2017-04-28,2017-05-03,64.0
VMIAO42Z,gtx plus pro,donquadtech,engaging,2017-04-28,,
A2HLNPEL,gtxpro,scotfind,lost,2017-04-28,2017-05-06,0.0
NENHRB3K,mg advanced,lexiqvolax,lost,2017-04-28,2017-05-14,0.0
PE3CL3ME,mg special,kinnamplus,lost,2017-04-28,2017-06-10,0.0
IE6TPFU9,gtx plus basic,scottech,won,2017-04-29,2017-05-15,918.0
VP8ERXPR,mg special,,engaging,2017-04-29,,
WWTJ5PNC,mg special,bubba gump,won,2017-04-29,2017-05-04,60.0
DH9CHQ02,gtxpro,ontomedia,lost,2017-04-29,2017-05-10,0.0
S2ZN5NLA,gtx basic,gekko co,won,2017-04-29,2017-05-06,519.0
UEZOR630,gtx basic,,engaging,2017-04-29,,
R9U1QNHQ,mg special,betasoloin,engaging,2017-04-29,,
NEM0GXXH,gtx plus pro,scotfind,won,2017-04-29,2017-05-04,4956.0
5CZBHSRI,mg advanced,toughzap,engaging,2017-04-29,,
E8LO9APO,gtx basic,treequote,lost,2017-04-29,2017-05-17,0.0
EQZGV36H,gtx plus pro,rangreen,won,2017-04-29,2017-08-08,5913.0
DYNHHN6P,gtxpro,massive dynamic,engaging,2017-04-29,,
FZ1TTF0X,gtx basic,bioholding,lost,2017-04-29,2017-05-31,0.0
DG6RIZ6R,gtx plus basic,groovestreet,won,2017-04-29,2017-08-21,1210.0
DH6L7VA6,mg advanced,labdrill,lost,2017-04-29,2017-04-30,0.0
ZH14SZPT,gtx plus basic,,engaging,2017-04-29,,
9SBO74M5,mg advanced,genco pura olive oil company,won,2017-04-30,2017-08-10,3139.0
WHHVN372,gtx basic,initech,won,2017-04-30,2017-08-11,527.0
Q2CLAKLM,gtx plus pro,,engaging,2017-04-30,,
PJKAJVUG,gtx basic,dontechi,lost,2017-04-30,2017-05-04,0.0
FWTNRN0L,gtx plus pro,labdrill,won,2017-04-30,2017-08-12,5408.0
TTNORNQI,mg special,groovestreet,won,2017-04-30,2017-08-12,62.0
BGQ2F0HA,gtx basic,domzoom,won,2017-04-30,2017-05-13,586.0
CY33L07I,gtxpro,nam zim,lost,2017-04-30,2017-05-01,0.0
JGXLR3H3,gtx basic,lexiqvolax,won,2017-04-30,2017-08-06,532.0
ZNFFFJ1T,gtx basic,newex,won,2017-04-30,2017-08-13,585.0
T5JO33V3,gtx basic,ron tech,won,2017-04-30,2017-08-11,583.0
V7Y78MPU,gtx basic,rangreen,won,2017-04-30,2017-09-02,433.0
CNO8JPLA,gtx basic,condax,won,2017-04-30,2017-05-06,557.0
Y5OTY9O5,gtxpro,opentech,won,2017-04-30,2017-05-09,4704.0
OTLQMB5X,gtx basic,,engaging,2017-04-30,,
I81SUA2R,gtxpro,plussunin,won,2017-04-30,2017-08-12,5182.0
2UHH7PD3,gtxpro,lexiqvolax,won,2017-04-30,2017-05-13,5311.0
AZZEZKBN,gtx plus pro,condax,lost,2017-05-01,2017-05-18,0.0
443ATESI,mg special,globex corporation,won,2017-05-01,2017-08-28,64.0
OIO2H2MY,gtx plus pro,,engaging,2017-05-01,,
7DT8UKKY,gtx basic,zencorporation,engaging,2017-05-01,,
4UN65HWV,gtx plus basic,warephase,won,2017-05-01,2017-08-23,878.0
E5NRH4BP,mg special,genco pura olive oil company,won,2017-05-01,2017-05-02,59.0
NK438B9U,gtx basic,zotware,lost,2017-05-01,2017-05-20,0.0
KCTYAQOR,gtxpro,streethex,lost,2017-05-01,2017-08-07,0.0
OLGT0VHP,gtx plus pro,statholdings,engaging,2017-05-01,,
RCNTHN0E,mg special,singletechno,won,2017-05-01,2017-08-20,65.0
ZIFDD41D,gtx basic,hottechi,won,2017-05-01,2017-08-11,543.0
I92EJ805,gtx basic,bluth company,engaging,2017-05-01,,
5WHMLQDK,gtxpro,,engaging,2017-05-01,,
A5BVV5P8,gtx basic,scotfind,lost,2017-05-01,2017-06-12,0.0
QP006VDE,mg advanced,domzoom,engaging,2017-05-01,,
R1K16RZO,gtx plus pro,,engaging,2017-05-01,,
JQNSK78U,gtx plus pro,condax,lost,2017-05-01,2017-05-10,0.0
C3OOZUTI,gtx plus pro,warephase,lost,2017-05-01,2017-05-07,0.0
FI0I7E73,mg advanced,ron tech,won,2017-05-01,2017-05-08,3971.0
523458T9,gtx basic,scottech,won,2017-05-01,2017-05-16,554.0
UYQJ2A1O,gtx plus pro,,engaging,2017-05-01,,
7FY0HBH7,mg advanced,cheers,lost,2017-05-01,2017-06-26,0.0
GAIFPSU2,gtx plus basic,fasehatice,won,2017-05-01,2017-06-16,1273.0
UIX6X6R3,mg advanced,umbrella corporation,engaging,2017-05-01,,
GBSK2HX8,gtx plus basic,conecom,won,2017-05-02,2017-05-11,1300.0
60NIT1PM,gtx plus basic,,engaging,2017-05-02,,
44Y3J17P,gtx plus basic,,engaging,2017-05-02,,
59FN87JP,gtx plus pro,mathtouch,lost,2017-05-02,2017-05-21,0.0
OJ92D9QU,mg special,condax,lost,2017-05-02,2017-08-14,0.0
GYKFAK7W,mg advanced,sonron,won,2017-05-02,2017-05-10,3527.0
GXBV5VYA,gtx basic,rundofase,won,2017-05-02,2017-05-06,526.0
VXWUALY5,mg special,condax,lost,2017-05-02,2017-06-10,0.0
IUDG3PF0,gtx basic,isdom,lost,2017-05-02,2017-08-07,0.0
DNUTJO70,gtx basic,hottechi,won,2017-05-02,2017-06-22,569.0
I631R5DT,gtx plus pro,scotfind,won,2017-05-02,2017-05-14,6310.0
V9XJAZPC,mg advanced,globex corporation,lost,2017-05-02,2017-05-10,0.0
OJPTGB57,gtx plus basic,konex,won,2017-05-02,2017-05-17,1135.0
J9OP2A5I,mg special,,engaging,2017-05-02,,
QYTGB5LA,gtx plus pro,dambase,won,2017-05-02,2017-08-19,5145.0
UCNEMT8P,mg special,cancity,won,2017-05-02,2017-08-09,54.0
7DDJHUWU,gtxpro,scotfind,lost,2017-05-02,2017-05-17,0.0
8WB5HXOB,gtx plus pro,,engaging,2017-05-02,,
KOFE244J,mg special,codehow,won,2017-05-03,2017-08-01,53.0
D3JR6WFQ,gtx basic,umbrella corporation,won,2017-05-03,2017-05-13,511.0
OJMME9V9,gtx plus pro,konex,won,2017-05-03,2017-08-25,5747.0
4ZX1WPS7,gtxpro,inity,engaging,2017-05-03,,
79IN4OVP,gtx basic,acme corporation,lost,2017-05-03,2017-08-01,0.0
2NPSMBLK,gtxpro,codehow,lost,2017-05-03,2017-08-08,0.0
NLKPA1KP,gtx basic,inity,won,2017-05-03,2017-08-11,596.0
38EYB40T,mg special,conecom,won,2017-05-03,2017-05-14,60.0
3FZVCDW0,gtxpro,finjob,won,2017-05-03,2017-05-04,4372.0
2NTWE1G4,gtxpro,xx holding,won,2017-05-03,2017-05-08,4604.0
86C26QSR,gtx plus pro,,engaging,2017-05-03,,
SHGSBZU8,mg advanced,goodsilron,lost,2017-05-03,2017-05-13,0.0
AETY0W6G,gtxpro,betasoloin,won,2017-05-03,2017-05-08,4859.0
A7F5O29R,mg advanced,zoomit,won,2017-05-03,2017-08-03,3718.0
LR45YFE4,mg special,groovestreet,engaging,2017-05-03,,
MIYAP26S,mg advanced,sumace,lost,2017-05-03,2017-05-19,0.0
IEZCZAKT,gtx basic,hottechi,won,2017-05-03,2017-05-30,493.0
PDMWTS8O,mg special,domzoom,won,2017-05-04,2017-06-04,54.0
OPEICJES,mg special,konmatfix,won,2017-05-04,2017-06-09,52.0
10UN7LA8,mg advanced,rangreen,won,2017-05-04,2017-06-23,3813.0
C2W2VHJY,gtxpro,vehement capital partners,lost,2017-05-04,2017-08-04,0.0
Z032GGRE,gtxpro,dontechi,won,2017-05-04,2017-08-12,4935.0
I8WTUMTA,mg advanced,codehow,won,2017-05-04,2017-08-17,3560.0
P05J08B4,gtxpro,betatech,lost,2017-05-04,2017-05-20,0.0
GVCMT0GZ,gtxpro,statholdings,lost,2017-05-04,2017-08-25,0.0
58SGEGN8,gtx basic,ron tech,lost,2017-05-04,2017-05-10,0.0
LZLXBQ0I,gtx plus basic,betatech,lost,2017-05-04,2017-08-20,0.0
1L2S3CMT,mg advanced,zumgoity,lost,2017-05-04,2017-08-27,0.0
CE852VBF,gtx plus basic,stanredtax,lost,2017-05-04,2017-08-25,0.0
KTX7ETCE,gtx basic,genco pura olive oil company,won,2017-05-04,2017-08-05,528.0
JEPAVEO7,gtx plus basic,stanredtax,won,2017-05-04,2017-06-20,1188.0
4T9CQH5J,gtx plus pro,xx zobam,lost,2017-05-04,2017-09-15,0.0
51T70SQX,mg advanced,dontechi,lost,2017-05-04,2017-05-10,0.0
SUYF0EN7,gtx basic,betatech,won,2017-05-04,2017-08-09,590.0
S2D060YF,gtx basic,y corporation,won,2017-05-04,2017-08-14,578.0
DE5WRZ6B,gtxpro,gekko co,lost,2017-05-04,2017-08-06,0.0
UJ7BYO6A,mg advanced,,engaging,2017-05-04,,
N6CXTO48,gtx basic,lexiqvolax,lost,2017-05-04,2017-05-09,0.0
4Z7B0OQB,mg advanced,bioholding,lost,2017-05-05,2017-08-15,0.0
LCQ934W7,gtx plus basic,xx holding,engaging,2017-05-05,,
70TRVHOM,gtxpro,donquadtech,won,2017-05-05,2017-08-05,4697.0
0G0S9TB8,gtxpro,ontomedia,lost,2017-05-05,2017-08-13,0.0
U43RA5W8,gtxpro,ontomedia,lost,2017-05-05,2017-05-30,0.0
SOE904XE,gtx plus basic,kinnamplus,won,2017-05-05,2017-08-26,1161.0
C64JTLGO,gtx plus basic,vehement capital partners,won,2017-05-05,2017-05-06,1101.0
F9XJYM9F,gtx basic,inity,won,2017-05-05,2017-08-12,511.0
XWN6WWOD,mg special,condax,won,2017-05-05,2017-08-01,57.0
17MPPMM0,mg special,xx holding,lost,2017-05-05,2017-05-12,0.0
FV6PHMQW,gtx basic,singletechno,won,2017-05-05,2017-05-21,635.0
NX2K0HQ9,gtxpro,nam zim,won,2017-05-05,2017-08-16,4352.0
Z236WCM1,gtx plus basic,vehement capital partners,engaging,2017-05-05,,
T5GZDRDE,mg special,y corporation,lost,2017-05-05,2017-05-16,0.0
91G2ZW58,gtx plus pro,rangreen,lost,2017-05-05,2017-05-10,0.0
H2PEIFZH,mg advanced,domzoom,won,2017-05-05,2017-05-08,3952.0
RG893DYQ,gtx basic,the new york inquirer,engaging,2017-05-05,,
WQSJNIEZ,gtx basic,,engaging,2017-05-05,,
V8M89S4W,gtx basic,kan code,won,2017-05-05,2017-05-06,560.0
5QR02PQI,gtx plus basic,bioholding,lost,2017-05-05,2017-05-08,0.0
WB974HS4,gtx plus basic,funholding,won,2017-05-05,2017-09-18,984.0
L6VDDXFV,mg advanced,vehement capital partners,lost,2017-05-05,2017-05-11,0.0
B0MOQZVN,gtx basic,sonron,won,2017-05-05,2017-05-14,579.0
09C4GR2W,gtx plus basic,groovestreet,won,2017-05-05,2017-08-10,1151.0
6YN4FZHL,gtx plus basic,donware,won,2017-05-05,2017-08-25,881.0
45CION64,mg special,umbrella corporation,won,2017-05-05,2017-08-17,59.0
BSQRXW4X,gtx basic,plexzap,won,2017-05-05,2017-05-12,608.0
PYEQPW42,gtx plus pro,dontechi,won,2017-05-06,2017-05-09,4784.0
5NW73ZRY,mg advanced,acme corporation,won,2017-05-06,2017-05-22,3370.0
0P8NFYML,mg special,betasoloin,lost,2017-05-06,2017-05-24,0.0
HF74MC9F,gtx plus pro,ganjaflex,engaging,2017-05-06,,
1Y9KPBXY,gtx plus basic,funholding,lost,2017-05-06,2017-09-10,0.0
0AR9HD16,gtx basic,funholding,won,2017-05-06,2017-08-17,526.0
Q72BVH8T,gtx plus basic,mathtouch,lost,2017-05-06,2017-05-12,0.0
OH7VVUY0,gtxpro,hottechi,won,2017-05-06,2017-06-29,5028.0
4DPSFUEC,gtx basic,condax,lost,2017-05-06,2017-05-23,0.0
BB7JH1C4,gtxpro,isdom,lost,2017-05-06,2017-05-18,0.0
FWTTJ2G8,gtx basic,initech,engaging,2017-05-06,,
FLJCJ7IE,gtx basic,codehow,lost,2017-05-06,2017-05-18,0.0
7T109BBY,gtx basic,dambase,lost,2017-05-06,2017-05-20,0.0
4JVY843T,mg advanced,streethex,lost,2017-05-06,2017-05-23,0.0
J71N4WQ6,gtx plus basic,,engaging,2017-05-06,,
INI33ALF,gtx basic,genco pura olive oil company,won,2017-05-06,2017-05-22,569.0
D3M1KUQ2,mg special,codehow,lost,2017-05-06,2017-05-26,0.0
NOO83M87,gtx plus pro,gekko co,lost,2017-05-06,2017-08-02,0.0
8G9Q7NXD,mg special,kan code,won,2017-05-06,2017-08-09,51.0
IGHYUSN8,gtx plus pro,golddex,engaging,2017-05-06,,
3F34LWKM,gtxpro,,engaging,2017-05-06,,
IRCBYH9Z,gtx plus basic,dambase,lost,2017-05-07,2017-08-30,0.0
559PYA0L,mg advanced,bubba gump,won,2017-05-07,2017-05-21,4287.0
RIC5ZHK4,gtx plus basic,plussunin,engaging,2017-05-07,,
YVXKNYSM,gtxpro,,engaging,2017-05-07,,
237L2CSV,gtxpro,ontomedia,won,2017-05-07,2017-05-15,3960.0
AS7MJ0S1,gtxpro,konex,lost,2017-05-07,2017-05-09,0.0
INAEAAI9,gtx plus basic,codehow,won,2017-05-07,2017-09-02,1093.0
1XNXJUQM,gtx plus basic,warephase,won,2017-05-07,2017-08-10,1194.0
Z64MQTF2,gtxpro,rangreen,won,2017-05-07,2017-08-14,5310.0
BM0QXHMH,gtx plus basic,blackzim,lost,2017-05-07,2017-08-04,0.0
ARY1F1KN,gtx plus basic,fasehatice,lost,2017-05-07,2017-05-20,0.0
XPCDFUDY,gtx basic,hottechi,lost,2017-05-07,2017-08-03,0.0
73086D08,gtx plus pro,,engaging,2017-05-07,,
VDOUNMRC,gtx plus basic,golddex,won,2017-05-07,2017-08-08,1222.0
TEKCKT3V,gtx plus basic,inity,won,2017-05-07,2017-08-05,901.0
1WJT7CM8,mg advanced,ontomedia,lost,2017-05-07,2017-08-26,0.0
96A1GDXO,gtx plus pro,kan code,won,2017-05-07,2017-08-01,5601.0
OIFERO7S,mg advanced,,engaging,2017-05-07,,
Z2E1UVVB,mg advanced,,engaging,2017-05-07,,
AAU2IQFW,gtx plus basic,donquadtech,won,2017-05-07,2017-08-05,995.0
PRHL94PK,mg advanced,xx zobam,won,2017-05-07,2017-08-05,3666.0
3WC1FUFP,gtx plus basic,zumgoity,lost,2017-05-08,2017-05-18,0.0
SHG8Y43V,mg special,scottech,won,2017-05-08,2017-05-19,56.0
1O2ZN81M,gtx plus basic,initech,won,2017-05-08,2017-05-17,1372.0
J6T6BTJI,mg advanced,bluth company,won,2017-05-08,2017-08-01,3282.0
0WO582AV,gtxpro,dontechi,lost,2017-05-08,2017-08-06,0.0
JTTLDM4E,mg special,dalttechnology,won,2017-05-08,2017-08-18,43.0
8KQH5XI1,mg special,newex,won,2017-05-08,2017-09-05,54.0
1Q5XFO8D,gtx basic,stanredtax,lost,2017-05-08,2017-08-21,0.0
A3PNPLTG,gtx basic,cheers,won,2017-05-08,2017-05-16,575.0
03CWYGC9,gtx plus basic,hottechi,won,2017-05-08,2017-08-10,768.0
FSEF5ZR9,gtxpro,singletechno,won,2017-05-08,2017-09-12,4426.0
N23C5EKK,gtx basic,betatech,lost,2017-05-08,2017-05-10,0.0
S9K81CWS,gtx basic,konmatfix,won,2017-05-08,2017-08-20,553.0
PJ00PLEU,gtx plus pro,codehow,lost,2017-05-08,2017-05-20,0.0
0AQGBN7B,gtx plus basic,,engaging,2017-05-08,,
3F8AA8RT,gtx plus basic,green plus,lost,2017-05-08,2017-08-05,0.0
4NAHJMYM,gtx plus pro,zoomit,won,2017-05-08,2017-09-18,4786.0
6KVOMBDJ,mg advanced,rundofase,lost,2017-05-08,2017-05-23,0.0
TFS5SYN2,gtxpro,the new york inquirer,lost,2017-05-08,2017-05-17,0.0
N7KJ821I,gtx plus pro,inity,lost,2017-05-08,2017-08-02,0.0
YCKKT5ME,mg special,ron tech,lost,2017-05-08,2017-08-19,0.0
HI2E8TBI,gtx plus pro,dambase,won,2017-05-08,2017-05-16,5338.0
UU25XD9E,gtxpro,hatfan,engaging,2017-05-08,,
Q54L8P6I,gtx basic,scotfind,lost,2017-05-08,2017-05-15,0.0
XSB7IN6X,gtx plus basic,statholdings,won,2017-05-09,2017-08-31,996.0
K5GFWLKM,gtx plus basic,,engaging,2017-05-09,,
1K6HY455,mg advanced,,engaging,2017-05-09,,
FQW15KC4,mg advanced,gekko co,lost,2017-05-09,2017-05-20,0.0
G17H7YXA,mg special,dontechi,won,2017-05-09,2017-08-09,63.0
XOE5EU8U,gtx plus basic,opentech,lost,2017-05-09,2017-08-17,0.0
WEB7LYK0,gtx plus basic,inity,won,2017-05-09,2017-05-19,1075.0
N4Z3QYK7,gtxpro,warephase,won,2017-05-09,2017-05-24,5033.0
JECCHO49,mg advanced,rundofase,won,2017-05-09,2017-06-26,3249.0
QUOU67L5,gtx plus basic,globex corporation,won,2017-05-09,2017-08-14,1015.0
SSZHMEE3,gtx basic,stanredtax,lost,2017-05-09,2017-06-27,0.0
WUE92JFJ,gtx plus basic,gogozoom,won,2017-05-09,2017-05-16,1100.0
EYNZMBI0,gtx plus pro,blackzim,won,2017-05-09,2017-09-13,4755.0
LPOOKZCQ,gtx basic,kan code,lost,2017-05-09,2017-08-08,0.0
GL1YE4PQ,gtk 500,,engaging,2017-05-09,,
HFUZQFQQ,gtx basic,groovestreet,engaging,2017-05-09,,
OCHUEK3V,gtx plus basic,konex,lost,2017-05-09,2017-05-19,0.0
DU0DYV80,gtxpro,golddex,lost,2017-05-09,2017-06-30,0.0
3C5KXGO6,gtx basic,j texon,won,2017-05-09,2017-05-10,541.0
95532CI0,gtxpro,hatfan,won,2017-05-09,2017-06-02,4815.0
8SVMGDPA,gtx plus basic,donquadtech,engaging,2017-05-09,,
Q0MRZHN7,mg special,konex,won,2017-05-09,2017-05-12,57.0
WAN7I53E,gtx plus basic,ron tech,lost,2017-05-09,2017-05-20,0.0
6C1DLYBH,mg special,ron tech,lost,2017-05-09,2017-08-22,0.0
ZC3UEHXG,gtx plus pro,opentech,won,2017-05-09,2017-05-17,5406.0
FHWXZ6HL,gtxpro,,engaging,2017-05-09,,
HJBVO8T4,gtx basic,fasehatice,lost,2017-05-09,2017-06-21,0.0
5CJQB25J,mg advanced,xx holding,lost,2017-05-09,2017-08-04,0.0
246MLWZ7,gtx basic,rangreen,engaging,2017-05-09,,
O22S564Y,gtx plus pro,goodsilron,won,2017-05-09,2017-05-20,5042.0
UO62J3M0,gtxpro,rantouch,won,2017-05-09,2017-05-23,3969.0
KLZ95C62,mg special,dambase,lost,2017-05-10,2017-08-21,0.0
ROBBKT4T,mg special,isdom,won,2017-05-10,2017-08-04,59.0
FPTY1B79,gtx basic,sumace,won,2017-05-10,2017-05-16,629.0
AP3405RD,mg special,dontechi,won,2017-05-10,2017-05-16,57.0
AVZ1BG3K,mg advanced,konex,lost,2017-05-10,2017-05-14,0.0
FXLA39YR,gtxpro,silis,won,2017-05-10,2017-08-06,4861.0
Q9GJ1LJT,mg advanced,plussunin,lost,2017-05-10,2017-09-03,0.0
P9VFKNR0,gtxpro,dontechi,lost,2017-05-10,2017-08-01,0.0
WQ5WIP35,gtx plus basic,zumgoity,won,2017-05-10,2017-05-30,980.0
X5YVW7O5,gtx plus pro,umbrella corporation,lost,2017-05-10,2017-05-17,0.0
DWCDI7Q2,mg advanced,zotware,lost,2017-05-10,2017-05-22,0.0
XH01XH1F,gtxpro,kan code,lost,2017-05-10,2017-08-24,0.0
U48PDN1F,gtxpro,cancity,won,2017-05-10,2017-08-10,5361.0
QO0MQUOY,mg advanced,labdrill,lost,2017-05-10,2017-08-11,0.0
Q2RY668B,gtx basic,,engaging,2017-05-10,,
VBFYOCDO,gtx basic,,engaging,2017-05-10,,
UMMMBBS6,gtx basic,goodsilron,lost,2017-05-10,2017-08-25,0.0
53ZXALR1,gtx plus basic,faxquote,won,2017-05-10,2017-09-14,1220.0
VQUCVSOL,mg special,doncon,lost,2017-05-10,2017-05-22,0.0
2NN7T8LG,mg advanced,singletechno,lost,2017-05-10,2017-05-16,0.0
SLCWM9BH,gtx basic,scotfind,won,2017-05-10,2017-09-04,464.0
974QGNBZ,mg advanced,genco pura olive oil company,won,2017-05-10,2017-05-24,3604.0
T8E8EDZS,gtx basic,finhigh,won,2017-05-10,2017-08-21,529.0
9C2RRH1Q,gtx plus basic,toughzap,lost,2017-05-10,2017-09-19,0.0
H26RG9KC,mg advanced,green plus,lost,2017-05-10,2017-05-18,0.0
R034IT17,mg special,bubba gump,won,2017-05-10,2017-05-12,54.0
T5SX9Z3T,gtx basic,conecom,engaging,2017-05-10,,
H6CG7TPM,gtx plus basic,acme corporation,won,2017-05-10,2017-05-28,1022.0
KV1EXWQG,gtx plus basic,ron tech,lost,2017-05-11,2017-08-03,0.0
P4GX3HZH,mg special,dontechi,won,2017-05-11,2017-05-26,52.0
VPG5E490,gtx basic,bubba gump,engaging,2017-05-11,,
8I84MV5A,gtx basic,zencorporation,engaging,2017-05-11,,
KF05URX0,mg special,,engaging,2017-05-11,,
GACP1E2I,gtxpro,bioholding,won,2017-05-11,2017-08-11,5037.0
ASW97JK3,gtxpro,globex corporation,won,2017-05-11,2017-06-29,4709.0
XBYJ3NUR,mg special,treequote,won,2017-05-11,2017-05-20,60.0
4Q2GV039,mg advanced,stanredtax,won,2017-05-11,2017-08-24,3766.0
ZA1YVJQC,mg advanced,donquadtech,won,2017-05-11,2017-08-11,3552.0
5IQAJGCU,gtx basic,,engaging,2017-05-11,,
59XUUWAQ,mg special,blackzim,lost,2017-05-11,2017-09-02,0.0
GGXEKX47,mg advanced,groovestreet,lost,2017-05-11,2017-08-03,0.0
LTVGILHP,gtx basic,bioholding,engaging,2017-05-11,,
N00L26DN,gtxpro,kan code,lost,2017-05-11,2017-05-30,0.0
8JP05QQR,mg advanced,fasehatice,lost,2017-05-11,2017-08-03,0.0
MV227O65,gtx plus pro,sonron,engaging,2017-05-11,,
0BG8WJSX,gtx basic,finjob,lost,2017-05-11,2017-05-22,0.0
ZQVUQ5CJ,gtx basic,treequote,won,2017-05-11,2017-05-25,472.0
E8QHX9TE,gtx plus pro,,engaging,2017-05-11,,
ZFVG8LP2,mg special,cheers,won,2017-05-11,2017-05-20,56.0
P2ST849C,mg special,opentech,won,2017-05-11,2017-06-16,57.0
6CPBVF9F,mg advanced,mathtouch,lost,2017-05-11,2017-08-04,0.0
6ID18IJX,gtx plus basic,newex,won,2017-05-11,2017-08-17,776.0
WSPM5X5V,mg special,gogozoom,lost,2017-05-12,2017-05-23,0.0
7SF3PMMY,mg special,codehow,won,2017-05-12,2017-06-10,61.0
CZF82O5B,mg advanced,hottechi,won,2017-05-12,2017-05-27,3831.0
BLLYPR3S,mg advanced,sumace,lost,2017-05-12,2017-08-24,0.0
6VLA3FDQ,mg special,rangreen,won,2017-05-12,2017-08-09,52.0
YL98GKZF,gtxpro,golddex,lost,2017-05-12,2017-08-01,0.0
G43QQLLF,mg advanced,dambase,lost,2017-05-12,2017-05-20,0.0
1DZNTUSA,gtxpro,lexiqvolax,lost,2017-05-12,2017-05-20,0.0
G5Z0FWAX,gtxpro,konex,lost,2017-05-12,2017-08-03,0.0
Z3FOWY9N,gtx plus pro,scotfind,won,2017-05-12,2017-06-22,5698.0
S4OLFL40,gtx basic,ron tech,won,2017-05-12,2017-05-22,595.0
LPY6VIZV,gtx plus pro,codehow,lost,2017-05-12,2017-08-12,0.0
QQ96SPTU,gtx plus basic,newex,won,2017-05-12,2017-08-23,1144.0
5YLCW6L5,mg special,finhigh,won,2017-05-12,2017-09-15,61.0
IQ8MEPW9,gtxpro,acme corporation,lost,2017-05-12,2017-05-24,0.0
AZX4XC81,mg advanced,konex,lost,2017-05-12,2017-08-13,0.0
GO4G2L4X,mg advanced,plussunin,won,2017-05-12,2017-05-15,3510.0
9HKP3RBS,gtx basic,konex,won,2017-05-12,2017-08-04,513.0
ER3G544S,mg advanced,toughzap,lost,2017-05-12,2017-08-14,0.0
YQFF7GFK,gtx plus basic,inity,won,2017-05-12,2017-08-11,1083.0
1D1EJE8U,gtx basic,scotfind,lost,2017-05-12,2017-05-26,0.0
5BAGWGAG,gtx plus pro,condax,won,2017-05-12,2017-08-23,5987.0
V1ROZMCX,gtx plus basic,dambase,won,2017-05-13,2017-06-28,1041.0
CEQ3J96G,mg special,funholding,won,2017-05-13,2017-08-04,54.0
P96S0ATV,mg advanced,massive dynamic,won,2017-05-13,2017-06-01,2677.0
GXKR6EG9,mg advanced,rundofase,won,2017-05-13,2017-05-27,3558.0
I6UG2OLX,mg advanced,,engaging,2017-05-13,,
XA4PGIHG,gtx basic,sumace,lost,2017-05-13,2017-08-08,0.0
INBSL1I4,gtx plus basic,plussunin,won,2017-05-13,2017-08-20,866.0
4N2KE2ER,gtx plus basic,condax,won,2017-05-13,2017-08-24,987.0
UJSFG18F,mg advanced,dontechi,won,2017-05-13,2017-08-15,3290.0
R9TWUEAT,gtx plus pro,xx zobam,lost,2017-05-13,2017-08-09,0.0
3K97S8L9,mg advanced,donquadtech,lost,2017-05-13,2017-05-19,0.0
QWR1O5R9,mg advanced,mathtouch,lost,2017-05-13,2017-05-17,0.0
0MZIJDPM,mg special,faxquote,won,2017-05-13,2017-09-13,54.0
3N46WQVI,mg advanced,faxquote,engaging,2017-05-13,,
FNQYVW3T,gtx plus pro,singletechno,won,2017-05-13,2017-05-17,4627.0
CO6JN5NH,gtx basic,green plus,lost,2017-05-13,2017-08-22,0.0
D6XIVDQF,gtxpro,codehow,won,2017-05-13,2017-09-06,5625.0
CQXYCHKN,gtx basic,genco pura olive oil company,lost,2017-05-13,2017-05-15,0.0
TWXUDY78,mg special,singletechno,won,2017-05-13,2017-08-23,57.0
OPL7DH0Q,gtx plus basic,dontechi,lost,2017-05-13,2017-08-24,0.0
5VKRCTJE,gtx plus basic,singletechno,won,2017-05-13,2017-08-01,1032.0
7DDD3NZ2,gtx basic,opentech,won,2017-05-13,2017-05-17,567.0
QL97HH1Y,mg special,dontechi,won,2017-05-13,2017-05-19,58.0
9KN4MG14,gtx plus pro,gogozoom,lost,2017-05-14,2017-08-25,0.0
4V3TLIGG,mg special,rundofase,won,2017-05-14,2017-05-22,50.0
ALZNZ666,mg advanced,toughzap,engaging,2017-05-14,,
BJO24Z5A,gtx plus basic,,engaging,2017-05-14,,
BWRNVTNR,gtx basic,mathtouch,lost,2017-05-14,2017-08-02,0.0
0H4AHJRI,gtx basic,bubba gump,lost,2017-05-14,2017-06-01,0.0
S9WJ9NAS,mg special,gogozoom,won,2017-05-14,2017-06-24,59.0
BCA3ICIO,gtx plus pro,umbrella corporation,lost,2017-05-14,2017-08-14,0.0
F914VHA3,gtx basic,bluth company,won,2017-05-14,2017-08-06,525.0
EF24VTVA,gtx plus pro,kinnamplus,engaging,2017-05-14,,
1CZU97OX,gtx plus pro,singletechno,won,2017-05-14,2017-08-02,5525.0
HY94AVIW,gtx basic,,engaging,2017-05-14,,
T4FQOS6J,gtx plus basic,opentech,engaging,2017-05-14,,
4BPA17HF,gtx basic,zoomit,won,2017-05-14,2017-05-28,628.0
LAOGNZOU,gtx plus basic,hottechi,won,2017-05-14,2017-05-22,902.0
V3KGPHH9,gtx plus basic,stanredtax,won,2017-05-14,2017-06-07,1064.0
RNH95U0V,gtx plus pro,zotware,won,2017-05-14,2017-08-20,6346.0
ZJ1BOSNL,mg advanced,xx zobam,won,2017-05-14,2017-05-24,3089.0
0X1AY1FM,mg advanced,sonron,won,2017-05-14,2017-05-18,3484.0
D821LEQV,mg special,isdom,lost,2017-05-14,2017-08-24,0.0
B1O27MFD,mg special,rundofase,lost,2017-05-14,2017-08-06,0.0
UOUG01WG,mg special,betatech,won,2017-05-14,2017-05-16,68.0
848QSODT,gtx basic,,engaging,2017-05-14,,
3X2HOUYU,gtx basic,fasehatice,won,2017-05-14,2017-08-16,575.0
V135X5B7,mg advanced,xx zobam,won,2017-05-14,2017-05-17,3720.0
89P5UVQ0,gtxpro,,engaging,2017-05-14,,
WUXGF870,gtx plus pro,hottechi,lost,2017-05-14,2017-05-27,0.0
3372JYYQ,mg advanced,condax,engaging,2017-05-15,,
ENE1HNL3,gtx plus basic,bluth company,won,2017-05-15,2017-06-27,1078.0
C8SWZNON,gtxpro,sumace,won,2017-05-15,2017-05-23,3717.0
EXMA7FRC,gtx plus basic,hottechi,won,2017-05-15,2017-05-30,1129.0
KJHM27ZM,gtx plus pro,labdrill,engaging,2017-05-15,,
8H1VRXAK,gtx basic,umbrella corporation,won,2017-05-15,2017-09-15,536.0
10QXTLQX,gtxpro,acme corporation,won,2017-05-15,2017-06-25,5857.0
7YT7NRV9,mg special,,engaging,2017-05-15,,
5BRZKG6Y,mg special,blackzim,lost,2017-05-15,2017-09-08,0.0
X4FW4JR1,gtx basic,,engaging,2017-05-15,,
BHV4K3VV,gtx basic,y corporation,won,2017-05-15,2017-05-25,549.0
BOHWQ1B3,mg special,streethex,won,2017-05-15,2017-09-07,61.0
K4KNZQY6,gtx plus pro,scotfind,lost,2017-05-15,2017-08-07,0.0
9WUD1Q5D,mg special,toughzap,lost,2017-05-15,2017-08-10,0.0
KAPP0SBT,mg advanced,cancity,lost,2017-05-15,2017-08-21,0.0
XSWTUMGY,gtx basic,fasehatice,lost,2017-05-15,2017-08-13,0.0
KS9B13NQ,gtx plus basic,blackzim,won,2017-05-15,2017-09-10,1101.0
S983P5KR,gtx basic,inity,lost,2017-05-15,2017-08-11,0.0
K0ZYCW3U,gtx basic,dontechi,won,2017-05-15,2017-06-27,603.0
SFCT64YG,gtx basic,inity,won,2017-05-15,2017-09-05,545.0
DUM5AP8P,mg advanced,vehement capital partners,lost,2017-05-15,2017-05-30,0.0
XAC1J3TF,mg advanced,,engaging,2017-05-15,,
RNV54AZ7,gtx plus pro,yearin,lost,2017-05-15,2017-05-26,0.0
AVNVFAIR,gtx plus basic,fasehatice,won,2017-05-15,2017-08-25,959.0
TEJBT5CP,gtx plus basic,konex,won,2017-05-15,2017-06-03,1208.0
UFALPP82,gtxpro,goodsilron,won,2017-05-15,2017-08-19,4246.0
NHA6MNJF,mg advanced,zotware,won,2017-05-15,2017-09-26,3061.0
S3UOGUU5,gtxpro,rantouch,lost,2017-05-15,2017-06-21,0.0
TSRHYEOQ,gtxpro,condax,lost,2017-05-16,2017-08-13,0.0
ZIK2R3S7,mg advanced,,engaging,2017-05-16,,
K44WX2BT,mg advanced,massive dynamic,won,2017-05-16,2017-08-13,3351.0
HF2DSIT5,gtx basic,,engaging,2017-05-16,,
XD6R8R5B,mg advanced,hottechi,won,2017-05-16,2017-05-30,3153.0
CEGQ4V9F,gtx plus basic,konex,lost,2017-05-16,2017-05-20,0.0
58DMWXXI,gtx plus pro,j texon,lost,2017-05-16,2017-05-27,0.0
8GYJOE85,gtx basic,hottechi,lost,2017-05-16,2017-08-22,0.0
KJP1JFKX,gtx basic,hottechi,won,2017-05-16,2017-06-06,533.0
LGK00C12,gtx basic,bioholding,lost,2017-05-16,2017-08-24,0.0
1F950BGI,mg special,genco pura olive oil company,won,2017-05-16,2017-06-01,56.0
1KV8WY84,gtx plus basic,statholdings,lost,2017-05-16,2017-05-24,0.0
FN080GSV,gtx basic,finjob,won,2017-05-16,2017-08-04,522.0
M3IMVC9G,gtx plus basic,,engaging,2017-05-16,,
XR3BL1JL,mg special,goodsilron,won,2017-05-16,2017-08-20,54.0
BTRIUUWG,gtx basic,,engaging,2017-05-16,,
YD38G676,mg advanced,hatfan,lost,2017-05-16,2017-05-27,0.0
4AS1VXQM,gtxpro,rantouch,won,2017-05-16,2017-09-07,5154.0
UW6FSSDK,mg special,acme corporation,lost,2017-05-16,2017-08-16,0.0
GYC77KNM,mg advanced,gekko co,won,2017-05-16,2017-09-16,3483.0
XRO7PMA2,gtx plus basic,,engaging,2017-05-17,,
HS58SPS7,mg special,bubba gump,lost,2017-05-17,2017-05-25,0.0
5BGYQS4R,gtx plus basic,finhigh,won,2017-05-17,2017-08-11,1110.0
YMS8IG4L,gtx basic,umbrella corporation,won,2017-05-17,2017-05-27,441.0
04OAV3CV,gtx plus pro,,engaging,2017-05-17,,
NISR8D1V,gtx basic,hottechi,won,2017-05-17,2017-08-08,553.0
T4MF2SMF,mg advanced,scotfind,won,2017-05-17,2017-06-04,3624.0
G6PDDHMN,gtx basic,genco pura olive oil company,lost,2017-05-17,2017-05-31,0.0
S2GG93I6,gtxpro,faxquote,lost,2017-05-17,2017-08-22,0.0
8GV0BQTU,mg advanced,xx holding,engaging,2017-05-17,,
I99AI8C5,mg special,dambase,lost,2017-05-17,2017-08-08,0.0
3SEMPUU1,gtxpro,labdrill,engaging,2017-05-17,,
8W87JE97,gtxpro,konex,lost,2017-05-17,2017-08-12,0.0
RQM0PS59,mg special,j texon,lost,2017-05-17,2017-08-18,0.0
483NKH0E,gtxpro,plexzap,won,2017-05-17,2017-08-18,4644.0
G6QI40AT,mg special,umbrella corporation,lost,2017-05-17,2017-05-29,0.0
UQY5TEE8,mg special,codehow,won,2017-05-17,2017-09-20,51.0
AXHNVQPQ,gtxpro,golddex,won,2017-05-17,2017-09-08,4573.0
N2KXGJO3,mg advanced,silis,won,2017-05-17,2017-08-01,3033.0
DDP76LIP,mg special,hatfan,lost,2017-05-17,2017-05-26,0.0
43AH1M09,mg special,warephase,lost,2017-05-18,2017-05-24,0.0
852ZZB90,mg special,ron tech,won,2017-05-18,2017-06-02,58.0
V2GGEAOC,mg special,streethex,won,2017-05-18,2017-09-15,51.0
0Y8HO91H,gtxpro,massive dynamic,won,2017-05-18,2017-08-02,4873.0
0K59ZLQC,gtx basic,donquadtech,engaging,2017-05-18,,
PNUBACZM,gtxpro,isdom,won,2017-05-18,2017-06-07,4606.0
DPT11UGS,gtx plus basic,iselectrics,won,2017-05-18,2017-09-05,995.0
GQFRHJF6,gtxpro,umbrella corporation,won,2017-05-18,2017-08-10,4581.0
S8ALJKKH,gtxpro,massive dynamic,won,2017-05-18,2017-08-14,4671.0
2BXYT4PD,gtx plus pro,funholding,engaging,2017-05-18,,
2FMT1053,mg advanced,,engaging,2017-05-18,,
HU970PDK,gtx plus pro,donquadtech,engaging,2017-05-18,,
D85PDC6S,gtx plus pro,,engaging,2017-05-18,,
7D75QXBD,gtx plus basic,groovestreet,engaging,2017-05-18,,
N3GVE0VP,gtk 500,,engaging,2017-05-18,,
L71FBIF7,mg special,bioholding,lost,2017-05-18,2017-09-10,0.0
HU6IS6Q2,gtx plus pro,domzoom,won,2017-05-18,2017-06-11,5241.0
UXFEJC9Q,gtx plus basic,nam zim,won,2017-05-18,2017-05-22,1082.0
D4Z6IL8W,gtx basic,rundofase,won,2017-05-18,2017-06-05,616.0
OK39IHP1,mg special,,engaging,2017-05-18,,
5FG7S674,mg special,zencorporation,lost,2017-05-18,2017-08-14,0.0
KJXB9Q7O,mg special,finhigh,lost,2017-05-18,2017-05-24,0.0
CX4ZLSDW,mg special,,engaging,2017-05-18,,
UFL6ZQDV,gtx basic,,engaging,2017-05-18,,
KN3H2R4V,gtx basic,y corporation,lost,2017-05-18,2017-06-25,0.0
20QTAZ1L,mg special,lexiqvolax,lost,2017-05-18,2017-05-23,0.0
NJCI3Y9S,gtxpro,condax,won,2017-05-18,2017-06-03,4642.0
OATOYNX2,mg special,bioholding,won,2017-05-19,2017-06-27,63.0
GAH11YHT,mg advanced,konex,lost,2017-05-19,2017-05-20,0.0
FT8227WB,gtx plus basic,zencorporation,lost,2017-05-19,2017-06-01,0.0
0XHTFQE8,gtx plus basic,betasoloin,won,2017-05-19,2017-08-19,1131.0
6I76NXTK,gtx basic,ganjaflex,won,2017-05-19,2017-09-04,503.0
0FLFT1R4,gtx basic,massive dynamic,won,2017-05-19,2017-08-03,516.0
QX4VN0WB,gtx basic,mathtouch,won,2017-05-19,2017-09-01,592.0
14V0RQBV,gtxpro,toughzap,lost,2017-05-19,2017-08-27,0.0
2G82J8WD,gtxpro,warephase,won,2017-05-19,2017-09-11,4914.0
00KY25OA,gtx basic,condax,won,2017-05-19,2017-06-01,564.0
QDDD0L2Y,mg special,kan code,lost,2017-05-19,2017-05-27,0.0
6TN4T6HN,gtx plus basic,golddex,won,2017-05-19,2017-06-01,964.0
VA2JJZXD,gtxpro,rundofase,lost,2017-05-19,2017-09-09,0.0
MQY3YOQS,gtx basic,funholding,won,2017-05-19,2017-06-02,583.0
MGD7DZAU,gtx basic,globex corporation,engaging,2017-05-19,,
BRFHWGVC,gtx plus basic,,engaging,2017-05-19,,
3YWITFR5,gtx basic,ron tech,won,2017-05-19,2017-08-15,440.0
BEKQZ411,mg special,inity,won,2017-05-19,2017-08-31,58.0
PK0T5N02,gtx plus basic,initech,won,2017-05-19,2017-05-26,1093.0
8Z4ZMS9U,mg advanced,,engaging,2017-05-19,,
DTSCBNCX,gtx plus basic,donquadtech,lost,2017-05-19,2017-08-12,0.0
TUDKP25E,mg advanced,rangreen,lost,2017-05-20,2017-08-01,0.0
JL9ERNVY,gtx plus pro,,engaging,2017-05-20,,
E1OBRLYZ,gtx basic,zencorporation,won,2017-05-20,2017-05-27,529.0
913RPKAD,gtxpro,sumace,won,2017-05-20,2017-05-24,4839.0
JM5GDLEF,gtxpro,,engaging,2017-05-20,,
NJC209SC,gtxpro,cancity,won,2017-05-20,2017-09-27,5961.0
MMUC1AXI,gtxpro,gogozoom,won,2017-05-20,2017-08-09,5647.0
X66G66ZA,mg special,toughzap,won,2017-05-20,2017-08-18,56.0
PI2PHSBE,gtx basic,zencorporation,lost,2017-05-20,2017-08-05,0.0
CYKC7RXH,gtxpro,kan code,lost,2017-05-20,2017-08-06,0.0
WXRWSVTT,gtx basic,kan code,won,2017-05-20,2017-08-18,492.0
81NOKKSW,mg special,statholdings,won,2017-05-20,2017-08-31,68.0
CP3JY4PE,mg advanced,groovestreet,won,2017-05-20,2017-09-14,3728.0
K2683261,gtx plus basic,plusstrip,won,2017-05-20,2017-09-13,1082.0
MPCJV2LA,gtx plus basic,hatfan,lost,2017-05-20,2017-08-21,0.0
0DDBDPJU,gtx basic,funholding,won,2017-05-20,2017-08-05,557.0
RXIQFV8D,mg special,dontechi,won,2017-05-20,2017-08-09,60.0
5RGYU88R,gtx plus pro,scottech,won,2017-05-20,2017-05-25,5046.0
F3P73EG4,mg special,gogozoom,won,2017-05-20,2017-08-04,53.0
CRLWCEMY,mg advanced,stanredtax,won,2017-05-20,2017-06-10,2807.0
3590U14O,gtxpro,plexzap,lost,2017-05-20,2017-08-23,0.0
CFOYAHQ1,gtxpro,plusstrip,lost,2017-05-20,2017-05-30,0.0
IQ5ASHI1,gtx basic,bioholding,won,2017-05-21,2017-08-11,475.0
G378ZBNC,mg advanced,ron tech,won,2017-05-21,2017-08-03,3031.0
6ZVC87CV,mg special,ontomedia,won,2017-05-21,2017-08-09,53.0
4Y1DYANE,gtx plus basic,xx zobam,won,2017-05-21,2017-06-04,1112.0
CX0SXNCN,gtx basic,treequote,engaging,2017-05-21,,
PGYBGBU3,gtxpro,yearin,won,2017-05-21,2017-09-11,4491.0
GQPQ6XBD,gtx basic,blackzim,won,2017-05-21,2017-06-06,562.0
G4KL8QWY,gtx basic,rantouch,won,2017-05-21,2017-06-04,593.0
GIVVPRQQ,gtxpro,hottechi,won,2017-05-21,2017-08-30,4606.0
JF178AXO,gtx plus basic,faxquote,won,2017-05-21,2017-08-11,1100.0
43NBMRFY,gtx plus basic,scotfind,won,2017-05-21,2017-08-18,1198.0
RE3UNESR,gtx basic,,engaging,2017-05-21,,
PPUSV3RG,gtx plus pro,,engaging,2017-05-21,,
UQ67214Z,mg advanced,dontechi,won,2017-05-21,2017-08-20,3250.0
HDITQL1S,mg advanced,treequote,won,2017-05-21,2017-09-05,2785.0
1WPONGOS,mg special,scotfind,won,2017-05-21,2017-08-11,49.0
UF0S02A4,mg advanced,inity,lost,2017-05-21,2017-05-25,0.0
ZG1DFNPW,gtx basic,bioholding,won,2017-05-21,2017-09-15,547.0
SS9FXCS2,mg special,bioholding,won,2017-05-21,2017-08-01,57.0
SHE8LB0Y,mg special,fasehatice,lost,2017-05-21,2017-08-08,0.0
9D6NTQ16,mg special,y corporation,lost,2017-05-21,2017-08-06,0.0
59N6QWQM,mg advanced,sonron,lost,2017-05-21,2017-05-23,0.0
ZHKJIJA1,gtx basic,cheers,won,2017-05-21,2017-08-05,572.0
SDL8MJ4R,mg special,ontomedia,won,2017-05-21,2017-06-10,48.0
G86OKJFV,gtx plus pro,isdom,lost,2017-05-22,2017-05-31,0.0
WM7XURV6,gtx plus basic,groovestreet,engaging,2017-05-22,,
6I125KPN,mg advanced,,engaging,2017-05-22,,
HUCB9WIQ,mg advanced,conecom,lost,2017-05-22,2017-09-08,0.0
R8CMI00I,gtx basic,kan code,won,2017-05-22,2017-06-06,555.0
T7HHH8HK,gtx basic,konex,won,2017-05-22,2017-09-02,476.0
2YLXKON1,mg advanced,,engaging,2017-05-22,,
407NLHJH,gtx plus basic,labdrill,won,2017-05-22,2017-06-14,1090.0
ZJQKUIZ4,mg special,opentech,engaging,2017-05-22,,
KD63LC6D,gtx basic,condax,won,2017-05-22,2017-09-25,584.0
WS3BIQ4S,gtx plus pro,,engaging,2017-05-22,,
TB27K4GC,gtk 500,finjob,won,2017-05-22,2017-08-14,24745.0
U177IWW0,gtx plus basic,,engaging,2017-05-22,,
VN8YFKTN,gtxpro,condax,lost,2017-05-22,2017-05-25,0.0
NFFS1KSK,gtx basic,zotware,won,2017-05-22,2017-05-27,512.0
SWEQFKRF,gtxpro,,engaging,2017-05-22,,
V1T47SKL,mg special,zoomit,won,2017-05-22,2017-06-07,60.0
LFPY1Z14,gtxpro,hottechi,lost,2017-05-22,2017-09-07,0.0
M6IGBW79,gtx plus basic,dalttechnology,won,2017-05-22,2017-08-08,1088.0
HYSOZRCG,gtx plus basic,,engaging,2017-05-23,,
41RF80KQ,gtx plus pro,,engaging,2017-05-23,,
CYB0NUCJ,mg special,,engaging,2017-05-23,,
2QGI573A,gtx basic,the new york inquirer,won,2017-05-23,2017-05-26,463.0
QW4QPPSY,gtx plus basic,gekko co,won,2017-05-23,2017-08-24,877.0
99L2TNR5,mg advanced,hottechi,won,2017-05-23,2017-08-24,3339.0
3H3TNCP5,gtx plus basic,condax,engaging,2017-05-23,,
J8Y1OGY2,mg special,finhigh,lost,2017-05-23,2017-05-28,0.0
7SJD7M9K,gtxpro,funholding,won,2017-05-23,2017-08-20,4180.0
OKNOWHS3,gtx plus basic,labdrill,lost,2017-05-23,2017-08-02,0.0
VO8WTDHE,gtx basic,hatfan,lost,2017-05-23,2017-05-26,0.0
5FX5TX9L,gtx plus pro,hatfan,won,2017-05-23,2017-08-14,4642.0
TLT4JJ0U,mg advanced,warephase,lost,2017-05-23,2017-09-13,0.0
RA77E84P,gtx basic,globex corporation,won,2017-05-23,2017-09-08,578.0
7U225819,mg advanced,gogozoom,won,2017-05-23,2017-08-11,3285.0
075SHVO3,mg special,plexzap,lost,2017-05-23,2017-08-12,0.0
HHNFD7DX,gtx plus basic,xx zobam,lost,2017-05-23,2017-08-29,0.0
PA55AGYL,gtxpro,cheers,won,2017-05-23,2017-05-31,5212.0
V93ZA48C,gtx basic,donware,won,2017-05-24,2017-09-24,614.0
TR3TXXHF,gtx plus pro,bubba gump,won,2017-05-24,2017-09-13,5778.0
11V16SZZ,gtx basic,labdrill,engaging,2017-05-24,,
SURL8H49,mg advanced,bubba gump,won,2017-05-24,2017-09-10,3521.0
3IWUUUCN,gtxpro,,engaging,2017-05-24,,
POXC3DA1,gtx plus pro,kinnamplus,lost,2017-05-24,2017-09-21,0.0
KMGXUADZ,gtxpro,rundofase,won,2017-05-24,2017-08-06,5109.0
K7TV5UBZ,gtx plus pro,,engaging,2017-05-24,,
X5IZZ69D,gtx basic,doncon,lost,2017-05-24,2017-06-20,0.0
X58FLJ8K,gtx plus pro,lexiqvolax,won,2017-05-24,2017-09-18,5190.0
IDBXD4OU,gtx basic,scotfind,lost,2017-05-24,2017-08-22,0.0
TDNJDFU6,gtxpro,zoomit,lost,2017-05-24,2017-08-13,0.0
KIMUGBN5,mg advanced,dontechi,lost,2017-05-24,2017-08-14,0.0
4G0X8VHP,mg advanced,y corporation,engaging,2017-05-24,,
6BIZ2MB6,mg special,,engaging,2017-05-24,,
7U81B9AQ,gtx plus basic,goodsilron,won,2017-05-24,2017-09-27,940.0
WGSS08LF,gtxpro,dambase,lost,2017-05-24,2017-08-26,0.0
WC8KQJV9,gtx basic,goodsilron,won,2017-05-24,2017-08-06,647.0
FENOSL5C,gtx plus pro,condax,won,2017-05-24,2017-08-17,6206.0
PQ3CLZ2N,mg advanced,massive dynamic,won,2017-05-24,2017-09-10,3158.0
N4ZJ2PJT,mg advanced,donware,won,2017-05-24,2017-08-19,2699.0
32A5TJ6D,mg special,domzoom,lost,2017-05-25,2017-08-13,0.0
HZCF65PU,gtx plus basic,plussunin,won,2017-05-25,2017-08-04,1302.0
TCTLOMKP,mg advanced,bioplex,won,2017-05-25,2017-06-27,2993.0
O0NCMYX9,gtx basic,betatech,won,2017-05-25,2017-06-05,460.0
0STR2QEA,gtx plus pro,inity,engaging,2017-05-25,,
HELQUZNO,gtx basic,konex,won,2017-05-25,2017-09-25,616.0
V7DHDF8V,mg advanced,scottech,lost,2017-05-25,2017-08-07,0.0
A3OROHUS,gtxpro,globex corporation,won,2017-05-25,2017-08-14,4270.0
CXYWGOPF,gtxpro,ontomedia,lost,2017-05-25,2017-08-21,0.0
DLQTM07N,gtxpro,treequote,won,2017-05-25,2017-08-22,4787.0
Y2EC6KYG,mg advanced,,engaging,2017-05-25,,
SUXDAQNV,gtx basic,statholdings,lost,2017-05-25,2017-08-28,0.0
ZT2NKCV5,mg special,hottechi,won,2017-05-25,2017-05-31,55.0
I4YPNNTU,mg advanced,funholding,won,2017-05-25,2017-08-09,3808.0
2PI827MA,gtxpro,,engaging,2017-05-25,,
KOYW9WIV,gtx basic,rundofase,won,2017-05-25,2017-09-23,483.0
JRAAPD3L,mg advanced,warephase,won,2017-05-25,2017-09-16,3727.0
21JDZDNJ,gtxpro,faxquote,won,2017-05-25,2017-08-14,4738.0
EP0H3SJO,gtx plus basic,ron tech,won,2017-05-25,2017-08-04,1275.0
GIP11NY3,mg advanced,treequote,won,2017-05-25,2017-08-19,3428.0
7X1D49TU,mg special,conecom,lost,2017-05-25,2017-09-11,0.0
PDXFONE0,gtxpro,mathtouch,won,2017-05-25,2017-06-07,5420.0
77WSI0TH,mg special,dalttechnology,lost,2017-05-25,2017-08-28,0.0
DJDVV89L,mg special,dontechi,won,2017-05-25,2017-06-11,59.0
ZK4S74FD,gtx plus pro,singletechno,engaging,2017-05-25,,
E5V4WT18,mg special,genco pura olive oil company,engaging,2017-05-25,,
CYSF0YQN,gtx plus basic,dontechi,lost,2017-05-26,2017-08-15,0.0
HEK08UMI,mg advanced,rangreen,lost,2017-05-26,2017-08-19,0.0
7AXR8U55,mg advanced,,engaging,2017-05-26,,
GRRY4DQR,gtx basic,silis,won,2017-05-26,2017-09-15,561.0
S3JAC8GQ,gtx plus basic,zathunicon,won,2017-05-26,2017-08-10,1354.0
E3JP7HCX,mg special,the new york inquirer,won,2017-05-26,2017-09-18,44.0
FF5G00YD,gtx basic,mathtouch,won,2017-05-26,2017-09-18,560.0
5975TDTI,gtxpro,donquadtech,won,2017-05-26,2017-06-09,5324.0
7X0T2QOL,mg advanced,,engaging,2017-05-26,,
7KKFQ7LX,mg advanced,,engaging,2017-05-26,,
IBZI95HI,gtx plus basic,zoomit,engaging,2017-05-26,,
3ATYY665,gtxpro,conecom,engaging,2017-05-26,,
GZU4ZSFE,gtxpro,faxquote,won,2017-05-26,2017-09-23,4924.0
E4KL4NGF,gtx basic,golddex,won,2017-05-26,2017-08-07,571.0
QCH2R1VO,mg advanced,konex,won,2017-05-26,2017-08-12,4022.0
SH6F6COK,gtx basic,rundofase,lost,2017-05-26,2017-08-12,0.0
KOJ4SQ1T,mg special,groovestreet,lost,2017-05-26,2017-08-22,0.0
DMUQAWQH,gtx plus basic,faxquote,won,2017-05-26,2017-06-12,1030.0
C2RL3DUQ,mg advanced,bioholding,lost,2017-05-26,2017-08-09,0.0
2LTS2CL8,mg special,streethex,lost,2017-05-26,2017-05-31,0.0
113O9JCA,mg special,codehow,lost,2017-05-26,2017-09-09,0.0
54XWHO19,gtx basic,hatfan,lost,2017-05-26,2017-08-03,0.0
09RN3MHV,gtxpro,kan code,won,2017-05-26,2017-09-21,5074.0
EPSIB2JR,mg special,zoomit,engaging,2017-05-26,,
YW14K7PE,gtx plus pro,vehement capital partners,won,2017-05-26,2017-09-23,5198.0
G1L2YY5P,gtx basic,,engaging,2017-05-26,,
9UYUV724,gtx plus pro,faxquote,lost,2017-05-26,2017-09-06,0.0
UZI6MKVR,mg special,betatech,lost,2017-05-27,2017-08-24,0.0
N1H9ILZ9,gtx basic,conecom,won,2017-05-27,2017-09-03,576.0
V8RYC18P,mg special,stanredtax,won,2017-05-27,2017-08-21,57.0
5OQELHMF,gtxpro,konex,lost,2017-05-27,2017-08-14,0.0
NCF4DT7H,mg advanced,condax,lost,2017-05-27,2017-06-05,0.0
DC2JL47C,gtxpro,dontechi,engaging,2017-05-27,,
GMN9KQN2,gtxpro,,engaging,2017-05-27,,
L9WWFYQW,gtxpro,codehow,lost,2017-05-27,2017-08-18,0.0
AR2T4LAR,gtxpro,scottech,won,2017-05-27,2017-08-22,4432.0
GPC8PLM7,gtx basic,kinnamplus,won,2017-05-27,2017-09-02,481.0
YA822MOB,gtx plus pro,y corporation,lost,2017-05-27,2017-08-22,0.0
JBCQ1ODR,gtxpro,newex,won,2017-05-27,2017-08-28,5293.0
M26BSX5S,gtxpro,codehow,lost,2017-05-27,2017-08-06,0.0
PLYYX5CD,gtx plus pro,hottechi,won,2017-05-27,2017-08-17,5769.0
JP2EY6QU,gtxpro,globex corporation,won,2017-05-27,2017-09-02,4929.0
48INT6OA,gtxpro,rundofase,won,2017-05-27,2017-08-05,4924.0
EVDMSM4N,gtx plus basic,blackzim,lost,2017-05-27,2017-08-14,0.0
9FH4OP4U,gtx plus pro,faxquote,won,2017-05-27,2017-08-04,5312.0
N128I4H8,mg special,nam zim,won,2017-05-27,2017-06-07,66.0
8NKLCSES,gtx plus basic,toughzap,won,2017-05-27,2017-06-18,1115.0
1ZMWMU21,mg advanced,conecom,won,2017-05-27,2017-08-23,3407.0
R617R51D,gtx basic,cancity,won,2017-05-27,2017-09-03,540.0
W8E2YLNY,gtx plus basic,acme corporation,won,2017-05-27,2017-09-04,1095.0
TX9VFL4J,gtx plus basic,silis,won,2017-05-27,2017-08-23,1019.0
5ELX1QYM,gtx plus basic,green plus,lost,2017-05-27,2017-05-30,0.0
RTQVKK41,gtxpro,scotfind,lost,2017-05-27,2017-08-17,0.0
9DEDEQ5O,gtxpro,green plus,won,2017-05-27,2017-09-14,4477.0
Z8JLMCOM,gtxpro,hatfan,won,2017-05-27,2017-06-02,4644.0
1O58TWRZ,gtx basic,finhigh,lost,2017-05-28,2017-08-20,0.0
RHOZIG9P,gtx plus basic,cancity,lost,2017-05-28,2017-06-13,0.0
VXTVHC1Z,gtx plus pro,,engaging,2017-05-28,,
52Q1PYGW,gtx plus basic,zotware,won,2017-05-28,2017-06-08,940.0
56ZJUSNG,gtxpro,acme corporation,won,2017-05-28,2017-06-07,5378.0
Y92RU9V8,gtxpro,kan code,won,2017-05-28,2017-06-15,4712.0
SXV6VZVC,gtx plus basic,bioholding,won,2017-05-28,2017-08-25,1118.0
BGY307FC,gtx plus pro,ganjaflex,won,2017-05-28,2017-08-11,5695.0
BAN0BVHW,gtxpro,yearin,won,2017-05-28,2017-08-05,4462.0
GV9G96Z1,gtxpro,plussunin,lost,2017-05-28,2017-08-30,0.0
Z75R686C,mg advanced,singletechno,won,2017-05-28,2017-08-28,3701.0
BO1ZOZG2,gtx plus basic,ontomedia,engaging,2017-05-28,,
OERROEPM,gtx basic,,engaging,2017-05-28,,
12GLKKV4,gtx plus basic,j texon,won,2017-05-28,2017-06-08,941.0
VDD7H92Q,gtx plus basic,hatfan,won,2017-05-28,2017-06-05,1171.0
83JP1K4E,gtk 500,rantouch,won,2017-05-28,2017-08-28,24899.0
ME3H0RUJ,mg advanced,rantouch,won,2017-05-28,2017-09-21,3418.0
W8E76HJG,gtx basic,hottechi,won,2017-05-28,2017-06-08,537.0
MWSPTOQK,gtxpro,,engaging,2017-05-28,,
IMB2N710,gtx plus basic,rantouch,won,2017-05-28,2017-08-04,1053.0
OJBBZHM4,gtx basic,genco pura olive oil company,won,2017-05-29,2017-06-11,497.0
2PQORQGO,gtx plus pro,zencorporation,won,2017-05-29,2017-09-13,5714.0
I3RW4OMF,gtx basic,bioholding,won,2017-05-29,2017-08-29,611.0
RY6T3GLC,gtxpro,zathunicon,engaging,2017-05-29,,
LG8ZAMCB,gtxpro,opentech,won,2017-05-29,2017-06-11,5642.0
XJ8UTM6B,gtxpro,umbrella corporation,won,2017-05-29,2017-06-11,5081.0
CVGTFBZE,gtxpro,cancity,won,2017-05-29,2017-08-02,3985.0
RW02HG5P,mg advanced,bluth company,won,2017-05-29,2017-06-11,3313.0
7W8CQJ2Z,mg advanced,plexzap,won,2017-05-29,2017-06-11,3850.0
M03IHS3P,gtx plus basic,scottech,won,2017-05-29,2017-08-06,917.0
GX3SHSEA,mg special,streethex,won,2017-05-29,2017-08-08,56.0
8G3HB5S6,gtx basic,,engaging,2017-05-29,,
9KTHISLX,mg advanced,lexiqvolax,lost,2017-05-29,2017-08-18,0.0
Q808L4HZ,gtxpro,newex,won,2017-05-29,2017-08-07,5194.0
IWQP4M72,gtx plus basic,bioholding,lost,2017-05-29,2017-08-29,0.0
MPME6VZD,gtx plus basic,dontechi,engaging,2017-05-29,,
EUYJDW9C,gtxpro,,engaging,2017-05-29,,
3GOXMQPF,gtx plus basic,golddex,won,2017-05-29,2017-08-17,1002.0
1WZ5N86Q,gtx plus pro,hottechi,won,2017-05-29,2017-08-17,6042.0
C3QK8M7F,gtx plus pro,sonron,won,2017-05-29,2017-06-15,4423.0
9BXXDYH9,mg special,groovestreet,won,2017-05-29,2017-08-18,45.0
YRTI0EKE,gtx basic,,engaging,2017-05-29,,
4X3H9YD5,gtk 500,kan code,won,2017-05-29,2017-08-29,25791.0
K83L4L0I,mg advanced,mathtouch,won,2017-05-29,2017-06-17,2918.0
E9C7WXQL,gtx plus basic,streethex,won,2017-05-29,2017-09-19,959.0
UMXZFLO8,gtxpro,,engaging,2017-05-29,,
AAVJHH3M,gtxpro,green plus,won,2017-05-29,2017-06-06,5532.0
NEVHU7GV,gtx plus basic,ontomedia,lost,2017-05-30,2017-08-07,0.0
POLWB0UX,gtxpro,xx zobam,won,2017-05-30,2017-06-06,4687.0
ZSHK2ZXD,gtx basic,dambase,won,2017-05-30,2017-06-21,602.0
PF7GFMLQ,gtx basic,condax,won,2017-05-30,2017-08-10,595.0
LKMZWCKQ,gtxpro,funholding,lost,2017-05-30,2017-09-06,0.0
3D6ZHLF0,gtx basic,zoomit,lost,2017-05-30,2017-08-05,0.0
3R8PJCCW,mg advanced,blackzim,won,2017-05-30,2017-09-03,2868.0
CPWTJ2WC,mg advanced,finhigh,won,2017-05-30,2017-06-03,3236.0
QZLWUJEJ,gtxpro,ganjaflex,lost,2017-05-30,2017-05-31,0.0
NDVZAHYA,gtx basic,golddex,won,2017-05-30,2017-08-15,524.0
1R8VKE8O,gtx plus pro,golddex,won,2017-05-30,2017-08-15,5631.0
QNVW1NSS,mg advanced,,engaging,2017-05-30,,
LNX7ULEG,gtx plus pro,sonron,won,2017-05-30,2017-08-22,5572.0
42N0IWF8,gtxpro,condax,won,2017-05-30,2017-06-05,5644.0
N60TC14O,gtx plus pro,zumgoity,lost,2017-05-31,2017-08-05,0.0
V6YYDG56,gtx plus pro,donquadtech,lost,2017-05-31,2017-06-16,0.0
S1AU0IZX,gtxpro,inity,won,2017-05-31,2017-06-04,4192.0
GFXKHCEM,mg special,fasehatice,lost,2017-05-31,2017-09-05,0.0
YH2NHVXC,mg advanced,blackzim,lost,2017-05-31,2017-08-26,0.0
JSNPH01N,mg special,sonron,won,2017-05-31,2017-06-10,56.0
CQDULMXS,gtx basic,gekko co,won,2017-05-31,2017-08-05,607.0
VKM187MX,mg special,condax,won,2017-05-31,2017-06-09,48.0
GIPPUV2F,gtx plus basic,nam zim,engaging,2017-05-31,,
4IUJNFPF,gtx basic,singletechno,lost,2017-05-31,2017-08-18,0.0
ZE7PM90V,gtx basic,blackzim,won,2017-05-31,2017-08-23,570.0
CAAYFKK8,gtx plus basic,singletechno,won,2017-05-31,2017-06-04,1056.0
HTBPSC2D,gtx basic,,engaging,2017-05-31,,
NQZNAEYQ,gtx basic,lexiqvolax,won,2017-05-31,2017-09-03,560.0
J47DPNB5,gtx plus pro,plexzap,lost,2017-05-31,2017-08-03,0.0
37B8ES7X,gtx basic,groovestreet,won,2017-05-31,2017-06-21,588.0
KYABDCKE,gtxpro,y corporation,won,2017-05-31,2017-09-02,4356.0
3CP9VXC1,mg special,labdrill,won,2017-05-31,2017-08-15,69.0
9XGT3451,gtx basic,rangreen,won,2017-05-31,2017-08-02,505.0
AG0H8IAZ,gtx basic,sonron,won,2017-05-31,2017-09-23,510.0
28FTXKAB,mg advanced,zoomit,won,2017-05-31,2017-09-23,3722.0
SIBR2J01,mg special,,engaging,2017-05-31,,
ROUOR5L0,gtx plus basic,finjob,won,2017-05-31,2017-08-02,1145.0
QPMZ5RG0,mg special,streethex,won,2017-05-31,2017-08-27,53.0
2PMIYAFN,gtx plus basic,kan code,won,2017-05-31,2017-06-15,1120.0
CRWE8FRT,mg advanced,initech,won,2017-05-31,2017-09-22,3404.0
FC1LS6PY,mg advanced,zumgoity,lost,2017-05-31,2017-06-08,0.0
6FI9HAX7,mg special,ron tech,won,2017-05-31,2017-06-13,46.0
JL86Q0B4,mg special,the new york inquirer,won,2017-05-31,2017-06-14,53.0
Y2A8EUBM,gtx basic,singletechno,lost,2017-05-31,2017-08-20,0.0
C2MKJA8V,gtxpro,condax,won,2017-05-31,2017-06-05,4988.0
IJ4Y77D9,mg special,rantouch,won,2017-05-31,2017-08-12,53.0
CGCPVYNI,gtx basic,isdom,won,2017-06-01,2017-06-08,523.0
ST8ZOXKI,mg special,hottechi,won,2017-06-01,2017-06-11,63.0
P07OGZ3F,mg special,stanredtax,won,2017-06-01,2017-08-28,54.0
0DLEXLEV,gtx plus pro,yearin,won,2017-06-01,2017-09-07,6117.0
27UN3UX8,gtx plus pro,ontomedia,won,2017-06-01,2017-06-09,5112.0
NR5D7201,mg advanced,kan code,won,2017-06-01,2017-09-03,3527.0
UGTXH980,gtxpro,,engaging,2017-06-01,,
LKBS2IJC,gtx plus pro,konmatfix,lost,2017-06-01,2017-06-11,0.0
MFO940S8,mg special,finhigh,lost,2017-06-01,2017-08-24,0.0
5O0597PP,mg advanced,warephase,lost,2017-06-01,2017-08-07,0.0
C4FEG98K,gtx basic,inity,won,2017-06-01,2017-06-14,565.0
EKH5O1HH,mg advanced,ron tech,won,2017-06-01,2017-06-09,3771.0
BZ9C1LQT,mg advanced,fasehatice,lost,2017-06-01,2017-08-09,0.0
ZT6D57ED,gtx plus pro,scottech,won,2017-06-01,2017-09-02,6274.0
NKERMTB8,mg advanced,plexzap,lost,2017-06-01,2017-08-03,0.0
Q67320CY,mg advanced,sunnamplex,won,2017-06-01,2017-08-17,3480.0
K5NFTQRI,gtx plus pro,fasehatice,won,2017-06-01,2017-08-16,5770.0
IJ7B896N,mg advanced,hottechi,lost,2017-06-01,2017-09-12,0.0
8KBVRQHD,gtx plus pro,statholdings,lost,2017-06-01,2017-08-29,0.0
AGZ87JFX,gtx basic,rangreen,lost,2017-06-01,2017-08-01,0.0
OBGCQ1BK,gtx basic,domzoom,lost,2017-06-01,2017-09-21,0.0
K05LLUU4,gtx basic,ron tech,lost,2017-06-01,2017-09-25,0.0
9WISPXZW,gtx basic,konex,won,2017-06-01,2017-06-12,562.0
ZTVWSE98,mg special,,engaging,2017-06-01,,
4ZGA57SX,gtxpro,mathtouch,won,2017-06-01,2017-08-03,4686.0
6ONKN1IM,mg advanced,newex,lost,2017-06-01,2017-08-22,0.0
JVIIWJDL,mg special,opentech,won,2017-06-01,2017-09-02,38.0
W8M8XI8Y,mg advanced,finjob,won,2017-06-01,2017-08-05,3184.0
MELHF0ZP,gtx plus pro,rundofase,won,2017-06-02,2017-09-17,5373.0
6SV2WYK4,gtx plus basic,bluth company,won,2017-06-02,2017-09-05,1239.0
SPV7OJTH,mg advanced,,engaging,2017-06-02,,
6JEAYHOE,mg advanced,isdom,lost,2017-06-02,2017-06-18,0.0
IKQSEYPT,mg special,streethex,won,2017-06-02,2017-06-12,52.0
ZN0FWO0L,gtx basic,ganjaflex,won,2017-06-02,2017-09-19,651.0
CPL37MZC,gtx plus pro,dambase,won,2017-06-02,2017-08-02,6026.0
N7G1TU1X,mg advanced,,engaging,2017-06-02,,
GM68OLDH,gtx plus pro,green plus,won,2017-06-02,2017-09-05,5569.0
W604BPPE,gtx basic,dontechi,lost,2017-06-02,2017-08-25,0.0
GIJ14130,gtx basic,hottechi,won,2017-06-02,2017-09-04,519.0
CUA83384,gtx basic,scotfind,won,2017-06-02,2017-09-05,558.0
ZGQI86AQ,gtx basic,sonron,won,2017-06-02,2017-09-05,523.0
L8NLCWFS,gtxpro,scotfind,won,2017-06-02,2017-08-20,4869.0
UPHLXZ3M,mg special,funholding,lost,2017-06-02,2017-08-02,0.0
JDFQYP5L,gtx basic,stanredtax,won,2017-06-02,2017-08-09,588.0
06AIY3IS,gtx plus pro,condax,won,2017-06-02,2017-08-21,5712.0
4LQAN2JX,gtx plus basic,golddex,won,2017-06-02,2017-08-29,1046.0
84QGC91P,mg special,singletechno,won,2017-06-02,2017-08-17,54.0
98MASV7P,gtxpro,xx zobam,won,2017-06-02,2017-08-12,4933.0
QFBBRJL5,mg special,umbrella corporation,won,2017-06-02,2017-09-26,60.0
CUV49MUR,gtxpro,zathunicon,engaging,2017-06-02,,
XCGW5K0N,gtx basic,silis,won,2017-06-02,2017-09-12,572.0
UUF8Z53N,mg special,condax,won,2017-06-02,2017-08-30,55.0
J6MIKNYJ,mg special,xx zobam,won,2017-06-02,2017-08-22,51.0
3W4AWYSK,gtx plus pro,vehement capital partners,lost,2017-06-03,2017-08-24,0.0
VBN5T6F8,mg special,opentech,won,2017-06-03,2017-08-31,59.0
W1J3L0EU,gtxpro,betasoloin,won,2017-06-03,2017-06-06,4492.0
45CMXP2K,gtx basic,treequote,lost,2017-06-03,2017-08-03,0.0
6OJAC85F,gtxpro,codehow,lost,2017-06-03,2017-08-29,0.0
K94WM7M4,mg advanced,zathunicon,lost,2017-06-03,2017-08-27,0.0
31KRB7R2,gtx basic,plexzap,lost,2017-06-03,2017-08-12,0.0
5PG1KSKD,gtxpro,fasehatice,lost,2017-06-03,2017-08-06,0.0
LDAXEBR0,gtx basic,treequote,won,2017-06-03,2017-06-22,639.0
NGTMVX1C,gtx plus basic,globex corporation,won,2017-06-03,2017-06-21,1040.0
SFBHZLHK,gtxpro,finhigh,won,2017-06-03,2017-09-12,4138.0
7VMOJBPN,gtxpro,faxquote,engaging,2017-06-03,,
13PPMGNM,gtx plus basic,plexzap,lost,2017-06-03,2017-08-07,0.0
6GY8Q8F0,mg special,funholding,won,2017-06-03,2017-09-23,54.0
5JIXFMFY,mg advanced,inity,won,2017-06-03,2017-09-14,3438.0
JBY30BSR,gtxpro,finjob,lost,2017-06-03,2017-08-05,0.0
69XL3JMB,gtx plus basic,isdom,won,2017-06-03,2017-08-05,1017.0
YTGQKC7A,mg special,dalttechnology,engaging,2017-06-03,,
DYWMK8OF,mg advanced,singletechno,won,2017-06-03,2017-09-19,3314.0
GG8XQD8Z,mg special,cancity,lost,2017-06-03,2017-08-12,0.0
URT8A7OQ,mg special,rangreen,won,2017-06-03,2017-08-24,51.0
LGO0XF4X,mg special,kan code,won,2017-06-03,2017-09-10,50.0
Y46OEBEH,mg special,zathunicon,won,2017-06-03,2017-06-09,54.0
G54JJCMX,gtx plus pro,scottech,lost,2017-06-04,2017-08-18,0.0
BPQ0358T,mg advanced,rangreen,lost,2017-06-04,2017-09-16,0.0
EPH7L4K0,gtxpro,condax,lost,2017-06-04,2017-09-05,0.0
SMU4542Q,gtx plus basic,hottechi,lost,2017-06-04,2017-08-16,0.0
E884CL8B,gtxpro,ontomedia,won,2017-06-04,2017-06-17,4942.0
4K8N65EM,mg special,initech,lost,2017-06-04,2017-08-06,0.0
KVTBYOVD,gtxpro,kan code,won,2017-06-04,2017-06-14,4612.0
ZA6CBQAL,gtxpro,zotware,won,2017-06-04,2017-06-20,4308.0
Y6YZXVTF,mg advanced,massive dynamic,won,2017-06-04,2017-09-04,2876.0
SHETLR3T,gtx plus pro,warephase,won,2017-06-04,2017-08-30,4990.0
EL03YRD0,gtx plus basic,scotfind,lost,2017-06-04,2017-09-29,0.0
3KZUBSRU,gtx plus basic,sonron,won,2017-06-04,2017-09-09,1024.0
F8QQEW1W,gtx plus basic,,engaging,2017-06-04,,
FA6JQ4V2,mg special,lexiqvolax,won,2017-06-04,2017-09-16,53.0
4LXUITP3,gtx basic,,engaging,2017-06-04,,
GXC8JN36,gtxpro,,engaging,2017-06-04,,
XTE9XJTS,mg special,zencorporation,engaging,2017-06-04,,
N7WUBQR0,gtx plus basic,singletechno,lost,2017-06-04,2017-09-17,0.0
9KJ89VHI,gtx basic,j texon,won,2017-06-04,2017-09-01,525.0
N3CN7GCZ,mg special,nam zim,won,2017-06-04,2017-08-27,60.0
KAHKF9H1,gtx plus basic,scotfind,won,2017-06-04,2017-06-08,967.0
P4UJ64QM,gtx basic,rantouch,lost,2017-06-04,2017-08-14,0.0
IHF5GR01,gtx basic,initech,won,2017-06-04,2017-06-14,524.0
81DUFIPO,mg special,j texon,won,2017-06-04,2017-09-10,57.0
58K44TMD,mg advanced,bubba gump,lost,2017-06-04,2017-06-20,0.0
EEBOSTAA,gtx plus pro,warephase,won,2017-06-04,2017-06-13,5056.0
9DDHZUZB,gtx basic,konex,won,2017-06-04,2017-06-08,600.0
IWLEND3K,gtx basic,donware,won,2017-06-05,2017-09-26,633.0
VICY80KW,gtxpro,vehement capital partners,won,2017-06-05,2017-08-27,4994.0
H35AXY3M,gtx plus basic,kan code,won,2017-06-05,2017-06-10,899.0
1UHFKBP6,gtxpro,scottech,lost,2017-06-05,2017-08-06,0.0
VF7DWQIH,gtx plus pro,dambase,won,2017-06-05,2017-08-25,5421.0
C7NW3JB2,gtxpro,genco pura olive oil company,won,2017-06-05,2017-08-23,5223.0
SUABQAC0,gtxpro,rundofase,won,2017-06-05,2017-06-18,4794.0
6JWA8DFJ,gtxpro,toughzap,won,2017-06-05,2017-09-06,4903.0
OEBJXZN6,mg advanced,dontechi,won,2017-06-05,2017-08-13,3625.0
QMUBRAT2,gtx basic,globex corporation,lost,2017-06-05,2017-08-28,0.0
W5P1OLUL,gtx basic,rundofase,won,2017-06-05,2017-08-03,554.0
JP4H1WG4,gtx basic,singletechno,lost,2017-06-05,2017-09-03,0.0
580XZTEO,gtx basic,sunnamplex,lost,2017-06-05,2017-06-11,0.0
PIFPDJMN,gtx basic,,engaging,2017-06-05,,
MASS6JEE,gtxpro,hatfan,won,2017-06-05,2017-09-05,5039.0
XNC9UMYH,gtx plus basic,faxquote,won,2017-06-05,2017-08-30,1169.0
AUEAKRQV,gtxpro,toughzap,won,2017-06-05,2017-09-19,5055.0
08Q8A6M9,mg special,scottech,won,2017-06-05,2017-06-22,60.0
6F8IL0XV,gtx plus basic,condax,lost,2017-06-05,2017-08-27,0.0
NTHLG5DT,gtx basic,golddex,won,2017-06-05,2017-09-08,595.0
Y5OZ7VOF,mg advanced,plexzap,won,2017-06-05,2017-06-21,3227.0
9HLQVY37,gtx plus basic,konmatfix,lost,2017-06-05,2017-06-11,0.0
8C3LOLPY,gtx plus basic,ron tech,lost,2017-06-05,2017-08-14,0.0
QMJHLT1V,mg special,hottechi,won,2017-06-05,2017-09-20,59.0
Q5JU0LZJ,gtx basic,inity,won,2017-06-05,2017-09-26,479.0
IRODLEGG,mg advanced,globex corporation,won,2017-06-05,2017-09-14,3449.0
HTA6XLY3,mg special,massive dynamic,won,2017-06-05,2017-09-24,54.0
XW7J3TI2,mg advanced,hatfan,lost,2017-06-05,2017-08-14,0.0
1BV5JLZV,mg special,doncon,won,2017-06-05,2017-09-01,59.0
84D18IA1,mg special,acme corporation,lost,2017-06-05,2017-08-01,0.0
7J0ZLDB1,mg special,,engaging,2017-06-05,,
41IM8V9E,gtx basic,finjob,lost,2017-06-05,2017-09-27,0.0
NXFAXN16,mg special,streethex,won,2017-06-06,2017-09-27,55.0
FXXEZ5U2,mg advanced,initech,won,2017-06-06,2017-08-09,3042.0
3F81XLI7,gtxpro,ganjaflex,won,2017-06-06,2017-08-11,4230.0
ID4LC9V5,gtx plus basic,initech,won,2017-06-06,2017-08-15,979.0
IPQFYK0E,gtx plus basic,zotware,won,2017-06-06,2017-06-17,1064.0
UU0F81HS,gtxpro,xx zobam,won,2017-06-06,2017-08-20,5166.0
7SBDZJF4,gtx plus basic,bioplex,won,2017-06-06,2017-08-23,1036.0
7UI7YX03,gtxpro,hottechi,won,2017-06-06,2017-08-06,4330.0
BNYWSG6W,mg advanced,hottechi,won,2017-06-06,2017-09-13,3598.0
RC1YCAEP,gtx basic,goodsilron,won,2017-06-06,2017-08-16,431.0
H6TY7RBJ,gtx plus basic,funholding,lost,2017-06-06,2017-08-28,0.0
MU6NOSH1,gtx basic,funholding,won,2017-06-06,2017-06-17,624.0
OFIORN0G,gtx plus basic,finhigh,won,2017-06-06,2017-06-11,1140.0
PMHOZRJN,mg special,condax,won,2017-06-06,2017-09-17,62.0
7Z3Q8UYS,gtx basic,fasehatice,lost,2017-06-06,2017-08-01,0.0
YT9PLSVL,gtx basic,streethex,won,2017-06-06,2017-09-15,584.0
BQINW2LB,mg special,lexiqvolax,lost,2017-06-06,2017-09-09,0.0
BLFMYCVF,mg special,goodsilron,won,2017-06-06,2017-08-19,57.0
379SDV6Y,gtx plus basic,statholdings,won,2017-06-06,2017-08-05,1267.0
FE2AE2YO,gtxpro,umbrella corporation,lost,2017-06-06,2017-06-11,0.0
XQY4Z4KI,mg special,,engaging,2017-06-06,,
2756CEOQ,mg special,plusstrip,won,2017-06-06,2017-09-16,55.0
9GYIYGHW,mg advanced,,engaging,2017-06-06,,
Z4CFFZAW,mg special,opentech,won,2017-06-06,2017-09-10,63.0
I967JINR,gtxpro,donquadtech,won,2017-06-06,2017-09-05,3961.0
IE18U4NO,mg special,zathunicon,won,2017-06-06,2017-08-26,45.0
JNIMHE7Y,mg special,warephase,won,2017-06-07,2017-08-20,61.0
KUKJQX9Y,mg advanced,bubba gump,lost,2017-06-07,2017-09-08,0.0
QCIG6H19,gtx plus basic,isdom,won,2017-06-07,2017-08-31,1114.0
DW29KM30,mg advanced,zathunicon,engaging,2017-06-07,,
R7IIOFBH,gtx basic,kan code,won,2017-06-07,2017-08-05,566.0
Q7ST5E1W,mg advanced,dambase,lost,2017-06-07,2017-08-20,0.0
6MTURF7Q,mg special,green plus,won,2017-06-07,2017-06-21,56.0
MWT1ZV0Y,gtx basic,ron tech,won,2017-06-07,2017-06-18,627.0
RKVXBXBM,mg special,,engaging,2017-06-07,,
B7Q6Q7S2,gtx plus basic,dalttechnology,won,2017-06-07,2017-08-16,1101.0
3DYZN86H,mg advanced,hottechi,won,2017-06-07,2017-09-17,2979.0
QYKTG5QA,mg advanced,isdom,lost,2017-06-07,2017-09-04,0.0
67CKCI5G,gtxpro,gekko co,lost,2017-06-07,2017-08-05,0.0
2O1IK8VR,mg advanced,warephase,won,2017-06-07,2017-06-17,3662.0
C6TQMD3C,gtx plus pro,,engaging,2017-06-07,,
IQMW1VDP,mg special,,engaging,2017-06-07,,
R9AVNYCO,gtx plus basic,conecom,engaging,2017-06-07,,
G1AKE0NR,gtxpro,,engaging,2017-06-07,,
N8NQK8K7,gtxpro,dalttechnology,lost,2017-06-07,2017-08-22,0.0
V93EX6XU,gtxpro,nam zim,won,2017-06-07,2017-08-17,5185.0
5QNUZYIL,mg advanced,umbrella corporation,won,2017-06-08,2017-06-24,3681.0
WX63AIMZ,mg special,dontechi,won,2017-06-08,2017-06-18,59.0
09P7O0LQ,mg special,finhigh,won,2017-06-08,2017-09-13,60.0
GYS3APR7,gtx basic,bluth company,won,2017-06-08,2017-08-05,602.0
9VF00HWL,gtx basic,xx zobam,won,2017-06-08,2017-08-12,515.0
UTJGDR3K,gtxpro,streethex,lost,2017-06-08,2017-08-25,0.0
MD0SRXG4,gtx plus pro,ron tech,won,2017-06-08,2017-06-21,5175.0
E0ITYYTG,gtxpro,acme corporation,lost,2017-06-08,2017-08-27,0.0
PGK5K24U,gtxpro,plussunin,won,2017-06-08,2017-08-28,4780.0
AY3KTIXX,gtx plus pro,cheers,engaging,2017-06-08,,
X46ZXX2S,gtx plus basic,globex corporation,lost,2017-06-08,2017-08-11,0.0
4QP55BTO,gtx basic,globex corporation,won,2017-06-08,2017-06-16,614.0
G6X1B2K5,gtx basic,rangreen,won,2017-06-08,2017-09-13,532.0
0YCAS0B9,gtx plus pro,finhigh,won,2017-06-08,2017-08-27,6096.0
6UZVABQR,gtx basic,hottechi,won,2017-06-08,2017-08-17,486.0
9NTDQ8ZC,gtx basic,funholding,won,2017-06-08,2017-08-17,566.0
FCCI80H2,mg special,singletechno,lost,2017-06-08,2017-06-22,0.0
ALQRAPZR,gtx plus basic,green plus,won,2017-06-08,2017-06-16,923.0
7SPRU76Q,gtxpro,hottechi,won,2017-06-08,2017-09-30,4744.0
JEMEGXUG,gtx basic,warephase,won,2017-06-08,2017-08-19,517.0
GVHIFUN1,gtx plus basic,zumgoity,won,2017-06-08,2017-06-14,881.0
RBB3C85Q,gtxpro,gogozoom,won,2017-06-08,2017-06-24,4272.0
WFP9J5J7,gtxpro,finjob,lost,2017-06-08,2017-08-26,0.0
8I4915WD,gtx plus basic,lexiqvolax,won,2017-06-08,2017-09-02,805.0
S2J63YRV,mg special,,engaging,2017-06-08,,
L831D7DF,mg special,funholding,lost,2017-06-08,2017-08-18,0.0
839DCVT2,mg special,codehow,won,2017-06-08,2017-09-13,55.0
D17T8PTH,gtx basic,,engaging,2017-06-08,,
EJ0EF8S1,gtx basic,sunnamplex,won,2017-06-08,2017-06-15,507.0
0ORRC53X,gtx basic,finjob,won,2017-06-08,2017-09-08,520.0
3QTN3F5T,mg advanced,isdom,won,2017-06-09,2017-08-15,3470.0
SY6BWRRO,gtxpro,vehement capital partners,lost,2017-06-09,2017-08-14,0.0
JW5SYMNS,gtx plus basic,zotware,won,2017-06-09,2017-08-22,1176.0
FHM7LYZ3,mg special,,engaging,2017-06-09,,
REO3FMSB,mg advanced,massive dynamic,engaging,2017-06-09,,
BJJQSJD8,gtx plus basic,zotware,engaging,2017-06-09,,
VP2CW520,gtx plus basic,treequote,lost,2017-06-09,2017-08-26,0.0
2F0RUQ0B,gtxpro,zotware,won,2017-06-09,2017-08-02,4517.0
XUP62FUM,gtx plus pro,rantouch,won,2017-06-09,2017-08-16,5125.0
T56J7ES7,gtx plus basic,nam zim,engaging,2017-06-09,,
MUIT1E0M,gtxpro,kan code,won,2017-06-09,2017-06-19,5339.0
D7XNUYJD,gtxpro,plusstrip,lost,2017-06-09,2017-08-19,0.0
ORG6MXKF,gtx plus basic,condax,won,2017-06-09,2017-06-26,1135.0
VS4UFFLH,mg special,kan code,won,2017-06-09,2017-09-05,52.0
VUYQCXTY,gtx plus basic,bioholding,won,2017-06-09,2017-08-04,1017.0
YFJKP42F,mg advanced,codehow,won,2017-06-09,2017-06-27,3681.0
OES8ZX7B,gtx plus basic,rundofase,lost,2017-06-09,2017-08-04,0.0
V9FD3EYK,gtxpro,mathtouch,won,2017-06-09,2017-09-22,4370.0
3C9CWV6J,mg advanced,iselectrics,won,2017-06-10,2017-06-14,3772.0
NDGQ0H91,mg advanced,sumace,won,2017-06-10,2017-06-28,2871.0
OU9O62Y7,gtx plus pro,cancity,won,2017-06-10,2017-08-04,4749.0
LFQCLMMG,mg special,ganjaflex,lost,2017-06-10,2017-08-27,0.0
3ZG0719M,gtx plus basic,ron tech,won,2017-06-10,2017-08-26,1075.0
EMIAKHPF,gtx plus pro,kinnamplus,won,2017-06-10,2017-09-21,5051.0
GG85QBTM,gtk 500,lexiqvolax,engaging,2017-06-10,,
MKEVYIDI,gtx plus basic,isdom,won,2017-06-10,2017-06-17,834.0
IFNT8NLL,mg special,green plus,lost,2017-06-10,2017-08-07,0.0
EWRVDN3U,mg advanced,toughzap,lost,2017-06-10,2017-09-19,0.0
WEGC0W05,mg special,rangreen,won,2017-06-10,2017-06-19,54.0
HZ283240,gtx basic,streethex,lost,2017-06-10,2017-09-07,0.0
3J1W4LM0,gtx basic,domzoom,won,2017-06-10,2017-06-21,527.0
1RIY3IBH,mg advanced,globex corporation,won,2017-06-10,2017-06-12,2724.0
6NZH6X7G,gtx plus pro,betasoloin,lost,2017-06-10,2017-06-21,0.0
DJ2GWNGZ,gtx basic,kinnamplus,won,2017-06-10,2017-09-05,551.0
LC2RIMSX,gtxpro,vehement capital partners,engaging,2017-06-10,,
S02S3TVE,gtx plus basic,plusstrip,won,2017-06-10,2017-06-21,1118.0
34YT99YN,gtx plus pro,dalttechnology,won,2017-06-10,2017-08-23,6094.0
N33B6LND,mg special,gekko co,lost,2017-06-10,2017-08-22,0.0
RUAU1ORD,gtx basic,,engaging,2017-06-10,,
C7NBDKVV,gtx basic,nam zim,won,2017-06-10,2017-08-06,556.0
9YVSYSE8,gtx basic,globex corporation,lost,2017-06-11,2017-09-16,0.0
VUF34IPC,mg special,rangreen,won,2017-06-11,2017-09-13,49.0
ONUWPAJM,gtx plus basic,silis,lost,2017-06-11,2017-09-11,0.0
A50JWKFS,gtx plus basic,streethex,won,2017-06-11,2017-09-25,1001.0
JP72AC6I,mg advanced,the new york inquirer,won,2017-06-11,2017-09-16,3777.0
9SZTURAF,gtx plus basic,initech,won,2017-06-11,2017-08-17,892.0
LB8UE159,gtx plus pro,iselectrics,won,2017-06-11,2017-06-19,5353.0
QYWZZ16B,gtxpro,betatech,won,2017-06-11,2017-06-24,4410.0
IJNOVBGU,mg advanced,konmatfix,won,2017-06-11,2017-09-03,3768.0
KYL4UFG5,gtx basic,bluth company,lost,2017-06-11,2017-08-29,0.0
QFBITAKR,gtx basic,j texon,won,2017-06-11,2017-08-10,507.0
VSZ4UVVN,gtx plus basic,zumgoity,won,2017-06-11,2017-09-20,1144.0
31C5DVJT,mg special,cheers,won,2017-06-11,2017-09-22,44.0
EG3KHGPL,mg advanced,treequote,won,2017-06-11,2017-06-27,3470.0
ZI89S9HC,mg advanced,dalttechnology,engaging,2017-06-11,,
LSJ2A8ZX,gtk 500,cheers,won,2017-06-11,2017-09-26,29166.0
9D06AK8T,gtx plus basic,kan code,won,2017-06-11,2017-08-10,1045.0
PPXIWYMT,gtx plus basic,fasehatice,won,2017-06-11,2017-09-12,951.0
5653N8BM,gtx plus basic,zoomit,engaging,2017-06-11,,
YWKJW726,mg special,stanredtax,won,2017-06-11,2017-08-20,43.0
ZVT9J7V1,mg special,zumgoity,won,2017-06-11,2017-06-15,55.0
477HSG28,gtx basic,,engaging,2017-06-11,,
NOBIC0PD,gtxpro,kan code,won,2017-06-12,2017-08-17,4294.0
UKECBJV5,gtx plus pro,streethex,won,2017-06-12,2017-08-29,4961.0
YT34YUZN,gtxpro,betasoloin,engaging,2017-06-12,,
UWVT8M2Y,gtx basic,iselectrics,lost,2017-06-12,2017-08-18,0.0
FU00L2Y2,gtxpro,ontomedia,won,2017-06-12,2017-09-23,4506.0
518D68L9,gtxpro,zencorporation,lost,2017-06-12,2017-06-26,0.0
AOZKTGZG,gtx basic,singletechno,won,2017-06-12,2017-08-22,608.0
TKN1L8EX,gtx plus basic,zathunicon,won,2017-06-12,2017-09-20,851.0
9GQ6HQLK,gtx plus basic,inity,won,2017-06-12,2017-09-20,1143.0
0RL4RHQJ,gtx plus pro,globex corporation,won,2017-06-12,2017-06-25,6365.0
ZE9WX1Q9,mg special,fasehatice,won,2017-06-12,2017-08-21,54.0
MCA0202R,gtx basic,,engaging,2017-06-12,,
QY6MB3QJ,gtx basic,sunnamplex,lost,2017-06-12,2017-08-14,0.0
RUYLZD4O,gtxpro,sonron,won,2017-06-12,2017-06-29,4798.0
BOVKZHAZ,mg special,doncon,lost,2017-06-12,2017-08-29,0.0
3X5BD9NU,gtxpro,fasehatice,won,2017-06-12,2017-06-25,4733.0
YT8YYRTU,gtx plus basic,cheers,won,2017-06-12,2017-08-29,1250.0
6V7OMXY5,gtx plus pro,faxquote,won,2017-06-12,2017-09-01,5966.0
0TR3RU8A,mg special,domzoom,won,2017-06-12,2017-09-10,61.0
3A7G5K0E,gtx basic,,engaging,2017-06-12,,
WWCMITY9,gtxpro,funholding,engaging,2017-06-12,,
TNWCER5C,gtx plus basic,,engaging,2017-06-12,,
GTOKTXRA,mg special,scotfind,won,2017-06-12,2017-09-20,48.0
SE6OIGYN,gtx plus basic,isdom,engaging,2017-06-12,,
PBJ01MRE,mg special,zathunicon,won,2017-06-12,2017-09-21,53.0
L2NXQFPN,mg special,cheers,lost,2017-06-12,2017-06-20,0.0
0XWCTQL2,mg special,doncon,won,2017-06-12,2017-08-18,51.0
SY72RAK2,mg advanced,cheers,won,2017-06-12,2017-09-04,3314.0
38YQ4771,mg advanced,treequote,lost,2017-06-13,2017-08-20,0.0
K7FBRQCA,mg special,genco pura olive oil company,won,2017-06-13,2017-09-25,64.0
F4V2FXK0,mg special,isdom,won,2017-06-13,2017-06-24,58.0
WTAM4BED,mg special,,engaging,2017-06-13,,
FZNEISTX,gtx plus basic,mathtouch,lost,2017-06-13,2017-08-22,0.0
S34T8KPW,gtx plus pro,massive dynamic,won,2017-06-13,2017-08-04,4598.0
5F40OSXS,mg advanced,mathtouch,won,2017-06-13,2017-06-19,3424.0
AILF7GOP,mg advanced,umbrella corporation,won,2017-06-13,2017-09-30,3399.0
LMJINVRQ,gtx plus basic,betasoloin,lost,2017-06-13,2017-09-07,0.0
MHPI0ZW1,gtx basic,konmatfix,lost,2017-06-13,2017-09-04,0.0
WJ81WITC,gtx plus pro,betatech,lost,2017-06-13,2017-08-16,0.0
AIAX4W1O,gtxpro,treequote,won,2017-06-13,2017-09-10,5322.0
DFSRHCXU,gtx basic,donquadtech,won,2017-06-13,2017-08-28,496.0
1VFUCUWA,mg advanced,bubba gump,won,2017-06-13,2017-08-27,3279.0
3IIDRUGI,mg special,scottech,lost,2017-06-13,2017-09-28,0.0
3VLKZISJ,mg special,scotfind,won,2017-06-13,2017-06-27,68.0
2GN2TRVV,gtx basic,treequote,lost,2017-06-13,2017-08-23,0.0
7HSRDCCK,gtx plus pro,,engaging,2017-06-13,,
WA4TPQ5U,gtx plus basic,zoomit,engaging,2017-06-13,,
9C9GO9XO,gtx plus basic,funholding,lost,2017-06-13,2017-08-21,0.0
ULES5Z21,mg special,bioholding,won,2017-06-13,2017-06-15,59.0
IITSDWWL,mg advanced,fasehatice,won,2017-06-13,2017-06-26,3205.0
8GYH6R9J,gtx basic,mathtouch,lost,2017-06-13,2017-06-27,0.0
C7ODMOS2,mg advanced,,engaging,2017-06-13,,
8X890G2T,mg special,globex corporation,won,2017-06-14,2017-06-23,55.0
74YVUL52,gtx basic,bubba gump,lost,2017-06-14,2017-09-17,0.0
JS5N8USN,gtx plus basic,,engaging,2017-06-14,,
HH4I6PAY,gtx basic,ganjaflex,won,2017-06-14,2017-09-02,525.0
TAGD6XU9,mg advanced,isdom,won,2017-06-14,2017-08-25,3455.0
IIREXAQX,mg advanced,faxquote,won,2017-06-14,2017-06-25,3110.0
8GISH3I9,mg special,kinnamplus,lost,2017-06-14,2017-06-27,0.0
6M89XBL0,gtx plus pro,scotfind,won,2017-06-14,2017-09-11,5053.0
YT2QLCVS,mg advanced,groovestreet,won,2017-06-14,2017-06-28,3539.0
3VC45PML,gtx basic,,engaging,2017-06-14,,
4ICL09BD,gtx basic,rundofase,won,2017-06-14,2017-08-23,580.0
YWWVWOO4,mg advanced,rantouch,lost,2017-06-14,2017-06-20,0.0
8TTFFCIK,mg advanced,warephase,won,2017-06-14,2017-06-17,3468.0
5URQT67R,gtk 500,treequote,engaging,2017-06-14,,
YX4E972E,gtxpro,conecom,engaging,2017-06-14,,
OG13XT4P,mg special,ron tech,won,2017-06-14,2017-09-19,54.0
ZYRRGSQK,mg advanced,bluth company,lost,2017-06-14,2017-06-27,0.0
0LDX9VLO,mg special,scottech,lost,2017-06-14,2017-08-11,0.0
XFFFWJQH,mg special,gekko co,lost,2017-06-14,2017-08-20,0.0
KRSNQKC6,gtx plus pro,zotware,won,2017-06-15,2017-06-28,6040.0
YY39ZQNV,gtxpro,the new york inquirer,won,2017-06-15,2017-09-01,5857.0
YHVY1LHH,mg advanced,dambase,won,2017-06-15,2017-06-25,3785.0
2BG4ZR42,gtx plus basic,zathunicon,lost,2017-06-15,2017-09-19,0.0
QQCIN1M4,gtx basic,initech,won,2017-06-15,2017-06-26,420.0
KIMW6PXN,gtxpro,xx zobam,won,2017-06-15,2017-06-20,4939.0
AKFNIQR0,gtxpro,scottech,won,2017-06-15,2017-06-30,4564.0
D5LEL3HF,mg advanced,rangreen,won,2017-06-15,2017-09-09,2683.0
6X4EEUGA,gtk 500,cheers,won,2017-06-15,2017-06-30,25464.0
KTSB1KYT,gtx basic,hottechi,won,2017-06-15,2017-09-09,460.0
RB7IA4JX,gtx basic,rundofase,won,2017-06-15,2017-06-28,546.0
M4HY664H,gtx plus basic,conecom,won,2017-06-15,2017-09-25,918.0
D2C191IK,mg advanced,domzoom,lost,2017-06-15,2017-06-29,0.0
I2V3EPW7,mg advanced,toughzap,won,2017-06-15,2017-08-02,3018.0
RB8LSFVK,mg special,sonron,won,2017-06-15,2017-08-24,52.0
ZU3GICE9,gtx basic,,engaging,2017-06-15,,
7SYJDW4L,mg special,bioplex,won,2017-06-15,2017-08-04,50.0
OXNWRI4I,mg special,,engaging,2017-06-15,,
O7E0302B,gtx basic,xx zobam,won,2017-06-15,2017-09-13,524.0
U11XXNCF,mg advanced,xx zobam,won,2017-06-15,2017-06-29,3306.0
HKV37WU9,gtx basic,,engaging,2017-06-15,,
73FYEJQV,mg special,hatfan,won,2017-06-15,2017-06-22,54.0
C4CQ8FZL,mg special,hottechi,won,2017-06-15,2017-06-28,53.0
OJ1WKIVY,gtx basic,zencorporation,won,2017-06-15,2017-08-29,514.0
YXXWQA4G,mg advanced,,engaging,2017-06-15,,
L1YN7LDL,mg special,bluth company,engaging,2017-06-16,,
N9ZXCBTU,gtx plus basic,konex,won,2017-06-16,2017-06-25,985.0
RLHNJZBW,gtxpro,conecom,won,2017-06-16,2017-08-11,5843.0
GKHTT70P,gtxpro,genco pura olive oil company,won,2017-06-16,2017-09-17,4577.0
GL8PN4LQ,mg advanced,isdom,won,2017-06-16,2017-06-24,3323.0
TTVQT1YD,mg advanced,betasoloin,lost,2017-06-16,2017-08-31,0.0
NOHEK8PU,gtx basic,ontomedia,won,2017-06-16,2017-09-17,483.0
56AN1DXW,gtx basic,initech,lost,2017-06-16,2017-08-22,0.0
WB44DF28,gtxpro,vehement capital partners,won,2017-06-16,2017-09-18,5206.0
DJ60T39C,mg advanced,finhigh,won,2017-06-16,2017-09-04,3621.0
52H2CE10,gtxpro,faxquote,won,2017-06-16,2017-06-25,4756.0
PVDGIYSB,gtx plus basic,isdom,lost,2017-06-16,2017-08-29,0.0
F57Z7KJF,mg advanced,stanredtax,won,2017-06-16,2017-06-24,3228.0
NEFPSWOJ,gtx plus basic,toughzap,engaging,2017-06-16,,
ZGSQMEQ9,gtx plus basic,bioholding,won,2017-06-16,2017-09-17,1063.0
FM1RH52B,gtx plus basic,yearin,lost,2017-06-16,2017-08-19,0.0
PFKDTEYU,gtxpro,xx zobam,engaging,2017-06-16,,
3C5GNT3Q,mg special,,engaging,2017-06-16,,
0LRVHITK,mg special,,engaging,2017-06-16,,
3NM7A8SX,mg advanced,newex,won,2017-06-16,2017-06-27,4234.0
1XWQZ1F8,gtx plus basic,plussunin,won,2017-06-17,2017-09-16,1198.0
LXGNXNX1,gtxpro,sumace,won,2017-06-17,2017-09-09,4960.0
YQK2K6U5,gtx basic,betatech,won,2017-06-17,2017-08-22,576.0
FROU0UKW,gtx plus pro,globex corporation,won,2017-06-17,2017-08-25,5614.0
SD8JJSKT,mg advanced,streethex,won,2017-06-17,2017-08-30,3422.0
HABN7JBG,gtx basic,rantouch,engaging,2017-06-17,,
2O76H591,mg advanced,,engaging,2017-06-17,,
LCWP23CI,gtx plus pro,finjob,won,2017-06-17,2017-06-24,5306.0
KSOW4MUK,gtx basic,,engaging,2017-06-17,,
FHYD80FB,gtxpro,,engaging,2017-06-17,,
1ORXGKVH,gtxpro,sonron,engaging,2017-06-17,,
XQ4FN1KA,gtxpro,golddex,lost,2017-06-17,2017-09-06,0.0
9BTSKY01,mg special,inity,won,2017-06-17,2017-09-19,60.0
EGEJA2HY,gtx basic,,engaging,2017-06-17,,
CQZSFN7C,gtk 500,konex,lost,2017-06-17,2017-08-15,0.0
81LMZHD1,gtx plus pro,bioholding,won,2017-06-17,2017-08-16,5018.0
TIPG6R0Z,gtx basic,,engaging,2017-06-17,,
1J5Y9X1H,mg advanced,groovestreet,won,2017-06-17,2017-09-17,3295.0
6LC0XB2D,mg special,rundofase,won,2017-06-18,2017-08-29,61.0
YKC8JUSY,gtx plus pro,mathtouch,lost,2017-06-18,2017-07-01,0.0
H3DYTZIQ,gtx plus basic,scottech,engaging,2017-06-18,,
PAQTBHVA,mg special,zathunicon,won,2017-06-18,2017-09-23,59.0
HEWKNHTH,gtx plus pro,,engaging,2017-06-18,,
EFIR7HGR,mg advanced,groovestreet,engaging,2017-06-18,,
JRWBU9BS,gtxpro,mathtouch,won,2017-06-18,2017-06-26,3720.0
DXF00KY4,mg advanced,isdom,lost,2017-06-18,2017-08-15,0.0
K6ZDH79M,gtxpro,funholding,won,2017-06-18,2017-08-16,5088.0
GKL9QV5B,gtx plus pro,scotfind,won,2017-06-18,2017-06-28,6666.0
1V3IQVOF,gtx plus basic,ron tech,lost,2017-06-18,2017-08-02,0.0
BH7EXL5M,gtxpro,isdom,won,2017-06-18,2017-06-23,5115.0
H176AX96,mg advanced,gekko co,engaging,2017-06-18,,
K0HLZM4Q,gtx basic,stanredtax,lost,2017-06-18,2017-08-21,0.0
BTNSR87A,gtx plus basic,isdom,won,2017-06-18,2017-07-01,1149.0
L58MN75X,gtxpro,bioholding,won,2017-06-18,2017-09-15,5220.0
SWV0JUQJ,mg special,stanredtax,won,2017-06-18,2017-06-22,60.0
XU836DFA,gtx basic,,engaging,2017-06-18,,
910IXBKP,gtx basic,lexiqvolax,won,2017-06-18,2017-06-22,551.0
NTNYA5PE,gtx basic,cheers,won,2017-06-18,2017-09-28,505.0
AHRCT8IP,gtx basic,warephase,lost,2017-06-18,2017-09-03,0.0
ESH4HX52,gtx plus pro,globex corporation,won,2017-06-18,2017-08-21,5472.0
P8LGQH9G,gtxpro,genco pura olive oil company,lost,2017-06-18,2017-06-21,0.0
VT1LZKEY,gtx basic,fasehatice,lost,2017-06-18,2017-08-29,0.0
0WC2J3UP,gtx basic,funholding,lost,2017-06-19,2017-08-28,0.0
VWSFZUNS,gtx plus pro,hottechi,won,2017-06-19,2017-08-24,5271.0
F3UB81V7,mg special,bioplex,won,2017-06-19,2017-08-23,49.0
SEX08VFB,mg advanced,opentech,lost,2017-06-19,2017-06-30,0.0
961ED0B1,gtx plus basic,,engaging,2017-06-19,,
FLANUQCV,gtx plus basic,initech,won,2017-06-19,2017-09-21,1236.0
8MKXIQQK,gtxpro,zencorporation,won,2017-06-19,2017-06-21,5388.0
NDMY5PPT,gtxpro,conecom,lost,2017-06-19,2017-08-27,0.0
E4H6CBPJ,gtxpro,funholding,won,2017-06-19,2017-09-26,5449.0
1FAMR9UR,gtxpro,funholding,won,2017-06-19,2017-06-25,5030.0
SYJKN818,gtxpro,hottechi,won,2017-06-19,2017-08-22,5195.0
VMTPCY5G,mg special,condax,won,2017-06-19,2017-06-25,55.0
CV0BDYMP,mg special,fasehatice,won,2017-06-19,2017-09-29,62.0
7DI7A7G7,gtx basic,sunnamplex,won,2017-06-19,2017-08-19,459.0
WE7YS7HD,gtx basic,y corporation,lost,2017-06-19,2017-08-25,0.0
4DLOXD13,gtx plus basic,y corporation,won,2017-06-19,2017-08-07,1097.0
XN63KZRZ,gtx plus pro,plexzap,won,2017-06-19,2017-09-29,5033.0
LLQCQOCR,gtx plus basic,,engaging,2017-06-19,,
WSG25BZ9,gtxpro,blackzim,won,2017-06-19,2017-09-22,4966.0
6GL2LRUH,mg special,finjob,won,2017-06-19,2017-06-24,52.0
K0G1IB3Q,mg special,doncon,won,2017-06-19,2017-06-27,54.0
54OH0061,gtxpro,,engaging,2017-06-19,,
UYJDOT4Q,gtx plus pro,sonron,won,2017-06-19,2017-09-12,5816.0
VOSSIXSY,mg special,condax,won,2017-06-19,2017-09-03,53.0
ILUMUKG8,mg advanced,plexzap,won,2017-06-19,2017-08-15,3994.0
DYUWF61W,gtx plus pro,warephase,lost,2017-06-19,2017-06-28,0.0
NUNQGOUW,mg special,statholdings,won,2017-06-19,2017-09-04,57.0
CKT1GTY2,mg special,condax,lost,2017-06-19,2017-07-02,0.0
FUHP1IXR,mg advanced,scotfind,won,2017-06-19,2017-08-05,3752.0
TJEEFJG8,gtxpro,condax,won,2017-06-19,2017-09-21,4759.0
ABRQIWS9,gtx basic,statholdings,won,2017-06-19,2017-08-24,555.0
B3K4Z5L0,gtx basic,umbrella corporation,lost,2017-06-19,2017-06-24,0.0
PCVNB0NO,gtx basic,,engaging,2017-06-19,,
IVCON5CU,gtx plus basic,konex,won,2017-06-19,2017-09-20,1213.0
RQXFD7FW,gtxpro,sonron,won,2017-06-19,2017-09-08,4428.0
LUP7FYS5,gtx plus pro,xx zobam,lost,2017-06-20,2017-07-02,0.0
WEKW3XIN,gtx plus pro,condax,engaging,2017-06-20,,
REVQ7DSW,gtxpro,konex,lost,2017-06-20,2017-08-08,0.0
YSNODM63,gtx plus pro,streethex,lost,2017-06-20,2017-06-27,0.0
PN3T4FUG,gtx basic,xx zobam,lost,2017-06-20,2017-09-21,0.0
AQ3HBL9S,gtxpro,iselectrics,lost,2017-06-20,2017-06-25,0.0
VE4LZ8F5,mg special,kan code,won,2017-06-20,2017-08-25,62.0
Q5R1PYJS,gtxpro,bioholding,lost,2017-06-20,2017-09-11,0.0
5AOWZ6AG,mg advanced,silis,won,2017-06-20,2017-08-09,3546.0
E29GOFUV,mg special,sumace,engaging,2017-06-20,,
2MKG6ZDD,gtx basic,domzoom,engaging,2017-06-20,,
RUFJMV3I,mg special,,engaging,2017-06-20,,
3AIA6RL3,gtx plus basic,hottechi,won,2017-06-20,2017-08-20,1132.0
KDPBAHOJ,mg advanced,,engaging,2017-06-20,,
OXPNURPT,gtx basic,cheers,lost,2017-06-20,2017-08-13,0.0
9TRVSW35,mg special,condax,won,2017-06-20,2017-08-19,57.0
GTH3VIDW,mg special,fasehatice,won,2017-06-20,2017-06-23,61.0
WFNKJ2LT,mg special,plusstrip,won,2017-06-20,2017-07-01,57.0
P7GCDFU8,gtx basic,massive dynamic,won,2017-06-20,2017-09-14,649.0
96798U7Y,gtxpro,,engaging,2017-06-20,,
O22J2QPD,gtxpro,donware,lost,2017-06-20,2017-08-15,0.0
ACOJBA02,gtx plus pro,finhigh,won,2017-06-20,2017-07-01,4813.0
2FGEGLVU,mg special,doncon,lost,2017-06-20,2017-06-23,0.0
FQB53DQH,mg special,blackzim,won,2017-06-20,2017-07-01,51.0
1C2V9RAO,mg advanced,goodsilron,won,2017-06-20,2017-09-13,3241.0
MNTTYFR6,mg special,initech,lost,2017-06-20,2017-08-04,0.0
7FN6LV2E,gtx basic,sumace,won,2017-06-20,2017-09-12,592.0
B6Z5NFV0,mg advanced,,engaging,2017-06-20,,
V8I2CE9V,gtx basic,zotware,won,2017-06-20,2017-09-20,506.0
VH6OFWCV,mg advanced,,engaging,2017-06-20,,
1FXXXLJY,gtx basic,labdrill,lost,2017-06-20,2017-09-25,0.0
NYI5VMXK,mg advanced,codehow,won,2017-06-21,2017-09-06,3571.0
OJ1NQRDS,gtx basic,the new york inquirer,lost,2017-06-21,2017-08-30,0.0
Z9W748SJ,mg special,iselectrics,won,2017-06-21,2017-07-03,60.0
LWX9V7HI,mg special,konex,won,2017-06-21,2017-09-15,59.0
PAQOPSR0,gtx basic,silis,won,2017-06-21,2017-06-25,551.0
BJO4VYLK,gtxpro,,engaging,2017-06-21,,
AFQG21L7,gtxpro,funholding,lost,2017-06-21,2017-07-01,0.0
RQJKAR7E,gtxpro,isdom,lost,2017-06-21,2017-07-02,0.0
6BV9IARK,gtxpro,isdom,won,2017-06-21,2017-07-01,4826.0
NTGU3NYS,mg special,green plus,won,2017-06-21,2017-09-30,58.0
3F5AAJZB,gtxpro,gekko co,won,2017-06-21,2017-06-26,5622.0
RJH0CL3Z,mg special,hottechi,lost,2017-06-21,2017-07-02,0.0
EK0KWGQX,mg advanced,dontechi,won,2017-06-21,2017-08-27,3177.0
K33NPCAY,mg special,fasehatice,won,2017-06-21,2017-08-11,56.0
14CNQKX8,gtxpro,,engaging,2017-06-21,,
1LLRNE8G,gtx plus basic,kan code,won,2017-06-21,2017-09-22,990.0
EFWND7VS,gtx basic,warephase,won,2017-06-21,2017-09-30,587.0
IR2D4ZG5,gtx plus pro,bioplex,won,2017-06-21,2017-06-27,6229.0
BYBZJBC9,mg special,warephase,lost,2017-06-21,2017-08-02,0.0
BO8DSRV7,gtx plus basic,xx holding,won,2017-06-21,2017-09-23,1027.0
LD1HNIUL,mg advanced,scotfind,won,2017-06-21,2017-06-23,3559.0
RX39Z0P1,gtx basic,green plus,won,2017-06-21,2017-08-28,506.0
PFHUAJ47,mg special,gogozoom,lost,2017-06-22,2017-07-03,0.0
CKJZ86N6,mg advanced,genco pura olive oil company,lost,2017-06-22,2017-08-11,0.0
ASC1OWNE,gtx plus pro,stanredtax,won,2017-06-22,2017-09-12,6250.0
WCEPUBH5,mg advanced,hottechi,won,2017-06-22,2017-09-12,3510.0
VHZFABAC,mg special,,engaging,2017-06-22,,
VMIMPP6H,gtx plus basic,umbrella corporation,won,2017-06-22,2017-09-11,1078.0
B0XO4WY7,gtx basic,massive dynamic,won,2017-06-22,2017-07-02,553.0
VYPIKMKO,gtx basic,toughzap,won,2017-06-22,2017-08-27,612.0
VCD47XNB,gtx plus basic,funholding,won,2017-06-22,2017-06-26,1033.0
8QH99OEZ,gtx plus basic,inity,won,2017-06-22,2017-09-13,1051.0
1DMERFNB,gtx basic,y corporation,won,2017-06-22,2017-09-22,628.0
FR8FT0ZX,gtx plus pro,green plus,won,2017-06-22,2017-09-04,4916.0
DG7LABPD,mg advanced,stanredtax,won,2017-06-22,2017-09-28,3590.0
ZMYUFTS9,mg advanced,domzoom,won,2017-06-22,2017-08-16,3207.0
P60EK5NN,mg advanced,zumgoity,won,2017-06-22,2017-09-21,2739.0
YRYMSUE3,gtx basic,gogozoom,won,2017-06-22,2017-07-03,557.0
UZOTC90C,gtxpro,yearin,won,2017-06-22,2017-06-30,5302.0
5AAN00N1,mg special,domzoom,lost,2017-06-22,2017-08-26,0.0
JFHKBG40,mg advanced,zumgoity,won,2017-06-22,2017-07-01,3465.0
10THTNLC,gtx plus basic,,engaging,2017-06-22,,
RJD0D0GD,gtxpro,zoomit,won,2017-06-22,2017-09-06,4356.0
L9IXFTIL,gtxpro,gekko co,won,2017-06-23,2017-09-21,5301.0
QU6CFZ22,mg advanced,,engaging,2017-06-23,,
HPBCTTV3,mg advanced,rangreen,lost,2017-06-23,2017-07-04,0.0
48FB5MD2,mg special,treequote,won,2017-06-23,2017-07-05,66.0
EJZM1INM,gtx basic,vehement capital partners,lost,2017-06-23,2017-07-03,0.0
FKNT3I12,gtxpro,acme corporation,lost,2017-06-23,2017-07-01,0.0
BLY5FD3N,gtx plus pro,iselectrics,won,2017-06-23,2017-07-01,5640.0
LXLU6LFC,mg advanced,kinnamplus,lost,2017-06-23,2017-08-30,0.0
A60QAIT3,gtx plus basic,kan code,won,2017-06-23,2017-09-28,1291.0
RQ3BV2I5,gtxpro,mathtouch,won,2017-06-23,2017-09-27,3729.0
W8CSV90F,gtxpro,treequote,lost,2017-06-23,2017-08-23,0.0
0W6S0ODT,mg special,conecom,won,2017-06-23,2017-07-03,49.0
408AHOYL,mg advanced,singletechno,lost,2017-06-23,2017-07-03,0.0
557JX4BM,gtx plus basic,plusstrip,won,2017-06-23,2017-09-12,1099.0
QPZFP9WT,gtxpro,labdrill,lost,2017-06-23,2017-07-04,0.0
L5T284M7,mg advanced,condax,lost,2017-06-23,2017-07-03,0.0
G17TENJ4,mg advanced,konmatfix,lost,2017-06-23,2017-09-22,0.0
VRSTX620,gtx plus basic,condax,won,2017-06-23,2017-07-02,932.0
Y9VWZ93C,gtx basic,silis,lost,2017-06-23,2017-07-01,0.0
Y6IIUECA,gtx plus basic,donquadtech,won,2017-06-23,2017-07-04,880.0
LXWQDEU3,gtxpro,ganjaflex,won,2017-06-23,2017-09-18,4801.0
P1E4KWF7,mg special,konex,won,2017-06-23,2017-07-01,59.0
BN84DD6H,mg special,finhigh,lost,2017-06-23,2017-07-05,0.0
R8MZ10BW,mg special,ron tech,won,2017-06-23,2017-09-29,52.0
PI8RROK0,mg advanced,stanredtax,won,2017-06-23,2017-09-21,2949.0
GID40O2B,gtxpro,doncon,lost,2017-06-23,2017-07-06,0.0
BJOY31DL,mg special,betasoloin,engaging,2017-06-23,,
KDRIBXNQ,mg special,konex,won,2017-06-23,2017-08-15,50.0
TCK6V290,mg advanced,plussunin,won,2017-06-23,2017-06-30,3863.0
O9WYT5ST,gtxpro,kan code,engaging,2017-06-23,,
VFZ5GB3W,gtx basic,golddex,lost,2017-06-23,2017-07-04,0.0
UKSS5YPE,mg special,stanredtax,won,2017-06-24,2017-07-02,64.0
EBLSL27F,gtx plus pro,,engaging,2017-06-24,,
13FIM9V3,gtxpro,,engaging,2017-06-24,,
RDDUG8VD,gtx plus basic,umbrella corporation,lost,2017-06-24,2017-07-03,0.0
Z3QJESWJ,gtx plus pro,kinnamplus,won,2017-06-24,2017-08-22,5038.0
PYIQ65W0,gtxpro,zotware,won,2017-06-24,2017-07-02,5088.0
RGRUF328,mg special,statholdings,won,2017-06-24,2017-08-14,48.0
TLSSOOVB,gtx plus basic,dalttechnology,lost,2017-06-24,2017-07-04,0.0
74KGIZW4,gtxpro,betasoloin,engaging,2017-06-24,,
2YBEN3MV,gtx plus basic,green plus,lost,2017-06-24,2017-09-08,0.0
EFA9E6WV,gtx plus pro,lexiqvolax,won,2017-06-24,2017-09-30,5056.0
YTSX7IW3,mg special,blackzim,won,2017-06-24,2017-07-02,59.0
86DMJ7GA,gtx plus basic,cheers,lost,2017-06-24,2017-08-20,0.0
CMD0758L,gtx basic,faxquote,won,2017-06-24,2017-08-21,562.0
CM5MFWCO,mg special,codehow,won,2017-06-24,2017-09-10,63.0
0MNAGD91,mg advanced,betatech,won,2017-06-24,2017-07-05,3355.0
HSYU33MS,mg special,,engaging,2017-06-24,,
9S749GJD,mg advanced,bluth company,lost,2017-06-24,2017-07-05,0.0
LBZY9VUG,mg special,massive dynamic,won,2017-06-24,2017-09-17,55.0
6UUTR15S,gtx plus pro,newex,won,2017-06-24,2017-09-23,4059.0
DVPYKS4A,mg advanced,bubba gump,lost,2017-06-25,2017-07-04,0.0
9SRU5CI6,gtx plus basic,codehow,won,2017-06-25,2017-08-09,1128.0
Z6R4KJFU,gtxpro,,engaging,2017-06-25,,
GZ5M7MIQ,gtx plus basic,conecom,lost,2017-06-25,2017-07-01,0.0
CM2GVLV6,gtx plus pro,ron tech,won,2017-06-25,2017-07-08,5536.0
NZB45UZX,gtxpro,genco pura olive oil company,won,2017-06-25,2017-09-03,4964.0
T2J83GFD,mg special,domzoom,won,2017-06-25,2017-07-03,54.0
28S2Z15A,mg special,ron tech,won,2017-06-25,2017-08-02,56.0
WOJBLO4B,gtx plus pro,vehement capital partners,lost,2017-06-25,2017-07-02,0.0
788SW6EX,gtxpro,gekko co,lost,2017-06-25,2017-08-19,0.0
EUOA0E47,mg advanced,zotware,won,2017-06-25,2017-07-05,3423.0
S9ZUMLSY,mg special,j texon,lost,2017-06-25,2017-09-13,0.0
0UCQUW6U,mg advanced,umbrella corporation,lost,2017-06-25,2017-07-07,0.0
07FRJ44N,gtx plus pro,cancity,lost,2017-06-25,2017-07-03,0.0
NMN9DVEV,gtx plus basic,rangreen,won,2017-06-25,2017-09-14,1102.0
95V8BLR2,gtx basic,goodsilron,won,2017-06-25,2017-09-22,519.0
BDGB4NS0,gtx plus pro,hatfan,lost,2017-06-25,2017-07-02,0.0
SPHS260Y,mg special,hatfan,lost,2017-06-25,2017-08-27,0.0
O9L7KMPU,gtx plus basic,isdom,lost,2017-06-25,2017-08-27,0.0
FGES2PQ2,mg advanced,bioholding,lost,2017-06-25,2017-07-04,0.0
81DXTTI5,gtx plus pro,isdom,won,2017-06-25,2017-07-03,5536.0
JGG9CO2Y,gtx plus pro,betatech,lost,2017-06-25,2017-08-14,0.0
95B6AKI1,gtx plus basic,warephase,won,2017-06-25,2017-07-02,839.0
N1G2CFCB,gtx basic,dalttechnology,won,2017-06-25,2017-09-06,500.0
40VSPND6,mg advanced,rangreen,won,2017-06-25,2017-09-24,3679.0
QWYRCDA8,gtx plus basic,treequote,lost,2017-06-25,2017-07-05,0.0
00ZD3M4J,gtxpro,plussunin,lost,2017-06-25,2017-07-04,0.0
24REVMX7,gtx basic,,engaging,2017-06-25,,
AW4PSTWR,gtx basic,ron tech,engaging,2017-06-25,,
CJZFFC91,mg special,codehow,lost,2017-06-25,2017-08-07,0.0
2FNTCPOU,gtx plus pro,,engaging,2017-06-25,,
A8QRKXG3,gtxpro,,engaging,2017-06-25,,
3PD8YBPK,gtx basic,scotfind,lost,2017-06-25,2017-07-04,0.0
KBG5R0WH,gtx plus pro,blackzim,lost,2017-06-25,2017-07-02,0.0
7RPM84Y4,mg advanced,goodsilron,won,2017-06-25,2017-06-30,3815.0
LFN6XPK7,mg advanced,sunnamplex,won,2017-06-25,2017-06-27,2753.0
S2SC8AP7,mg special,,engaging,2017-06-25,,
18LZY55R,mg special,xx zobam,won,2017-06-25,2017-07-02,60.0
E88W1Z0H,gtx basic,kan code,lost,2017-06-25,2017-07-02,0.0
UQALCAIV,gtx plus basic,rantouch,won,2017-06-25,2017-07-03,1137.0
6E2Y3HKI,gtx plus pro,yearin,won,2017-06-26,2017-07-04,5201.0
YWKFH7VT,gtx basic,mathtouch,lost,2017-06-26,2017-09-27,0.0
MF4299DQ,mg advanced,bluth company,lost,2017-06-26,2017-07-03,0.0
ZRZI054E,gtx basic,toughzap,won,2017-06-26,2017-07-06,612.0
CN69EYQ1,gtx plus pro,donquadtech,won,2017-06-26,2017-09-11,4905.0
ZT52DT8H,mg advanced,,engaging,2017-06-26,,
KX80WC22,mg special,the new york inquirer,lost,2017-06-26,2017-07-07,0.0
YQ6VELF1,gtxpro,streethex,lost,2017-06-26,2017-07-03,0.0
NX4ODZY2,gtx plus basic,streethex,won,2017-06-26,2017-08-31,1028.0
L2QMWU4H,gtx plus pro,codehow,won,2017-06-26,2017-09-12,4430.0
0MPEK4ZA,gtx plus basic,donquadtech,lost,2017-06-26,2017-09-18,0.0
TP0SU68U,gtx plus basic,opentech,lost,2017-06-26,2017-07-09,0.0
8U7LNL7U,gtxpro,zathunicon,lost,2017-06-26,2017-07-03,0.0
XVYL67FL,gtx basic,bioplex,won,2017-06-26,2017-07-06,541.0
AIN2RE2H,gtxpro,groovestreet,lost,2017-06-26,2017-07-05,0.0
G1303HIC,gtxpro,cancity,won,2017-06-26,2017-07-02,5081.0
HVDQ4EEA,mg advanced,rangreen,won,2017-06-26,2017-06-28,3478.0
2RB900SL,gtxpro,j texon,won,2017-06-26,2017-09-15,5541.0
AUS25SFH,gtx basic,cancity,won,2017-06-26,2017-07-03,504.0
ND0OV6MQ,gtx plus basic,,engaging,2017-06-26,,
O6DSGX6P,gtx basic,bioholding,lost,2017-06-26,2017-08-10,0.0
2MBFRRGW,gtx basic,dontechi,lost,2017-06-26,2017-07-03,0.0
Q3HYAWDW,mg advanced,golddex,won,2017-06-26,2017-08-24,3838.0
94TA0AWF,gtx plus pro,scottech,won,2017-06-26,2017-08-26,5217.0
G1XX0IB4,gtx plus pro,streethex,won,2017-06-26,2017-07-05,4181.0
VIMY08JH,gtx basic,hatfan,won,2017-06-26,2017-07-06,518.0
WPTNE0QN,gtx basic,streethex,won,2017-06-26,2017-09-17,533.0
DLGW8Y7B,mg advanced,singletechno,won,2017-06-26,2017-08-03,3855.0
YSOUU0T0,gtx basic,plusstrip,lost,2017-06-26,2017-07-07,0.0
23NAJF9W,gtxpro,plussunin,engaging,2017-06-26,,
HM4TKVET,gtx basic,nam zim,won,2017-06-26,2017-07-04,617.0
Q81Q0PJK,gtx plus basic,warephase,won,2017-06-27,2017-07-06,991.0
3BEPEWRS,gtxpro,opentech,lost,2017-06-27,2017-08-24,0.0
Y5HR9J3G,gtx basic,domzoom,won,2017-06-27,2017-08-01,513.0
STYLQ47K,gtx plus pro,ganjaflex,won,2017-06-27,2017-07-07,5121.0
HTF7TYQS,gtxpro,,engaging,2017-06-27,,
W07JMUG9,mg advanced,kan code,lost,2017-06-27,2017-07-01,0.0
L8CG1IQO,gtx basic,condax,lost,2017-06-27,2017-07-06,0.0
6CFONO4W,gtxpro,zumgoity,won,2017-06-27,2017-07-06,4635.0
AMGC18DS,gtx plus pro,zotware,lost,2017-06-27,2017-09-08,0.0
RKT3WVBC,gtx basic,iselectrics,won,2017-06-27,2017-09-20,470.0
H5ZSM3IR,mg special,isdom,lost,2017-06-27,2017-09-01,0.0
07WKR17A,gtx plus pro,treequote,won,2017-06-27,2017-09-17,6193.0
7GM1XD9W,gtxpro,faxquote,won,2017-06-27,2017-09-16,4277.0
QM6GJ78P,mg special,blackzim,won,2017-06-27,2017-07-07,59.0
L582YMSV,gtxpro,xx holding,lost,2017-06-27,2017-09-08,0.0
EQS3UNXX,gtx basic,condax,lost,2017-06-27,2017-07-06,0.0
DZR5L7XQ,gtxpro,green plus,lost,2017-06-27,2017-07-05,0.0
DQ0DSK7P,gtx plus basic,globex corporation,won,2017-06-27,2017-07-02,1176.0
CGEXH2QO,gtx plus pro,finhigh,lost,2017-06-27,2017-07-08,0.0
MIX6JTSN,gtx basic,statholdings,won,2017-06-27,2017-07-05,541.0
9KYX5G9K,gtx plus pro,domzoom,won,2017-06-27,2017-07-01,4766.0
FG29YOWT,mg advanced,iselectrics,lost,2017-06-27,2017-09-06,0.0
KWYKKVJC,gtxpro,vehement capital partners,won,2017-06-27,2017-07-01,4785.0
T7TDUK3T,mg advanced,rangreen,won,2017-06-27,2017-09-12,3046.0
42YPT5L7,mg advanced,ron tech,won,2017-06-27,2017-07-04,3548.0
99I4V65G,mg advanced,rantouch,lost,2017-06-27,2017-07-06,0.0
ACZQMAR4,mg advanced,rantouch,won,2017-06-27,2017-07-07,3615.0
R443AUAG,gtxpro,,engaging,2017-06-27,,
TP9IE6PV,gtx basic,genco pura olive oil company,won,2017-06-28,2017-09-11,631.0
E5CD0W5M,gtx basic,kan code,lost,2017-06-28,2017-07-01,0.0
HKH717ED,gtx basic,hottechi,lost,2017-06-28,2017-08-11,0.0
DAW2JTP5,mg special,genco pura olive oil company,lost,2017-06-28,2017-07-07,0.0
HBMOSBAK,gtxpro,massive dynamic,lost,2017-06-28,2017-08-14,0.0
V0V6O05H,gtxpro,condax,lost,2017-06-28,2017-07-07,0.0
3DY60YA7,gtxpro,stanredtax,lost,2017-06-28,2017-07-06,0.0
8H19L55Y,gtxpro,streethex,won,2017-06-28,2017-07-07,4162.0
TPNU79C1,mg special,toughzap,won,2017-06-28,2017-09-29,54.0
TFQR150O,gtxpro,iselectrics,won,2017-06-28,2017-07-02,5064.0
9MM27P8C,mg advanced,kan code,lost,2017-06-28,2017-07-07,0.0
MMWD47ZY,gtx plus basic,konmatfix,lost,2017-06-28,2017-08-29,0.0
JFIBKWMQ,mg special,konmatfix,lost,2017-06-28,2017-07-09,0.0
6FUPOO3I,mg advanced,conecom,won,2017-06-28,2017-07-07,3865.0
29VR6EL4,mg advanced,konex,lost,2017-06-28,2017-09-14,0.0
L45N3D2E,gtxpro,plexzap,lost,2017-06-28,2017-07-04,0.0
K1OBT27J,gtx basic,xx holding,won,2017-06-28,2017-08-10,553.0
OZL7CDMQ,gtx plus basic,finhigh,lost,2017-06-28,2017-07-03,0.0
LZ6PSZ4T,mg advanced,dontechi,lost,2017-06-28,2017-07-05,0.0
5CFCTZ5K,gtx basic,ron tech,won,2017-06-28,2017-09-02,501.0
EG5M02ZV,gtx basic,j texon,won,2017-06-28,2017-09-27,539.0
5UKQ16DK,gtx plus basic,singletechno,won,2017-06-28,2017-07-04,1028.0
C9M5B1N6,gtxpro,nam zim,won,2017-06-28,2017-09-13,3951.0
ZS4PKX65,gtx basic,finhigh,won,2017-06-28,2017-08-11,560.0
PYLS9RJH,gtx plus pro,goodsilron,lost,2017-06-28,2017-07-05,0.0
X2ZONP2D,gtx plus pro,betatech,lost,2017-06-28,2017-08-24,0.0
Y5CP83V4,gtx basic,isdom,won,2017-06-28,2017-09-30,530.0
V71FMJBD,mg advanced,,engaging,2017-06-28,,
9Y2HDGST,gtx basic,dontechi,won,2017-06-28,2017-07-02,462.0
7R0G2LC1,gtx plus basic,blackzim,won,2017-06-28,2017-09-07,1211.0
8FX574BJ,gtxpro,scotfind,won,2017-06-28,2017-07-03,4264.0
AU5Q1XCW,mg advanced,faxquote,won,2017-06-28,2017-09-09,3104.0
SZAMHBGA,mg advanced,nam zim,engaging,2017-06-28,,
CUMYWQYP,mg special,gekko co,won,2017-06-28,2017-09-30,56.0
29ZDUK49,gtx plus basic,betatech,won,2017-06-29,2017-07-10,1047.0
VLVP8FPJ,mg advanced,iselectrics,lost,2017-06-29,2017-07-08,0.0
ZD1X3R4G,gtx plus basic,,engaging,2017-06-29,,
SNGS64S7,gtxpro,statholdings,lost,2017-06-29,2017-07-06,0.0
CMCVD0N8,gtxpro,warephase,won,2017-06-29,2017-07-08,5321.0
NNKWGFDH,mg special,globex corporation,won,2017-06-29,2017-07-06,57.0
YC6QEUJN,gtx plus basic,kan code,won,2017-06-29,2017-07-08,950.0
794XWMYE,mg special,mathtouch,won,2017-06-29,2017-09-07,61.0
FHK0BBGK,mg special,xx zobam,won,2017-06-29,2017-07-08,62.0
461LIUS7,gtx plus basic,isdom,won,2017-06-29,2017-07-07,1105.0
Y9SCLUH8,gtx plus basic,ron tech,won,2017-06-29,2017-09-02,835.0
J75Y9C75,gtx plus basic,rantouch,won,2017-06-29,2017-08-28,1104.0
PUP6JDT9,mg advanced,kan code,won,2017-06-29,2017-09-12,3464.0
EMUG64GW,gtx basic,,engaging,2017-06-29,,
88AA2RK1,gtx basic,sonron,lost,2017-06-29,2017-07-06,0.0
4F222JU9,mg special,scottech,lost,2017-06-29,2017-08-31,0.0
CBYRECX6,mg advanced,streethex,lost,2017-06-29,2017-07-06,0.0
XYRO1TLJ,gtxpro,,engaging,2017-06-29,,
QXT65QTI,gtx basic,hottechi,lost,2017-06-29,2017-07-10,0.0
8RTR1VMP,mg special,condax,lost,2017-06-29,2017-07-06,0.0
T7RA32XV,mg special,singletechno,lost,2017-06-29,2017-07-06,0.0
8IYVJKT4,gtxpro,dalttechnology,lost,2017-06-29,2017-07-10,0.0
G087QT6R,mg advanced,rundofase,won,2017-06-29,2017-07-06,3676.0
JT1UUOXN,gtxpro,konmatfix,lost,2017-06-29,2017-07-08,0.0
PUTILZZG,gtx basic,treequote,won,2017-06-29,2017-08-09,568.0
QU7MSL36,gtxpro,plussunin,won,2017-06-29,2017-07-09,4837.0
FEGSJ8QI,gtxpro,sonron,won,2017-06-29,2017-08-19,4936.0
1SKIPYI7,mg special,groovestreet,won,2017-06-29,2017-09-03,55.0
66Q03Q2P,gtx basic,konmatfix,won,2017-06-29,2017-07-10,466.0
T4FR3FAC,mg advanced,,engaging,2017-06-29,,
Z1NWKS9A,mg special,finjob,lost,2017-06-29,2017-07-05,0.0
ZZCKQ2JV,gtxpro,newex,won,2017-06-29,2017-07-04,4856.0
F3G00C56,mg advanced,plexzap,won,2017-06-29,2017-07-08,3562.0
9824T94P,gtxpro,mathtouch,won,2017-06-29,2017-07-09,5159.0
B8TD9HCN,mg advanced,kinnamplus,won,2017-06-29,2017-07-11,3172.0
PEFTXK4Q,mg advanced,kinnamplus,won,2017-06-29,2017-09-10,3350.0
LUIEQRMQ,gtx basic,goodsilron,won,2017-06-29,2017-07-10,595.0
8QOUXQEV,gtx basic,betatech,won,2017-06-30,2017-09-27,560.0
BMH2FEGF,gtx plus basic,,engaging,2017-06-30,,
6SC26SGG,gtx plus basic,yearin,won,2017-06-30,2017-07-02,1167.0
GITEQ8VZ,gtx plus pro,initech,lost,2017-06-30,2017-07-10,0.0
2Y9R7T2W,mg advanced,betasoloin,won,2017-06-30,2017-09-26,3280.0
8U5GBXK1,mg advanced,genco pura olive oil company,won,2017-06-30,2017-09-15,3427.0
THI3LNT0,gtx basic,silis,lost,2017-06-30,2017-07-12,0.0
KTLIR2ZX,gtx plus basic,plussunin,lost,2017-06-30,2017-07-08,0.0
G2EECJNG,gtx plus basic,iselectrics,won,2017-06-30,2017-09-27,940.0
UZN5JBF3,gtx basic,warephase,won,2017-06-30,2017-09-29,565.0
2CZVRGQ4,gtxpro,conecom,won,2017-06-30,2017-07-06,4749.0
K5D2IP27,mg special,labdrill,won,2017-06-30,2017-07-09,51.0
PTKOWYW6,mg special,statholdings,lost,2017-06-30,2017-08-28,0.0
3T23AW36,gtx plus basic,,engaging,2017-06-30,,
G3DIX74Y,gtxpro,y corporation,lost,2017-06-30,2017-07-08,0.0
4F8MNVNP,gtx basic,warephase,lost,2017-06-30,2017-07-07,0.0
7UL8T1BZ,mg special,doncon,lost,2017-06-30,2017-07-01,0.0
4HP16LRH,mg advanced,konmatfix,won,2017-06-30,2017-07-09,3699.0
MNTHSHH6,gtx plus pro,cheers,won,2017-06-30,2017-07-07,5909.0
Q7C5MJ4W,gtx basic,condax,lost,2017-06-30,2017-11-01,0.0
ON9H54WD,gtxpro,dontechi,lost,2017-06-30,2017-07-01,0.0
8M3H9UME,gtx plus pro,condax,lost,2017-06-30,2017-07-07,0.0
5J1C46RJ,gtx plus pro,massive dynamic,won,2017-06-30,2017-09-19,5927.0
0BSYDRMT,mg special,bluth company,won,2017-06-30,2017-09-18,60.0
NKERC6IA,mg advanced,zencorporation,won,2017-06-30,2017-07-11,3351.0
H6AN87LE,mg special,nam zim,won,2017-06-30,2017-07-09,64.0
1SSFC7XZ,mg advanced,donquadtech,lost,2017-06-30,2017-07-02,0.0
0XK80WX8,mg special,dambase,won,2017-06-30,2017-07-11,47.0
X4ARE2PT,mg special,dontechi,won,2017-06-30,2017-07-01,53.0
KCIFANLK,gtx basic,y corporation,lost,2017-06-30,2017-07-12,0.0
J7U29ZM5,gtx basic,acme corporation,lost,2017-06-30,2017-09-23,0.0
JUHQ1POT,gtx plus basic,streethex,engaging,2017-07-01,,
3KVXBQ5V,gtx plus basic,acme corporation,lost,2017-07-01,2017-08-15,0.0
7T9J42UX,gtx plus pro,globex corporation,won,2017-07-01,2017-07-11,4391.0
FOJG3OCO,gtx plus pro,,engaging,2017-07-01,,
04SCU6DK,mg advanced,,engaging,2017-07-01,,
2J649YC5,gtx plus basic,statholdings,won,2017-07-01,2017-07-11,1308.0
9N66Q1VO,gtxpro,rangreen,won,2017-07-01,2017-09-23,4888.0
ZWXKCHOO,gtx basic,condax,won,2017-07-01,2017-09-25,535.0
I8OUZNDS,gtx plus pro,dalttechnology,lost,2017-07-01,2017-11-03,0.0
CJZLM3WA,mg special,betasoloin,lost,2017-07-01,2017-09-16,0.0
4QTD5X53,mg advanced,isdom,won,2017-07-01,2017-07-06,3252.0
AR33M33M,gtx plus basic,,engaging,2017-07-01,,
LQXWWZGN,gtx basic,hottechi,lost,2017-07-01,2017-07-03,0.0
NT510FGZ,mg special,toughzap,lost,2017-07-01,2017-08-27,0.0
2IQ0ZY9W,gtx basic,scottech,won,2017-07-01,2017-07-11,574.0
N3TUSU37,gtx plus basic,codehow,won,2017-07-01,2017-08-11,1012.0
VSYO182N,gtxpro,dalttechnology,engaging,2017-07-01,,
O6LVMQ5R,gtx basic,dalttechnology,won,2017-07-01,2017-07-07,576.0
072ELFQF,mg advanced,isdom,lost,2017-07-01,2017-07-03,0.0
CDFKC6E0,mg special,sonron,lost,2017-07-01,2017-07-03,0.0
Z005FB1N,mg advanced,hottechi,lost,2017-07-01,2017-07-08,0.0
LYAFXO9B,gtx basic,j texon,won,2017-07-01,2017-07-12,592.0
SNY2UWJ2,gtxpro,doncon,won,2017-07-01,2017-07-09,4859.0
UFIAFP10,mg special,green plus,won,2017-07-01,2017-07-02,50.0
MG7CZFIG,mg advanced,konex,won,2017-07-01,2017-09-30,3225.0
H4U50AEW,gtx plus pro,stanredtax,won,2017-07-01,2017-07-09,5422.0
8PU9FIQS,mg advanced,domzoom,won,2017-07-01,2017-07-11,3657.0
FBQN3UM3,gtx plus basic,fasehatice,lost,2017-07-01,2017-07-07,0.0
MJ12SZ89,gtx plus pro,goodsilron,won,2017-07-01,2017-07-10,4974.0
B6F9PSRN,gtxpro,lexiqvolax,won,2017-07-01,2017-08-07,4689.0
RLDIPPFT,gtx plus basic,toughzap,lost,2017-07-01,2017-07-10,0.0
TKKSOBRC,mg special,warephase,won,2017-07-01,2017-07-12,50.0
FCWU08BA,gtxpro,mathtouch,lost,2017-07-01,2017-07-03,0.0
AX63HIS9,gtxpro,kan code,won,2017-07-01,2017-08-23,4611.0
BCA6Y34B,mg advanced,,engaging,2017-07-01,,
1F8MPXZQ,mg advanced,stanredtax,lost,2017-07-01,2017-07-13,0.0
H9N9DP3D,gtx basic,,engaging,2017-07-01,,
YY3ACGA2,gtx basic,kan code,won,2017-07-01,2017-07-11,571.0
6MQA3YYW,mg special,umbrella corporation,lost,2017-07-01,2017-07-03,0.0
IM5AGXLX,gtx plus pro,betasoloin,lost,2017-07-01,2017-08-06,0.0
313EIVW4,gtx plus basic,bioholding,lost,2017-07-02,2017-07-10,0.0
NNAYAA7T,mg advanced,stanredtax,lost,2017-07-02,2017-07-13,0.0
019I751P,gtx plus basic,statholdings,won,2017-07-02,2017-07-09,1180.0
WQAKXOYU,gtxpro,,engaging,2017-07-02,,
5TRALM9T,gtx plus pro,vehement capital partners,lost,2017-07-02,2017-09-17,0.0
LWC0UJWD,gtx basic,bioplex,lost,2017-07-02,2017-07-03,0.0
PI0FYKXU,gtx plus pro,zathunicon,won,2017-07-02,2017-07-04,5274.0
I7QSO0VZ,gtx basic,rundofase,won,2017-07-02,2017-07-04,480.0
HAUB1NBF,gtxpro,,engaging,2017-07-02,,
5AU1SJA7,gtxpro,ontomedia,won,2017-07-02,2017-07-08,4830.0
Z9S1ZX7W,gtx plus basic,condax,engaging,2017-07-02,,
S9N98QU9,gtx plus pro,bluth company,lost,2017-07-02,2017-07-03,0.0
A9Q7ERA4,gtx plus pro,finhigh,won,2017-07-02,2017-07-04,5333.0
HLDA8IA1,mg special,,engaging,2017-07-02,,
RY8Z6RH2,mg advanced,condax,lost,2017-07-02,2017-07-11,0.0
9J8O59QW,gtx plus pro,stanredtax,lost,2017-07-02,2017-08-24,0.0
KWVYR0LQ,mg advanced,codehow,lost,2017-07-02,2017-07-03,0.0
0D95JSVW,gtx plus pro,hatfan,won,2017-07-02,2017-09-16,6192.0
4EGO7VCJ,gtxpro,,engaging,2017-07-02,,
74JAOLQU,gtx basic,rantouch,lost,2017-07-02,2017-08-16,0.0
CMLYDJFN,gtx basic,plexzap,won,2017-07-02,2017-08-11,490.0
HIV4W2E0,gtx plus basic,betasoloin,engaging,2017-07-02,,
TFQEGZ1X,gtx basic,ron tech,lost,2017-07-02,2017-07-04,0.0
5COSD90U,gtx basic,konex,lost,2017-07-02,2017-07-09,0.0
6TBAKLMX,gtx plus basic,funholding,won,2017-07-02,2017-09-23,1157.0
B50V1XGA,mg advanced,fasehatice,lost,2017-07-02,2017-08-31,0.0
SOW7H1RP,mg advanced,lexiqvolax,lost,2017-07-02,2017-07-03,0.0
OHJGW03I,mg special,yearin,won,2017-07-02,2017-07-13,55.0
R6KPUAH7,mg advanced,sunnamplex,lost,2017-07-02,2017-07-06,0.0
AJQC76NI,gtxpro,doncon,won,2017-07-02,2017-08-26,4655.0
PH5GSB37,gtxpro,massive dynamic,won,2017-07-03,2017-08-26,5833.0
9OLZU3WB,mg special,condax,won,2017-07-03,2017-09-23,47.0
JDXET5H9,mg special,warephase,won,2017-07-03,2017-08-31,51.0
8RE1600O,gtxpro,inity,lost,2017-07-03,2017-07-04,0.0
NGMC9NSG,mg advanced,gogozoom,lost,2017-07-03,2017-07-12,0.0
G6FKELQV,gtx basic,initech,lost,2017-07-03,2017-09-25,0.0
IKNMU8HM,gtx plus pro,plussunin,lost,2017-07-03,2017-09-10,0.0
AHIDE6VS,gtx basic,kan code,won,2017-07-03,2017-07-12,540.0
YZJLPVJG,gtx plus pro,konex,won,2017-07-03,2017-07-04,4915.0
GOSCKNUX,gtx plus pro,rantouch,lost,2017-07-03,2017-07-04,0.0
GC3IVG7S,gtx plus pro,singletechno,lost,2017-07-03,2017-07-05,0.0
S81YI4QH,gtx plus pro,sunnamplex,lost,2017-07-03,2017-07-10,0.0
M3MJY0CK,gtx plus pro,lexiqvolax,won,2017-07-03,2017-09-27,6693.0
H2HNTSIP,mg advanced,hottechi,won,2017-07-03,2017-07-05,3101.0
8APZZ20T,gtx plus basic,y corporation,lost,2017-07-03,2017-08-15,0.0
RABLXW5E,mg special,hatfan,won,2017-07-03,2017-09-02,56.0
35LLMROC,gtx basic,,engaging,2017-07-03,,
TJTOVN5K,gtx plus basic,cheers,won,2017-07-03,2017-07-12,935.0
1IG94UUQ,gtx plus basic,singletechno,won,2017-07-03,2017-07-13,1133.0
MN8UHP5B,gtxpro,y corporation,won,2017-07-03,2017-08-12,4904.0
D7JDQB12,mg advanced,bioholding,won,2017-07-03,2017-09-23,2857.0
GWI45VGH,mg advanced,dontechi,won,2017-07-03,2017-09-02,3118.0
G3TZD0CB,gtx plus basic,funholding,won,2017-07-03,2017-07-11,1204.0
1PAPS9QO,mg advanced,y corporation,lost,2017-07-03,2017-07-09,0.0
WXCEZ7JY,gtx basic,conecom,won,2017-07-03,2017-09-06,376.0
WR45SVGN,gtx basic,toughzap,won,2017-07-03,2017-11-02,511.0
WAFSPTW6,gtx basic,lexiqvolax,won,2017-07-03,2017-07-14,491.0
5FYPINRL,mg special,donware,lost,2017-07-03,2017-07-16,0.0
VLPSQ076,mg advanced,betasoloin,lost,2017-07-03,2017-07-12,0.0
3AX6QBR3,mg advanced,donquadtech,won,2017-07-03,2017-09-07,3101.0
ZY3AVAK0,mg special,y corporation,lost,2017-07-03,2017-08-22,0.0
FVCL72VU,gtx plus pro,cancity,lost,2017-07-04,2017-07-14,0.0
24OSGLGF,mg special,dontechi,won,2017-07-04,2017-07-06,56.0
49T60OCI,gtx plus pro,scottech,engaging,2017-07-04,,
31NQQEEO,gtx basic,opentech,lost,2017-07-04,2017-09-11,0.0
ADRU5BLP,gtx plus basic,inity,lost,2017-07-04,2017-07-12,0.0
AUPXRV8O,gtx plus basic,ron tech,won,2017-07-04,2017-09-05,1300.0
CI00UV0Y,gtxpro,rundofase,won,2017-07-04,2017-07-05,4544.0
VH3C0A8F,gtx basic,mathtouch,lost,2017-07-04,2017-07-05,0.0
1E5MFGR7,gtx basic,plussunin,lost,2017-07-04,2017-09-26,0.0
TS2JEK3E,gtx basic,betasoloin,won,2017-07-04,2017-09-23,531.0
4R0TB2CL,gtxpro,bubba gump,won,2017-07-04,2017-07-13,4669.0
5OJ3QR1W,mg special,inity,lost,2017-07-04,2017-11-03,0.0
R162LSFR,gtxpro,goodsilron,lost,2017-07-04,2017-07-06,0.0
W07RZO17,mg advanced,,engaging,2017-07-04,,
X7J3O7TC,gtx basic,dalttechnology,lost,2017-07-04,2017-07-11,0.0
Q7RV0YW6,gtx plus basic,green plus,lost,2017-07-04,2017-07-10,0.0
S5E8MBO3,gtx basic,plexzap,lost,2017-07-04,2017-09-19,0.0
UGB3A3CE,mg special,,engaging,2017-07-04,,
QE6A49LE,mg special,hottechi,lost,2017-07-04,2017-07-11,0.0
XGMMHWZC,gtx basic,domzoom,won,2017-07-04,2017-09-25,475.0
7MK55ULJ,gtx plus basic,ron tech,won,2017-07-04,2017-07-05,1102.0
0VZIDVCC,mg special,zumgoity,won,2017-07-04,2017-07-09,55.0
D1XYQH35,gtx basic,treequote,lost,2017-07-04,2017-07-15,0.0
XAR2VX09,mg special,scottech,lost,2017-07-04,2017-07-06,0.0
YTQH4YM9,mg special,cancity,won,2017-07-04,2017-07-05,63.0
KMLW6GXY,mg advanced,kan code,lost,2017-07-04,2017-07-12,0.0
IG734VZK,gtx plus pro,plusstrip,won,2017-07-04,2017-07-14,5971.0
W3C2KLXD,gtx plus pro,ganjaflex,won,2017-07-04,2017-08-27,5710.0
8Z1SIQSI,gtxpro,rantouch,lost,2017-07-04,2017-07-09,0.0
IZJR1WDM,mg special,plexzap,won,2017-07-04,2017-09-21,52.0
5MRPZ44K,gtx basic,domzoom,won,2017-07-05,2017-08-28,522.0
AWORM94L,gtx basic,,engaging,2017-07-05,,
W0LFL18P,gtx plus basic,iselectrics,lost,2017-07-05,2017-07-12,0.0
5H9ELV2H,gtx plus pro,zathunicon,lost,2017-07-05,2017-07-13,0.0
KDDN1E4O,gtx plus basic,betasoloin,won,2017-07-05,2017-07-14,1109.0
S8JALB62,mg advanced,the new york inquirer,won,2017-07-05,2017-07-06,3508.0
2HPCHBIL,gtx plus pro,bluth company,lost,2017-07-05,2017-07-14,0.0
Q9JV7YXX,gtx plus basic,plussunin,lost,2017-07-05,2017-07-16,0.0
J3N73B00,gtxpro,hottechi,won,2017-07-05,2017-08-29,4346.0
STG85Q0N,gtx basic,kinnamplus,lost,2017-07-05,2017-07-06,0.0
VMI5QYS3,gtxpro,xx zobam,lost,2017-07-05,2017-07-09,0.0
09W047QT,gtxpro,umbrella corporation,won,2017-07-05,2017-08-10,4565.0
VXOZC2CN,gtx plus basic,vehement capital partners,won,2017-07-05,2017-09-29,1319.0
JAMW5SWB,gtxpro,hottechi,won,2017-07-05,2017-07-06,5157.0
WCKKFSVL,mg advanced,dontechi,lost,2017-07-05,2017-07-06,0.0
GVCWDG9Y,gtxpro,globex corporation,won,2017-07-05,2017-07-17,4213.0
SXYJU7LC,gtx basic,,engaging,2017-07-05,,
UEXJN3Y6,gtx plus basic,konex,won,2017-07-05,2017-07-12,1230.0
QP0QCP8Y,gtx plus pro,dalttechnology,engaging,2017-07-05,,
MCQGU5EA,gtx basic,sunnamplex,won,2017-07-05,2017-07-15,443.0
M0IN22XH,gtx plus basic,zoomit,won,2017-07-05,2017-09-26,1043.0
8HWWW76K,gtx basic,dambase,lost,2017-07-05,2017-07-07,0.0
707CQDQK,mg special,groovestreet,lost,2017-07-05,2017-08-23,0.0
4PTCB3CS,mg advanced,globex corporation,lost,2017-07-05,2017-07-13,0.0
IEB855X8,mg advanced,codehow,won,2017-07-05,2017-08-08,3458.0
IDA8D96H,gtx plus pro,zoomit,lost,2017-07-05,2017-07-13,0.0
DLQNAOWB,mg special,plusstrip,lost,2017-07-05,2017-07-07,0.0
K7056XS7,mg advanced,kinnamplus,engaging,2017-07-05,,
R9V8QAPK,mg special,kan code,won,2017-07-05,2017-07-14,58.0
P6KXSJPD,mg special,codehow,lost,2017-07-05,2017-07-10,0.0
KM0RKC4Q,gtx basic,hottechi,lost,2017-07-05,2017-07-06,0.0
58TUIJ6D,gtxpro,cheers,lost,2017-07-05,2017-07-17,0.0
BXOIQHTS,gtx basic,y corporation,won,2017-07-05,2017-09-20,658.0
CC3B5DSU,gtx plus pro,treequote,lost,2017-07-06,2017-07-16,0.0
GLM4XZLI,gtx plus pro,donware,lost,2017-07-06,2017-07-07,0.0
K8VBNOW9,gtx plus pro,plussunin,won,2017-07-06,2017-09-01,4791.0
3GEDSDVN,gtx basic,inity,won,2017-07-06,2017-07-08,590.0
R0ZYAJFM,gtx plus pro,isdom,won,2017-07-06,2017-07-14,5629.0
BRFZCNMP,gtx plus basic,,engaging,2017-07-06,,
R8X2RVQ2,gtxpro,vehement capital partners,lost,2017-07-06,2017-07-15,0.0
E2KGQVEO,mg advanced,,engaging,2017-07-06,,
DFG6OP8T,gtx plus pro,massive dynamic,lost,2017-07-06,2017-07-18,0.0
JB4MECWM,gtxpro,xx zobam,lost,2017-07-06,2017-07-07,0.0
CDGA1SD7,gtxpro,streethex,won,2017-07-06,2017-09-12,4323.0
SBILEY2W,gtxpro,treequote,won,2017-07-06,2017-07-12,5085.0
JMTKEPXF,mg advanced,zotware,won,2017-07-06,2017-07-17,2996.0
937CNF5D,gtxpro,condax,won,2017-07-06,2017-07-14,4682.0
EQ399D3M,mg advanced,sonron,won,2017-07-06,2017-07-14,3250.0
DOVNGYN4,gtx basic,green plus,lost,2017-07-06,2017-07-12,0.0
A0IS9TWV,gtxpro,kan code,lost,2017-07-06,2017-07-16,0.0
E7TDBIDS,gtxpro,kan code,won,2017-07-06,2017-09-06,5323.0
TIFPUXSQ,gtx basic,condax,lost,2017-07-06,2017-07-07,0.0
LXDCC260,gtx plus pro,funholding,won,2017-07-06,2017-07-07,5966.0
81PWOUF0,gtxpro,,engaging,2017-07-06,,
1Z72JRDI,mg advanced,labdrill,won,2017-07-06,2017-07-16,3452.0
XTBADYHW,mg special,toughzap,lost,2017-07-06,2017-07-17,0.0
PPDU7OWD,mg advanced,stanredtax,lost,2017-07-06,2017-07-13,0.0
CJ05Q2G5,gtx basic,labdrill,lost,2017-07-06,2017-07-11,0.0
MON3JWUF,gtx basic,faxquote,won,2017-07-06,2017-07-13,583.0
SFMKU2FV,mg special,ontomedia,lost,2017-07-06,2017-07-16,0.0
9FH2VYQQ,gtx plus basic,goodsilron,lost,2017-07-06,2017-07-13,0.0
PMVKMS6A,gtx basic,j texon,won,2017-07-06,2017-09-27,507.0
E62A05BH,gtx basic,inity,lost,2017-07-07,2017-07-15,0.0
U3GCADFV,mg special,rangreen,lost,2017-07-07,2017-07-13,0.0
CFI2GXN1,gtxpro,,engaging,2017-07-07,,
611J0LEK,gtx basic,betasoloin,won,2017-07-07,2017-07-09,574.0
5M5TW9RC,gtx plus basic,umbrella corporation,engaging,2017-07-07,,
ZWA2ES4F,mg special,opentech,won,2017-07-07,2017-09-07,48.0
LNT5B9XY,mg special,statholdings,lost,2017-07-07,2017-07-17,0.0
CPQ348W9,gtx basic,isdom,won,2017-07-07,2017-07-15,458.0
UZ0MRAFU,gtx plus pro,codehow,won,2017-07-07,2017-09-18,5455.0
VFO5EK6R,gtx basic,silis,lost,2017-07-07,2017-07-14,0.0
GE5SORJX,gtx plus pro,kan code,won,2017-07-07,2017-09-17,5666.0
03O9FNTZ,gtx plus basic,bluth company,won,2017-07-07,2017-07-09,1107.0
FIQIRK37,gtxpro,acme corporation,won,2017-07-07,2017-07-08,4089.0
M6J6VNVQ,gtx basic,ontomedia,won,2017-07-07,2017-09-08,498.0
S767XDO3,mg advanced,hatfan,lost,2017-07-07,2017-09-07,0.0
ZPKCSV3R,mg special,dontechi,won,2017-07-07,2017-07-11,64.0
CLA3RTMS,mg advanced,xx holding,lost,2017-07-07,2017-07-09,0.0
K1K48OTP,gtx plus pro,conecom,engaging,2017-07-07,,
OJWV4RT2,gtx basic,konex,lost,2017-07-07,2017-07-09,0.0
PMQCN4PR,gtx basic,finjob,won,2017-07-07,2017-07-09,565.0
CBIFB5BB,gtx basic,kan code,won,2017-07-07,2017-07-17,579.0
BSVZWUXR,mg special,hottechi,won,2017-07-07,2017-09-11,56.0
PU2UJDTV,gtxpro,scotfind,won,2017-07-07,2017-09-05,4063.0
LN9NU0A8,gtx plus basic,inity,won,2017-07-07,2017-07-17,1193.0
KD27RNU9,gtx basic,scottech,lost,2017-07-07,2017-07-15,0.0
FN50OJHN,gtx plus basic,betatech,won,2017-07-07,2017-07-11,1088.0
YA68AAQK,gtx plus basic,xx zobam,lost,2017-07-07,2017-09-17,0.0
90K2ZTKB,mg special,xx holding,won,2017-07-07,2017-09-11,58.0
YYTZSTL0,gtx plus pro,,engaging,2017-07-07,,
1M0THQSZ,mg advanced,golddex,lost,2017-07-07,2017-07-09,0.0
Y1GEH2EG,gtx plus pro,green plus,won,2017-07-07,2017-07-13,4466.0
ORM1IRQ2,mg special,,engaging,2017-07-07,,
593L4BNI,gtx basic,kinnamplus,lost,2017-07-07,2017-07-14,0.0
83EZC8YK,mg advanced,xx zobam,lost,2017-07-07,2017-07-15,0.0
4MTCQ31T,mg special,gogozoom,won,2017-07-08,2017-11-06,55.0
QU220OFI,gtx basic,finhigh,engaging,2017-07-08,,
TJYNW3C7,gtx plus basic,donware,lost,2017-07-08,2017-07-15,0.0
COGZW25D,gtx plus basic,konex,won,2017-07-08,2017-07-16,861.0
B3A6VXVQ,gtx basic,acme corporation,engaging,2017-07-08,,
O83AR1CC,mg advanced,plussunin,lost,2017-07-08,2017-07-09,0.0
BOG3D6D7,gtxpro,umbrella corporation,won,2017-07-08,2017-07-19,5137.0
J03H7OQF,mg special,betatech,won,2017-07-08,2017-07-16,54.0
DJXM9LIW,gtx plus basic,kinnamplus,won,2017-07-08,2017-07-14,1020.0
6XH71PH8,gtx plus basic,yearin,won,2017-07-08,2017-09-28,1136.0
AW1U6QKR,mg special,konex,won,2017-07-08,2017-07-14,55.0
MAVEITJH,gtxpro,groovestreet,won,2017-07-08,2017-09-09,5097.0
GUJNYTXN,gtx basic,kinnamplus,won,2017-07-08,2017-07-09,483.0
QKXCMJVB,gtx basic,,engaging,2017-07-08,,
ELLLRB7A,gtx basic,zoomit,won,2017-07-08,2017-08-29,587.0
F4EHCQIC,gtx plus pro,kan code,won,2017-07-08,2017-07-16,5284.0
EHC9KQDN,gtx basic,scottech,lost,2017-07-08,2017-07-09,0.0
MBLFZPU2,gtx basic,warephase,lost,2017-07-08,2017-09-12,0.0
L0SOZL9A,mg advanced,y corporation,lost,2017-07-08,2017-09-28,0.0
00XBYXIB,gtx plus basic,green plus,won,2017-07-08,2017-07-09,993.0
ASN7OCWQ,gtx basic,groovestreet,lost,2017-07-08,2017-07-15,0.0
SHS9HQX4,gtxpro,finjob,won,2017-07-08,2017-09-19,4642.0
JYEQFGS5,gtxpro,umbrella corporation,lost,2017-07-08,2017-07-17,0.0
S9DVJGUO,gtxpro,kan code,won,2017-07-08,2017-07-15,4530.0
0YPN92QB,mg special,y corporation,lost,2017-07-08,2017-07-10,0.0
UIA0FO51,mg advanced,xx zobam,won,2017-07-08,2017-07-09,3569.0
48J7F1A2,mg advanced,hottechi,won,2017-07-08,2017-08-31,3276.0
0D37PQA0,gtx plus basic,,engaging,2017-07-08,,
D193SPY4,mg special,plussunin,engaging,2017-07-08,,
SFIMNCPZ,mg advanced,mathtouch,lost,2017-07-08,2017-07-10,0.0
57NT8T8S,gtx basic,finjob,lost,2017-07-08,2017-07-16,0.0
7GLF1GBJ,gtx plus basic,green plus,lost,2017-07-08,2017-07-16,0.0
YST07PM6,gtx plus pro,doncon,lost,2017-07-08,2017-07-17,0.0
HPU7RQG6,gtx plus pro,rantouch,lost,2017-07-08,2017-07-15,0.0
6Z1XK6YR,gtxpro,hatfan,lost,2017-07-08,2017-11-09,0.0
045D5MZO,gtx plus pro,kan code,won,2017-07-08,2017-07-17,5576.0
K1UREXI5,gtx basic,genco pura olive oil company,won,2017-07-09,2017-09-16,460.0
M7Y1LHHA,gtx basic,zathunicon,won,2017-07-09,2017-07-16,457.0
NK1B8YME,gtx plus pro,,engaging,2017-07-09,,
WP6SUIMC,mg advanced,silis,lost,2017-07-09,2017-07-15,0.0
SGI5I4X1,gtx basic,gekko co,won,2017-07-09,2017-07-10,665.0
U07VUUGP,gtx plus basic,zathunicon,won,2017-07-09,2017-07-15,1122.0
SEC6K7X2,gtx plus pro,umbrella corporation,won,2017-07-09,2017-07-18,5578.0
OT26ZUZ7,gtxpro,betatech,engaging,2017-07-09,,
MXVBWIE5,gtx basic,rundofase,won,2017-07-09,2017-09-08,460.0
794F5VJB,gtx plus basic,donware,won,2017-07-09,2017-08-31,1133.0
TNEB1XNK,gtx plus basic,gekko co,won,2017-07-09,2017-09-18,1194.0
P60PIE95,gtx plus pro,yearin,won,2017-07-09,2017-09-16,5861.0
HI9S2MRZ,gtx plus basic,,engaging,2017-07-09,,
QKOAWRXD,gtx basic,dontechi,lost,2017-07-09,2017-07-17,0.0
NC7V5K1T,gtx plus basic,stanredtax,won,2017-07-09,2017-08-28,1194.0
XTAPYDDI,gtxpro,funholding,won,2017-07-09,2017-07-11,4440.0
0CTHPQGT,mg special,cancity,won,2017-07-09,2017-07-19,53.0
N9KFOKLS,gtx basic,sonron,lost,2017-07-09,2017-07-14,0.0
02SSRMSA,gtx plus basic,inity,won,2017-07-09,2017-07-13,1192.0
HBJPBF3P,mg special,conecom,won,2017-07-09,2017-09-01,54.0
E6D2DBXF,mg advanced,ron tech,lost,2017-07-09,2017-07-13,0.0
OUMM04QV,gtx plus pro,warephase,won,2017-07-09,2017-07-18,4651.0
TZQWGMG7,gtx plus pro,rangreen,lost,2017-07-09,2017-07-19,0.0
66KFPHBT,gtx plus pro,betatech,won,2017-07-09,2017-09-24,5944.0
WL4TLMUC,mg advanced,gekko co,lost,2017-07-09,2017-07-17,0.0
6AO6E15O,gtxpro,statholdings,engaging,2017-07-09,,
OW9OM3UO,mg advanced,,engaging,2017-07-09,,
HXMJ5048,mg advanced,green plus,lost,2017-07-09,2017-07-17,0.0
CQYAMIQ3,gtxpro,,engaging,2017-07-09,,
6178B4JM,gtx plus basic,domzoom,won,2017-07-10,2017-07-17,962.0
WC7KCJ2N,gtx plus basic,silis,won,2017-07-10,2017-07-21,1063.0
5GBVA3ZZ,mg advanced,zencorporation,lost,2017-07-10,2017-07-23,0.0
B7WWPCO6,gtx basic,gogozoom,lost,2017-07-10,2017-07-23,0.0
152DN1FE,gtx plus basic,cancity,lost,2017-07-10,2017-07-12,0.0
3NJHQZT6,mg special,streethex,lost,2017-07-10,2017-07-17,0.0
9GOWJ93R,mg advanced,domzoom,won,2017-07-10,2017-09-03,2572.0
QAB3H9H5,gtxpro,globex corporation,lost,2017-07-10,2017-07-11,0.0
9B9VDAFU,gtxpro,warephase,won,2017-07-10,2017-07-18,4631.0
L9F6QP4P,mg advanced,isdom,won,2017-07-10,2017-07-19,3230.0
1D5AYQO6,mg special,condax,won,2017-07-10,2017-07-19,59.0
6WR7JQ3C,mg advanced,labdrill,won,2017-07-10,2017-11-03,3624.0
Y2XXRYMX,gtx plus basic,labdrill,lost,2017-07-10,2017-11-11,0.0
Z9DK5289,gtxpro,golddex,lost,2017-07-10,2017-07-12,0.0
MN34I4DD,gtx plus pro,hatfan,won,2017-07-10,2017-09-22,5848.0
9CQ6TMET,mg special,dalttechnology,won,2017-07-10,2017-07-11,42.0
N54HHLC4,gtx plus pro,sunnamplex,lost,2017-07-10,2017-07-12,0.0
TPP1IGKV,gtxpro,nam zim,lost,2017-07-10,2017-07-17,0.0
9USDNUBL,gtx plus pro,hatfan,lost,2017-07-10,2017-08-29,0.0
Q82O5QTN,mg advanced,rangreen,lost,2017-07-10,2017-07-12,0.0
2HVDAY4L,mg special,cancity,lost,2017-07-10,2017-07-21,0.0
0FGWN6O0,gtx basic,isdom,won,2017-07-10,2017-07-19,588.0
FQXZBTEG,gtx plus basic,zencorporation,lost,2017-07-10,2017-07-18,0.0
8IGYTN3H,mg special,yearin,won,2017-07-10,2017-07-17,54.0
QV3TAWDT,gtxpro,,engaging,2017-07-10,,
OTNZ5ZCN,gtxpro,singletechno,won,2017-07-10,2017-09-06,5099.0
USJWM3F3,gtx basic,,engaging,2017-07-10,,
7O2ISWVB,gtx plus pro,plexzap,lost,2017-07-10,2017-07-15,0.0
QUAD5082,mg advanced,konex,lost,2017-07-11,2017-07-21,0.0
0T9KUEQ2,gtx plus pro,,engaging,2017-07-11,,
P6H45Y25,gtx basic,scottech,lost,2017-07-11,2017-09-16,0.0
28EVFB8G,gtx plus basic,treequote,lost,2017-07-11,2017-07-13,0.0
VV5LDD24,mg advanced,silis,lost,2017-07-11,2017-07-13,0.0
SF3KBDJF,gtxpro,silis,lost,2017-07-11,2017-08-18,0.0
DKUVKTIT,gtx plus pro,initech,won,2017-07-11,2017-07-19,4881.0
OYUUU6B9,gtx basic,bioholding,lost,2017-07-11,2017-11-09,0.0
IIVNXACR,gtxpro,codehow,lost,2017-07-11,2017-07-12,0.0
OWBGBQ4G,gtxpro,stanredtax,lost,2017-07-11,2017-07-18,0.0
X2EH33CU,mg advanced,genco pura olive oil company,won,2017-07-11,2017-07-12,2878.0
GNT6EM5M,mg special,xx holding,lost,2017-07-11,2017-07-12,0.0
U3ZMURXR,mg advanced,finjob,won,2017-07-11,2017-09-08,3121.0
4UTOXXV4,gtx plus pro,golddex,lost,2017-07-11,2017-07-12,0.0
KHWG1W75,mg special,goodsilron,won,2017-07-11,2017-07-18,57.0
MWAW08I7,gtx basic,treequote,won,2017-07-11,2017-07-12,576.0
0QV1LRME,gtx plus basic,konmatfix,won,2017-07-11,2017-07-18,1258.0
63GAY8GB,gtx plus basic,singletechno,lost,2017-07-11,2017-08-22,0.0
JB3J080M,gtx plus pro,,engaging,2017-07-11,,
GXHAIS33,gtx basic,doncon,lost,2017-07-11,2017-09-29,0.0
VBRZZAP8,gtx basic,hottechi,won,2017-07-11,2017-07-20,491.0
JR76K5YA,gtx basic,sunnamplex,won,2017-07-11,2017-08-23,494.0
Z3TX2K6F,gtxpro,dalttechnology,lost,2017-07-11,2017-07-20,0.0
RGUC0V54,gtx plus basic,zoomit,won,2017-07-11,2017-09-19,882.0
M93A8LTF,gtx plus basic,konex,won,2017-07-11,2017-07-20,1076.0
CQW6TYOX,gtk 500,cheers,lost,2017-07-11,2017-07-18,0.0
P7H8UY1P,mg special,dalttechnology,lost,2017-07-11,2017-09-21,0.0
6XLFG3VK,mg special,zoomit,won,2017-07-11,2017-07-19,57.0
9ZPY98PB,gtx basic,nam zim,lost,2017-07-11,2017-07-13,0.0
YRXDI9E8,mg advanced,cheers,lost,2017-07-11,2017-11-05,0.0
1JB82QZ0,mg advanced,sonron,lost,2017-07-11,2017-07-12,0.0
G5GPTVMU,gtx plus basic,bioholding,lost,2017-07-12,2017-08-31,0.0
856VG3CS,gtx plus basic,plussunin,won,2017-07-12,2017-09-28,1100.0
J80ZEYYM,mg advanced,donquadtech,won,2017-07-12,2017-09-18,3630.0
21OMR381,mg special,,engaging,2017-07-12,,
X9HFP474,gtx basic,dontechi,engaging,2017-07-12,,
T51ULXCZ,gtxpro,bioholding,lost,2017-07-12,2017-07-23,0.0
3S73ZUQH,mg advanced,betatech,lost,2017-07-12,2017-07-21,0.0
JUU6C7NO,gtx plus basic,ontomedia,lost,2017-07-12,2017-09-27,0.0
8SNDBWPP,gtx plus pro,massive dynamic,lost,2017-07-12,2017-09-28,0.0
0PH153YF,gtxpro,condax,lost,2017-07-12,2017-07-13,0.0
YNYZNOWR,mg advanced,cheers,lost,2017-07-12,2017-07-25,0.0
HUNM56HY,mg advanced,sunnamplex,won,2017-07-12,2017-07-23,3741.0
SIONXEMH,mg advanced,y corporation,won,2017-07-12,2017-07-14,2905.0
JX08Z5L5,gtx plus basic,singletechno,lost,2017-07-12,2017-07-25,0.0
BUJ1TX7Y,gtx plus basic,finjob,won,2017-07-12,2017-09-14,1023.0
6C70OX62,mg advanced,y corporation,won,2017-07-12,2017-09-24,3257.0
V9WVYEE9,gtx plus pro,codehow,lost,2017-07-12,2017-07-20,0.0
3N6BHLN6,gtx plus basic,streethex,won,2017-07-12,2017-08-20,960.0
SQWCQRGY,gtxpro,silis,lost,2017-07-12,2017-07-14,0.0
32K5LEDV,gtx plus pro,silis,won,2017-07-12,2017-07-18,5538.0
R0XNAFUB,gtx basic,,engaging,2017-07-12,,
XW1ONOVO,mg advanced,kan code,won,2017-07-13,2017-07-23,3420.0
100W6J9A,gtxpro,treequote,lost,2017-07-13,2017-07-19,0.0
YYRYSVOO,gtxpro,bioholding,won,2017-07-13,2017-07-16,5382.0
P7AX4B3N,mg special,sonron,lost,2017-07-13,2017-07-24,0.0
GC1TSADL,gtxpro,faxquote,won,2017-07-13,2017-07-18,5703.0
QF1I965E,mg advanced,mathtouch,won,2017-07-13,2017-09-30,3340.0
P93UCMW8,mg advanced,hottechi,lost,2017-07-13,2017-07-15,0.0
YKBRF0NG,gtx plus basic,nam zim,won,2017-07-13,2017-08-09,1014.0
OP2DIRC2,gtx basic,inity,won,2017-07-13,2017-07-19,536.0
VIHXI2JA,gtx plus basic,konex,lost,2017-07-13,2017-07-14,0.0
IC4J0BIZ,gtx basic,codehow,won,2017-07-13,2017-07-24,550.0
BNMJAOF4,gtx basic,gogozoom,won,2017-07-13,2017-09-28,469.0
VSWHUBD0,gtx basic,ron tech,won,2017-07-13,2017-07-14,585.0
7ZWN0JO9,gtx plus basic,scottech,won,2017-07-13,2017-08-29,943.0
KLPVD6LR,gtx basic,bioplex,lost,2017-07-13,2017-07-21,0.0
U3M8XTMY,gtx plus basic,plussunin,won,2017-07-13,2017-08-01,1319.0
P89VI9EN,gtxpro,bubba gump,won,2017-07-13,2017-07-22,5873.0
4LOHS2AJ,mg special,,engaging,2017-07-13,,
SPUXDRGN,mg advanced,kan code,lost,2017-07-13,2017-08-28,0.0
PDIYRBQJ,gtx plus basic,lexiqvolax,lost,2017-07-13,2017-07-15,0.0
185PGG0J,mg special,treequote,won,2017-07-14,2017-07-17,44.0
QQ5LW9HV,mg advanced,plussunin,lost,2017-07-14,2017-07-26,0.0
8EF4D82U,gtxpro,mathtouch,won,2017-07-14,2017-09-14,3834.0
GFMLCHB0,gtx plus basic,zathunicon,lost,2017-07-14,2017-07-21,0.0
TFS537LA,gtx plus pro,iselectrics,lost,2017-07-14,2017-07-15,0.0
2X86737Q,gtx plus pro,inity,won,2017-07-14,2017-07-16,5537.0
HSZOPWWT,gtx basic,donware,won,2017-07-14,2017-09-15,530.0
1KVGSF08,gtx plus pro,konex,won,2017-07-14,2017-09-23,4989.0
UDFMSH1S,gtx plus pro,streethex,lost,2017-07-14,2017-07-25,0.0
516C0X9F,gtx plus basic,statholdings,won,2017-07-14,2017-07-26,1144.0
DPAEMTHC,gtx basic,konex,lost,2017-07-14,2017-07-15,0.0
A6T69X6T,mg advanced,xx holding,lost,2017-07-14,2017-09-08,0.0
DDD515FB,mg advanced,xx holding,won,2017-07-14,2017-07-15,3362.0
6GKGGY0U,gtxpro,green plus,lost,2017-07-14,2017-07-25,0.0
8M6TB2ZX,gtx plus pro,goodsilron,won,2017-07-14,2017-07-21,5013.0
8JH8YA79,gtx basic,,engaging,2017-07-14,,
BABQISCH,gtx basic,hatfan,lost,2017-07-14,2017-07-15,0.0
T46KPPNB,gtx plus basic,blackzim,lost,2017-07-14,2017-07-16,0.0
9CE6F4NZ,gtx basic,plusstrip,won,2017-07-14,2017-08-27,431.0
Z9KNL9A1,gtxpro,groovestreet,won,2017-07-14,2017-07-24,5161.0
7JBR36G8,gtx basic,genco pura olive oil company,won,2017-07-14,2017-07-16,579.0
EYTBRK2B,mg advanced,warephase,won,2017-07-14,2017-07-24,3411.0
KFXZNC4N,mg special,xx holding,lost,2017-07-14,2017-09-11,0.0
SJ62BMK5,mg advanced,plusstrip,won,2017-07-14,2017-07-15,3973.0
YDJV1DFE,mg advanced,ron tech,lost,2017-07-14,2017-11-09,0.0
GHDAXC7T,gtx plus basic,zathunicon,won,2017-07-14,2017-07-15,1029.0
FQQ2JJZ1,mg special,gekko co,won,2017-07-14,2017-07-23,59.0
NCJJBWU3,mg special,globex corporation,lost,2017-07-14,2017-07-22,0.0
8BYEALF9,mg special,,engaging,2017-07-14,,
8SGMUWET,gtx basic,goodsilron,won,2017-07-14,2017-09-29,534.0
3KVS08NL,mg special,iselectrics,won,2017-07-14,2017-07-15,48.0
CLIIR1T0,mg special,finjob,won,2017-07-14,2017-07-25,57.0
PHXX81YF,gtx plus pro,donware,lost,2017-07-15,2017-07-17,0.0
6K7LDRKR,gtx plus pro,stanredtax,won,2017-07-15,2017-11-11,4009.0
J6UOUH6Y,mg advanced,dambase,won,2017-07-15,2017-09-03,3255.0
2EYTB3PX,mg advanced,condax,won,2017-07-15,2017-07-25,3724.0
1U945R0D,mg advanced,dalttechnology,lost,2017-07-15,2017-07-16,0.0
FX4D649Y,gtx plus basic,fasehatice,lost,2017-07-15,2017-07-24,0.0
4QBSY3CB,gtx plus basic,golddex,lost,2017-07-15,2017-08-26,0.0
ZWVRS27V,mg special,rundofase,lost,2017-07-15,2017-11-04,0.0
8BBXNESQ,gtx plus pro,labdrill,lost,2017-07-15,2017-07-22,0.0
3JJ7YI88,mg special,gogozoom,lost,2017-07-15,2017-07-16,0.0
AKMDEG3I,mg advanced,faxquote,lost,2017-07-15,2017-07-17,0.0
568NS3GO,mg advanced,cheers,won,2017-07-15,2017-08-27,2791.0
YVDQ80A0,gtx plus basic,,engaging,2017-07-15,,
TQLO6QP6,mg advanced,cancity,won,2017-07-15,2017-09-02,3501.0
DLVEVD9O,gtx plus pro,yearin,lost,2017-07-15,2017-07-27,0.0
C75RV9DY,gtx basic,ganjaflex,won,2017-07-15,2017-07-16,555.0
CI9S6CST,mg special,,engaging,2017-07-15,,
EUQCW0ZA,gtx basic,lexiqvolax,won,2017-07-15,2017-07-23,650.0
CEOMZE9H,gtx basic,nam zim,lost,2017-07-15,2017-07-26,0.0
TT5QRQTF,mg special,konex,won,2017-07-15,2017-07-21,61.0
5NXD4U83,mg special,newex,won,2017-07-15,2017-07-17,54.0
1IL51ZIW,mg special,condax,lost,2017-07-15,2017-07-22,0.0
CM33NN0P,mg advanced,silis,lost,2017-07-15,2017-07-23,0.0
P3QQIMTA,gtx basic,rundofase,lost,2017-07-16,2017-07-24,0.0
WB1CQNJU,mg advanced,funholding,lost,2017-07-16,2017-07-17,0.0
OQYDQCTM,mg special,rangreen,won,2017-07-16,2017-07-25,59.0
ISQJD695,gtx basic,sunnamplex,engaging,2017-07-16,,
M1VNX1D7,gtxpro,acme corporation,won,2017-07-16,2017-07-28,5318.0
TWO2Q99P,gtx plus pro,conecom,won,2017-07-16,2017-09-30,5753.0
72UVDOKU,mg special,konmatfix,won,2017-07-16,2017-07-24,62.0
DMSQ0TSG,mg advanced,isdom,won,2017-07-16,2017-08-12,3146.0
FEWIDJGH,gtx basic,rundofase,won,2017-07-16,2017-07-18,538.0
AUZM3MLU,gtx plus basic,betatech,won,2017-07-16,2017-09-18,1071.0
GS2CLR52,gtxpro,betatech,won,2017-07-16,2017-07-17,4488.0
HYP3SXPV,mg advanced,isdom,won,2017-07-16,2017-08-02,2837.0
9G93P7SV,mg advanced,kan code,won,2017-07-16,2017-09-30,3593.0
7XSAHM67,gtx basic,hottechi,won,2017-07-16,2017-09-28,583.0
M2A8EY5Q,gtx plus pro,,engaging,2017-07-16,,
N7MDRJ01,gtx basic,isdom,lost,2017-07-16,2017-07-25,0.0
4ID56TXX,mg advanced,genco pura olive oil company,lost,2017-07-16,2017-07-28,0.0
ZOX0FW5W,gtxpro,scotfind,lost,2017-07-16,2017-07-23,0.0
4SFRUL8J,mg advanced,labdrill,lost,2017-07-16,2017-07-22,0.0
UB2UAI38,gtx plus basic,singletechno,won,2017-07-16,2017-07-21,1109.0
B00OD1IF,gtx plus basic,zoomit,won,2017-07-16,2017-07-23,1106.0
OGO6SNTQ,gtx plus pro,plusstrip,lost,2017-07-16,2017-07-24,0.0
I6ZC5V1K,gtx plus pro,labdrill,won,2017-07-16,2017-07-26,5008.0
1N3G9WG2,gtxpro,y corporation,won,2017-07-16,2017-07-19,5621.0
JHNXPUNX,gtx basic,rangreen,won,2017-07-16,2017-07-17,550.0
NPHD3ZTC,gtx basic,rangreen,won,2017-07-16,2017-09-03,574.0
06KTPHYC,mg advanced,hottechi,lost,2017-07-16,2017-07-24,0.0
YCA44Q4U,mg special,kinnamplus,won,2017-07-16,2017-07-25,52.0
FR4GTSEQ,gtx basic,xx holding,won,2017-07-16,2017-09-15,477.0
S46ZLF3G,gtx basic,betatech,lost,2017-07-17,2017-07-26,0.0
WHZEK68G,mg special,streethex,lost,2017-07-17,2017-07-22,0.0
3CB3WNBM,gtx basic,kinnamplus,engaging,2017-07-17,,
EJDRMHNC,mg special,,engaging,2017-07-17,,
O8C2G4G2,mg advanced,,engaging,2017-07-17,,
DAJBIHBZ,mg advanced,silis,lost,2017-07-17,2017-07-28,0.0
P6BJ24ZP,gtx plus basic,plussunin,won,2017-07-17,2017-07-20,1202.0
XORHQFNJ,mg advanced,funholding,lost,2017-07-17,2017-08-05,0.0
ZFRPQV2M,mg special,funholding,won,2017-07-17,2017-11-03,51.0
RVRBCZAI,gtx plus basic,kan code,lost,2017-07-17,2017-07-18,0.0
2897DN4S,gtx plus basic,finhigh,lost,2017-07-17,2017-07-18,0.0
1DIL2X16,gtxpro,rundofase,lost,2017-07-17,2017-07-28,0.0
BMQEY089,gtx plus basic,scottech,won,2017-07-17,2017-09-16,1203.0
CYOJ4G39,gtxpro,isdom,won,2017-07-17,2017-07-19,5673.0
5IOG6X00,gtx plus pro,gekko co,won,2017-07-17,2017-09-08,6205.0
HBN3R2TJ,mg advanced,,engaging,2017-07-17,,
QG6BCBXM,gtx plus pro,sonron,lost,2017-07-17,2017-08-03,0.0
CAXTE48L,mg advanced,cheers,won,2017-07-17,2017-07-24,3363.0
OO3BM7A9,mg advanced,konex,won,2017-07-17,2017-11-03,3700.0
NYPU55W4,gtxpro,kan code,lost,2017-07-17,2017-11-01,0.0
VE334W2U,gtx basic,codehow,won,2017-07-17,2017-09-23,546.0
AX7WS66G,gtx basic,toughzap,won,2017-07-17,2017-07-24,617.0
OB8UCQ17,gtx basic,warephase,won,2017-07-17,2017-07-26,490.0
BV4JZ4G8,gtx basic,konex,lost,2017-07-17,2017-07-19,0.0
8CV5MZWW,gtx basic,nam zim,lost,2017-07-17,2017-07-21,0.0
3L965RUK,mg advanced,kan code,won,2017-07-17,2017-07-26,3665.0
RZ8HI1Y5,gtx plus basic,warephase,lost,2017-07-17,2017-07-24,0.0
IYKSBD0U,mg advanced,hatfan,lost,2017-07-17,2017-07-18,0.0
YVGDC8L2,mg special,rangreen,won,2017-07-17,2017-07-26,53.0
JZU0JH07,gtx plus basic,finjob,lost,2017-07-17,2017-09-28,0.0
ZEWNPF3K,gtx plus basic,singletechno,won,2017-07-17,2017-11-13,1075.0
6T64JWH9,gtxpro,sonron,won,2017-07-17,2017-07-25,4683.0
E7RTG575,gtx plus basic,statholdings,won,2017-07-17,2017-07-27,1114.0
I9U5PCM3,gtxpro,betasoloin,won,2017-07-17,2017-11-17,5452.0
H1Y2W48V,gtxpro,groovestreet,won,2017-07-17,2017-09-07,5561.0
YFNRXR7X,mg special,plussunin,won,2017-07-17,2017-07-25,57.0
9MZPL59I,mg special,streethex,lost,2017-07-17,2017-08-03,0.0
7A3R2M9T,gtx plus pro,sonron,engaging,2017-07-17,,
1RL933VJ,gtxpro,kan code,lost,2017-07-17,2017-09-22,0.0
GAE0E4RI,mg advanced,cheers,lost,2017-07-17,2017-07-29,0.0
VBN56JMP,gtx basic,goodsilron,won,2017-07-17,2017-07-18,496.0
7ITUU2YO,gtxpro,lexiqvolax,won,2017-07-17,2017-09-17,5054.0
NDLX894H,mg special,bluth company,lost,2017-07-17,2017-07-18,0.0
6ALH2N0I,mg special,gekko co,won,2017-07-17,2017-08-20,55.0
G8XGVIG2,gtx plus basic,lexiqvolax,lost,2017-07-17,2017-07-26,0.0
HCR2GJ3O,gtxpro,xx holding,lost,2017-07-17,2017-07-27,0.0
QABD6SAS,gtx plus basic,singletechno,won,2017-07-17,2017-09-21,1064.0
GUJCRHYU,gtxpro,goodsilron,won,2017-07-17,2017-07-28,5268.0
SHKTBB71,mg special,condax,won,2017-07-18,2017-07-27,54.0
G0L0B1QC,mg advanced,opentech,won,2017-07-18,2017-07-28,3407.0
O28I4VDY,gtx plus basic,,engaging,2017-07-18,,
3YC624RD,gtx basic,bubba gump,lost,2017-07-18,2017-08-05,0.0
715TBGPE,gtxpro,rundofase,lost,2017-07-18,2017-08-30,0.0
1Q3JQFAU,mg special,dambase,lost,2017-07-18,2017-07-26,0.0
O3K5RKMI,gtx plus basic,treequote,won,2017-07-18,2017-07-19,752.0
75P6HFA0,mg advanced,statholdings,won,2017-07-18,2017-09-03,3727.0
NE0XCH5E,mg special,condax,lost,2017-07-18,2017-07-31,0.0
W01768VM,gtx basic,zoomit,won,2017-07-18,2017-07-28,532.0
38CPLDAR,gtx plus pro,xx zobam,lost,2017-07-18,2017-07-30,0.0
TZRNKT72,gtx plus pro,hottechi,lost,2017-07-18,2017-07-23,0.0
4LXAW8CH,gtx plus pro,inity,lost,2017-07-18,2017-08-07,0.0
GOGIZWW6,mg advanced,condax,won,2017-07-18,2017-09-27,3139.0
DOPOI0R5,mg advanced,finjob,won,2017-07-18,2017-07-28,3403.0
XRWMLGOG,mg advanced,,engaging,2017-07-18,,
69V1WQLK,gtx plus pro,plusstrip,won,2017-07-18,2017-07-27,5440.0
FEDXQCKJ,gtx plus pro,globex corporation,won,2017-07-18,2017-07-26,5698.0
MIXJ9F4F,gtx plus basic,,engaging,2017-07-18,,
RSP75BOI,gtx plus pro,streethex,lost,2017-07-18,2017-07-19,0.0
CKDPWHTZ,gtx basic,genco pura olive oil company,won,2017-07-18,2017-07-28,563.0
ECBFFQL0,gtx basic,stanredtax,lost,2017-07-18,2017-07-28,0.0
Z8HW4Z9W,gtx basic,kan code,lost,2017-07-18,2017-07-26,0.0
0KVZKA5T,mg special,konex,lost,2017-07-18,2017-07-25,0.0
944H7LRC,gtx plus pro,sonron,won,2017-07-18,2017-07-27,4673.0
F0OWRRLN,mg advanced,konex,won,2017-07-18,2017-07-28,3405.0
39EYEBMK,gtx basic,,engaging,2017-07-18,,
P4RLJHR3,gtx basic,umbrella corporation,won,2017-07-18,2017-11-15,566.0
M10S36W3,gtx plus pro,konex,won,2017-07-18,2017-11-06,5559.0
HT8UEA0H,gtxpro,scotfind,lost,2017-07-18,2017-07-25,0.0
GR6C7GQ9,gtxpro,goodsilron,won,2017-07-18,2017-09-16,4797.0
LAYVBSH4,gtx basic,,engaging,2017-07-19,,
055Z2OAS,mg special,dontechi,engaging,2017-07-19,,
Q9VC6GV0,mg special,konmatfix,engaging,2017-07-19,,
G11DEJSL,mg special,dontechi,lost,2017-07-19,2017-07-30,0.0
BP45IP77,mg special,betatech,won,2017-07-19,2017-07-25,53.0
3XJI7AD8,mg advanced,zotware,lost,2017-07-19,2017-09-27,0.0
8D8JOXP6,mg special,,engaging,2017-07-19,,
IPHP2GVT,mg special,,engaging,2017-07-19,,
XP7YG96H,gtx plus basic,donquadtech,won,2017-07-19,2017-07-30,955.0
GP4JNSJY,gtx plus pro,yearin,lost,2017-07-19,2017-07-30,0.0
X8M3SCVF,gtx basic,,engaging,2017-07-19,,
I3KQNE9V,gtx plus pro,isdom,engaging,2017-07-19,,
NU4ACGMY,gtxpro,,engaging,2017-07-19,,
EBVL81O5,gtxpro,betatech,lost,2017-07-19,2017-07-22,0.0
NDHQMBA0,gtx plus basic,globex corporation,won,2017-07-19,2017-08-03,1060.0
XV03TJV1,gtxpro,gogozoom,won,2017-07-19,2017-07-26,5401.0
CCLIVXMG,gtxpro,,engaging,2017-07-19,,
FQ5A489H,gtx plus pro,kan code,won,2017-07-19,2017-07-26,4895.0
3PZ6Y6AJ,gtx plus pro,treequote,won,2017-07-19,2017-07-21,4907.0
LDK61ORQ,mg special,xx zobam,engaging,2017-07-19,,
564Y2IOV,mg advanced,y corporation,lost,2017-07-19,2017-07-29,0.0
W7VULS00,gtx plus basic,sunnamplex,won,2017-07-19,2017-09-30,1170.0
PLW3NMLJ,mg advanced,faxquote,won,2017-07-19,2017-07-28,2718.0
MMVGTXDB,mg special,plusstrip,lost,2017-07-19,2017-08-30,0.0
PQOHTS9I,gtxpro,inity,engaging,2017-07-19,,
6UCZ36IC,gtx basic,kan code,lost,2017-07-19,2017-11-04,0.0
4IC989F8,gtx basic,green plus,lost,2017-07-19,2017-07-30,0.0
Y5FM7TJT,mg special,plexzap,lost,2017-07-19,2017-07-21,0.0
OB3K0SVW,gtx basic,goodsilron,won,2017-07-19,2017-08-08,624.0
LORMJLTE,gtx plus basic,konmatfix,engaging,2017-07-19,,
HIVUC1C4,mg special,,engaging,2017-07-19,,
WWOCI25Z,gtx plus pro,isdom,lost,2017-07-19,2017-07-30,0.0
1UFFP5T3,mg advanced,cancity,lost,2017-07-19,2017-08-02,0.0
ALMZ6ZUI,gtx basic,genco pura olive oil company,won,2017-07-19,2017-07-29,537.0
B4UIGJRX,gtx plus basic,dontechi,won,2017-07-19,2017-07-30,1089.0
ZCAEQT06,mg advanced,codehow,won,2017-07-19,2017-07-27,3352.0
XBO6IN0E,gtxpro,rantouch,lost,2017-07-19,2017-11-01,0.0
U1SBKB0U,gtx basic,singletechno,won,2017-07-19,2017-07-23,535.0
E3XLWCWX,gtx plus pro,ontomedia,engaging,2017-07-19,,
7LD79NYD,mg advanced,,engaging,2017-07-19,,
8S7IAR2D,gtx basic,rangreen,won,2017-07-19,2017-09-25,571.0
RWQKOD1W,mg advanced,cheers,won,2017-07-19,2017-09-29,3535.0
BKOWQMMV,gtx basic,,engaging,2017-07-19,,
6TOOTFQV,mg advanced,bioholding,won,2017-07-19,2017-07-27,3985.0
2WDSO6PG,gtx basic,hatfan,engaging,2017-07-19,,
I776MNA8,mg advanced,massive dynamic,won,2017-07-19,2017-07-21,3568.0
IQFDPIND,gtx basic,,engaging,2017-07-19,,
VG17J29L,mg special,bioholding,lost,2017-07-19,2017-07-29,0.0
F7R8ICT8,mg special,funholding,won,2017-07-19,2017-07-27,65.0
KULR6FMD,mg special,funholding,won,2017-07-19,2017-07-25,47.0
JHCA115A,gtxpro,green plus,engaging,2017-07-19,,
DMG5EOFC,mg advanced,lexiqvolax,engaging,2017-07-19,,
ZGFB0IF1,gtx plus basic,,engaging,2017-07-20,,
LD4F6QTP,gtx plus pro,groovestreet,engaging,2017-07-20,,
1FEHFRKX,gtx plus pro,labdrill,engaging,2017-07-20,,
DNBR1VHP,mg special,silis,engaging,2017-07-20,,
1R2CLEGQ,mg special,,engaging,2017-07-20,,
KOG75BRP,gtx plus basic,ron tech,lost,2017-07-20,2017-11-11,0.0
SV3T5L5N,gtx plus basic,ron tech,won,2017-07-20,2017-07-21,1160.0
THRXY3SV,gtx plus pro,stanredtax,won,2017-07-20,2017-08-23,5847.0
9BFHDZOK,mg advanced,kan code,lost,2017-07-20,2017-07-30,0.0
IHOU09D6,gtx plus basic,yearin,won,2017-07-20,2017-09-20,1029.0
BJWS06GX,gtx plus pro,ontomedia,lost,2017-07-20,2017-07-21,0.0
4IVW7F68,gtxpro,donquadtech,lost,2017-07-20,2017-07-31,0.0
NSO0UHK1,gtx plus basic,,engaging,2017-07-20,,
ROSYV895,mg advanced,konex,lost,2017-07-20,2017-11-09,0.0
LHBWJAD3,gtx plus basic,,engaging,2017-07-20,,
KRWKDPWW,gtx plus basic,,engaging,2017-07-20,,
6V7FT2YU,gtxpro,,engaging,2017-07-20,,
3V7Q3G52,gtxpro,funholding,lost,2017-07-20,2017-07-28,0.0
4U3OSLNM,gtxpro,gogozoom,lost,2017-07-20,2017-07-28,0.0
LX4D50OF,gtxpro,rangreen,lost,2017-07-20,2017-08-04,0.0
CWBHL1S7,gtxpro,stanredtax,lost,2017-07-20,2017-07-28,0.0
FCBBJJIJ,mg advanced,bioholding,lost,2017-07-20,2017-07-23,0.0
1D1L6FJX,gtxpro,treequote,won,2017-07-20,2017-08-17,5058.0
L2P99XIG,gtx plus basic,gekko co,lost,2017-07-20,2017-09-21,0.0
DEN2BPRR,gtxpro,silis,lost,2017-07-20,2017-09-27,0.0
1QGOH13Z,gtxpro,zathunicon,lost,2017-07-20,2017-07-28,0.0
PCTOIQZA,mg advanced,rangreen,won,2017-07-20,2017-11-14,3552.0
OI3UIKVF,gtx plus basic,konmatfix,engaging,2017-07-20,,
8AK1G9IT,gtx plus pro,kan code,won,2017-07-20,2017-11-08,5526.0
GY10EROJ,gtx basic,cheers,engaging,2017-07-20,,
90G292UY,gtx basic,,engaging,2017-07-20,,
JDHHDOX8,gtx basic,,engaging,2017-07-20,,
KTWP0SMT,gtx basic,,engaging,2017-07-20,,
29W6WPLA,gtx plus basic,gekko co,engaging,2017-07-20,,
CDVDL9I5,gtx plus basic,,engaging,2017-07-20,,
PJ75Q8VM,gtxpro,,engaging,2017-07-20,,
0NSRB3EO,mg special,,engaging,2017-07-20,,
TDJ3N8EJ,mg advanced,kinnamplus,engaging,2017-07-20,,
AEMGFUYH,gtxpro,plexzap,won,2017-07-20,2017-07-26,4428.0
7439NGIG,gtxpro,sumace,engaging,2017-07-20,,
6GLF0PU0,gtx basic,singletechno,won,2017-07-20,2017-07-27,523.0
3JW6CZ7K,gtx basic,,engaging,2017-07-20,,
F3EOBN5A,gtx plus pro,genco pura olive oil company,engaging,2017-07-20,,
AERVH1AC,gtx plus basic,,engaging,2017-07-20,,
BBOWBQA6,gtx plus pro,blackzim,engaging,2017-07-20,,
908W84Y6,gtx plus basic,mathtouch,lost,2017-07-20,2017-07-22,0.0
48CVYAIE,gtx plus pro,plussunin,lost,2017-07-20,2017-07-30,0.0
ULY6LFT1,gtxpro,mathtouch,won,2017-07-20,2017-07-31,5392.0
IYDR200I,gtx basic,finjob,lost,2017-07-20,2017-07-27,0.0
2QHB4SYK,mg special,zencorporation,won,2017-07-20,2017-07-28,55.0
GEQ7KT9J,gtx plus basic,plussunin,engaging,2017-07-20,,
S50ETCN7,gtx plus basic,,engaging,2017-07-21,,
0KRVN3V5,mg advanced,hatfan,engaging,2017-07-21,,
JNDSA5B4,gtx basic,treequote,lost,2017-07-21,2017-11-06,0.0
L3DT2WVO,gtxpro,gekko co,won,2017-07-21,2017-11-20,4197.0
OCMCRBJR,mg advanced,mathtouch,won,2017-07-21,2017-09-18,3830.0
II0SKLFO,gtx basic,donware,won,2017-07-21,2017-07-30,494.0
UJ58VMZT,gtx plus basic,,engaging,2017-07-21,,
E8GD44YC,gtx plus basic,,engaging,2017-07-21,,
A3T91VUM,mg special,,engaging,2017-07-21,,
LIYJSU0E,gtx plus pro,konex,won,2017-07-21,2017-07-22,5118.0
S6YZO6UQ,gtxpro,,engaging,2017-07-21,,
PI45UJKA,gtxpro,,engaging,2017-07-21,,
T9QD8U1Y,mg special,betasoloin,engaging,2017-07-21,,
WLDFQR7Z,mg advanced,bubba gump,engaging,2017-07-21,,
PNISVWNN,mg advanced,scotfind,engaging,2017-07-21,,
SEDTNUD7,gtx plus basic,toughzap,won,2017-07-21,2017-07-28,1000.0
9UO306XU,gtxpro,conecom,won,2017-07-21,2017-07-26,5347.0
GN16L9RW,gtx basic,ganjaflex,lost,2017-07-21,2017-07-22,0.0
GVRA1VJJ,gtx basic,sumace,lost,2017-07-21,2017-07-29,0.0
TBXMDI2Q,gtx plus pro,plussunin,won,2017-07-21,2017-08-23,5340.0
0HVUV9OY,gtx basic,,engaging,2017-07-21,,
GVJFKHNL,mg special,silis,engaging,2017-07-21,,
COSC7XVA,mg advanced,,engaging,2017-07-21,,
L6CE1E4L,gtx basic,streethex,lost,2017-07-21,2017-11-17,0.0
RNCYPVJO,mg advanced,stanredtax,won,2017-07-21,2017-07-31,2970.0
9UTOQBAH,gtxpro,rantouch,lost,2017-07-21,2017-07-28,0.0
WARBRUXU,gtx basic,stanredtax,engaging,2017-07-21,,
02K37JAK,gtx plus basic,,engaging,2017-07-21,,
6F5TIV66,gtx plus basic,,engaging,2017-07-21,,
HTEAOHFO,gtx basic,,engaging,2017-07-21,,
PAUXUGK3,gtx plus basic,sonron,won,2017-07-21,2017-07-30,997.0
VJ9K12PY,mg special,,engaging,2017-07-21,,
HWY9HTK2,gtx plus basic,funholding,lost,2017-07-21,2017-07-29,0.0
983QHALZ,mg advanced,stanredtax,lost,2017-07-21,2017-07-30,0.0
MV7I9RKH,gtx plus basic,treequote,engaging,2017-07-21,,
CBQRKYZP,gtx plus pro,silis,engaging,2017-07-21,,
ETLF2H4K,gtx plus basic,,engaging,2017-07-21,,
XVB2CGL6,gtxpro,,engaging,2017-07-21,,
GE4QGOCI,mg special,,engaging,2017-07-21,,
P5B6BZWO,gtx basic,finhigh,won,2017-07-21,2017-07-30,526.0
F7ZPP0C4,gtx plus pro,codehow,lost,2017-07-21,2017-07-28,0.0
N0UCNVKJ,gtx basic,dontechi,won,2017-07-21,2017-07-30,418.0
5OAWTEIU,mg special,streethex,won,2017-07-21,2017-07-28,54.0
55NG8O95,gtx basic,groovestreet,won,2017-07-21,2017-09-07,622.0
DL3Q5HAD,gtx plus pro,umbrella corporation,won,2017-07-21,2017-08-23,4930.0
3YDXZ4FA,gtx plus pro,,engaging,2017-07-21,,
EUBMHJGQ,mg special,hottechi,engaging,2017-07-21,,
0T9EBKZL,mg special,scottech,won,2017-07-21,2017-07-28,51.0
6KOHYTT4,mg advanced,betatech,won,2017-07-21,2017-07-30,3167.0
3L8ECZK8,mg advanced,globex corporation,won,2017-07-21,2017-09-27,3038.0
R69OYH4Z,gtxpro,umbrella corporation,engaging,2017-07-21,,
S0Z4QVL2,gtxpro,,engaging,2017-07-21,,
JAH8NGC2,mg advanced,xx holding,won,2017-07-21,2017-09-24,2851.0
I9SPENCQ,gtx plus basic,cheers,engaging,2017-07-21,,
REAFB3C3,gtx basic,,engaging,2017-07-21,,
0Z8ZAS2M,gtx basic,,engaging,2017-07-21,,
VRCYXSP1,gtx basic,,engaging,2017-07-21,,
93818DZF,gtx basic,dalttechnology,lost,2017-07-21,2017-11-18,0.0
7B3DXNZL,gtxpro,doncon,won,2017-07-21,2017-07-22,5283.0
DZAFN4I1,mg special,doncon,won,2017-07-21,2017-07-23,49.0
QRR70537,gtx basic,,engaging,2017-07-22,,
T4AW06MM,gtx plus pro,,engaging,2017-07-22,,
FEFNNXH1,mg special,singletechno,engaging,2017-07-22,,
3DATPTEH,mg special,,engaging,2017-07-22,,
FT5U6NIG,mg special,,engaging,2017-07-22,,
RQF6II3D,mg special,,engaging,2017-07-22,,
E9J482PX,mg advanced,,engaging,2017-07-22,,
RZYCBSQN,gtx plus basic,condax,lost,2017-07-22,2017-07-29,0.0
84BIAFGY,mg advanced,statholdings,lost,2017-07-22,2017-11-03,0.0
YQACOZV4,gtx plus basic,xx zobam,lost,2017-07-22,2017-09-12,0.0
DNIX6FCG,mg special,gekko co,lost,2017-07-22,2017-07-27,0.0
6U7RD3TG,mg advanced,initech,won,2017-07-22,2017-07-23,3684.0
610D6711,mg advanced,silis,won,2017-07-22,2017-11-23,2986.0
8QDSXHQ8,gtx basic,,engaging,2017-07-22,,
5DQZSOBE,gtx plus basic,,engaging,2017-07-22,,
OT5G3M9A,mg advanced,treequote,engaging,2017-07-22,,
3Z5NBGAT,mg special,stanredtax,won,2017-07-22,2017-07-23,50.0
WNRDPS5I,gtxpro,donware,lost,2017-07-22,2017-08-02,0.0
ZUSDWKSM,gtxpro,ganjaflex,lost,2017-07-22,2017-07-29,0.0
TQQDICC6,gtx basic,,engaging,2017-07-22,,
P66UXGPS,gtx plus basic,,engaging,2017-07-22,,
FY5MBCWQ,gtxpro,,engaging,2017-07-22,,
UAX2OR58,mg special,,engaging,2017-07-22,,
NK1TQTYO,gtxpro,streethex,lost,2017-07-22,2017-07-24,0.0
676KO0LG,gtx plus basic,gogozoom,won,2017-07-22,2017-07-29,927.0
D6PFP040,gtxpro,dambase,won,2017-07-22,2017-09-05,5113.0
MHMD41XY,mg special,blackzim,won,2017-07-22,2017-07-23,51.0
YBY3PA1S,gtx basic,,engaging,2017-07-22,,
751V8OFM,gtx plus basic,funholding,engaging,2017-07-22,,
33BMGHPN,mg special,opentech,engaging,2017-07-22,,
XNHTLVT1,mg special,,engaging,2017-07-22,,
8TFYRWZ6,mg advanced,mathtouch,engaging,2017-07-22,,
LRLER1XS,mg special,finjob,won,2017-07-22,2017-09-14,64.0
E26Z10W7,mg special,,engaging,2017-07-22,,
ZTQD4PLQ,gtx plus basic,,engaging,2017-07-22,,
4RWE00T8,gtx basic,rundofase,lost,2017-07-22,2017-11-05,0.0
P3XN6SXX,gtx plus basic,domzoom,lost,2017-07-22,2017-07-24,0.0
L65X2CDL,gtxpro,hottechi,lost,2017-07-22,2017-11-12,0.0
12HRYJQH,gtx basic,konex,won,2017-07-22,2017-07-23,442.0
2CZUU9E0,gtx basic,,engaging,2017-07-22,,
I2ESAAIK,gtx plus basic,,engaging,2017-07-22,,
IMLG35AP,gtx plus pro,,engaging,2017-07-22,,
0T2CY70E,mg advanced,,engaging,2017-07-22,,
5ZA8MURX,gtxpro,fasehatice,lost,2017-07-22,2017-07-30,0.0
Y7AC2LSL,mg advanced,blackzim,won,2017-07-22,2017-09-30,3015.0
ME2X1TEG,mg advanced,cancity,lost,2017-07-22,2017-07-24,0.0
30KP0JMN,gtx plus pro,xx holding,lost,2017-07-22,2017-07-23,0.0
AWCGYWTE,mg special,kinnamplus,engaging,2017-07-22,,
UJTU7DUB,mg special,,engaging,2017-07-22,,
JOLNKYNH,mg advanced,,engaging,2017-07-22,,
TV2M081C,mg advanced,,engaging,2017-07-22,,
SJGOQMLT,mg advanced,,engaging,2017-07-22,,
BG156UAV,mg advanced,condax,lost,2017-07-22,2017-07-23,0.0
S7T5AHQH,gtx plus basic,stanredtax,won,2017-07-22,2017-07-23,1174.0
48UPZJ45,mg advanced,rangreen,won,2017-07-22,2017-09-28,3696.0
T0SO96YG,gtx basic,mathtouch,lost,2017-07-22,2017-07-30,0.0
YCQABCDI,mg advanced,betasoloin,won,2017-07-22,2017-11-03,3252.0
MM79TSUR,mg special,,engaging,2017-07-22,,
INLVV78V,mg special,,engaging,2017-07-22,,
4JTH72JR,mg special,,engaging,2017-07-22,,
TTKPNDTP,mg advanced,,engaging,2017-07-22,,
8JZ4R9BW,mg special,genco pura olive oil company,lost,2017-07-22,2017-11-04,0.0
PTFOEUO4,mg special,globex corporation,lost,2017-07-22,2017-07-23,0.0
ZCCBTBIQ,gtxpro,doncon,lost,2017-07-22,2017-07-23,0.0
1TJ6WP5R,mg special,hottechi,won,2017-07-22,2017-09-23,65.0
QELHQ898,gtx plus basic,statholdings,engaging,2017-07-22,,
J732416R,mg special,,engaging,2017-07-23,,
IAUXJ05J,mg special,,engaging,2017-07-23,,
G7H64S20,mg advanced,,engaging,2017-07-23,,
9Q7NSPTF,gtx plus pro,,engaging,2017-07-23,,
WHF75273,gtx plus basic,yearin,won,2017-07-23,2017-09-05,904.0
AH58AQ3B,gtx basic,toughzap,won,2017-07-23,2017-07-24,541.0
292W4P09,gtx basic,kinnamplus,won,2017-07-23,2017-07-25,630.0
MG0LTCCE,gtx plus basic,xx zobam,won,2017-07-23,2017-07-30,1231.0
ZRCQXB38,gtx basic,,engaging,2017-07-23,,
EJJCUJ3P,gtx plus basic,,engaging,2017-07-23,,
ODFL6HOF,gtx plus basic,,engaging,2017-07-23,,
Q1HNDPKW,gtxpro,,engaging,2017-07-23,,
ANNUH4KM,gtx basic,domzoom,won,2017-07-23,2017-11-20,556.0
L3V8UK9H,gtx plus basic,stanredtax,won,2017-07-23,2017-07-31,1070.0
2CRE26AC,mg special,newex,won,2017-07-23,2017-07-25,57.0
6GG9CSTV,mg special,,engaging,2017-07-23,,
5WSQ6D2E,mg special,,engaging,2017-07-23,,
3J1LNCA4,gtx plus basic,hatfan,lost,2017-07-23,2017-07-31,0.0
4PDYHVX1,gtx plus pro,j texon,won,2017-07-23,2017-07-25,4824.0
BICJY3FZ,gtx plus pro,streethex,won,2017-07-23,2017-11-19,6049.0
4P12PLQA,mg special,doncon,won,2017-07-23,2017-07-28,58.0
4942W0E7,mg advanced,konex,won,2017-07-23,2017-08-20,3335.0
TGTJ0NBT,gtx plus basic,doncon,lost,2017-07-23,2017-07-30,0.0
K6MTPSB5,gtx basic,,engaging,2017-07-23,,
D2QPN9LN,gtx basic,,engaging,2017-07-23,,
021Z2J9L,gtk 500,rundofase,engaging,2017-07-23,,
W8W6N0LL,gtxpro,kan code,lost,2017-07-23,2017-11-07,0.0
SEF4LOIS,gtx plus basic,dontechi,lost,2017-07-23,2017-07-25,0.0
BNIU5YZ2,gtx plus basic,toughzap,won,2017-07-23,2017-08-07,1006.0
CPK36NED,mg advanced,streethex,won,2017-07-23,2017-08-02,3367.0
VYWQ3U5S,gtx basic,finjob,lost,2017-07-23,2017-11-10,0.0
HDWQM6JT,gtx plus basic,sonron,lost,2017-07-23,2017-07-28,0.0
EYBMEX1Z,gtx basic,,engaging,2017-07-23,,
T0MUE2H7,mg special,statholdings,lost,2017-07-23,2017-08-06,0.0
G1M1KVHU,gtx plus basic,xx zobam,engaging,2017-07-23,,
LXS3Z82E,mg advanced,,engaging,2017-07-23,,
ZDRRL61D,gtx plus basic,cancity,lost,2017-07-23,2017-07-25,0.0
YRWX35AS,gtxpro,ontomedia,lost,2017-07-23,2017-07-31,0.0
YT5I3AUS,gtx basic,xx zobam,won,2017-07-23,2017-07-31,494.0
IS8Z2CQA,gtxpro,ontomedia,won,2017-07-23,2017-07-30,4434.0
S3LATQVJ,gtx plus basic,kinnamplus,engaging,2017-07-23,,
P3Z2LYCL,mg special,,engaging,2017-07-23,,
LPR6G7AE,mg special,treequote,lost,2017-07-23,2017-07-28,0.0
CJAQVPDP,mg advanced,zumgoity,lost,2017-07-23,2017-09-05,0.0
757V8R2Z,mg special,initech,won,2017-07-23,2017-09-01,54.0
7KUYF1U3,mg special,kan code,won,2017-07-23,2017-08-06,48.0
7QE84GCH,mg advanced,donware,won,2017-07-23,2017-09-12,2855.0
1WA46LC9,gtx basic,kinnamplus,won,2017-07-23,2017-07-30,538.0
MIGDLH14,gtx basic,,engaging,2017-07-23,,
L9CJZZ59,gtx plus pro,j texon,lost,2017-07-23,2017-09-29,0.0
7FZ9CBZ3,gtx plus pro,scotfind,engaging,2017-07-24,,
513PSPBN,gtx plus pro,,engaging,2017-07-24,,
JWUWBI4D,gtx plus pro,funholding,lost,2017-07-24,2017-09-03,0.0
11LIZUQE,mg advanced,,engaging,2017-07-24,,
GHB3UIDV,gtx basic,zotware,won,2017-07-24,2017-07-26,458.0
0TC6I9SJ,gtxpro,dontechi,engaging,2017-07-24,,
WGFTBY3W,gtxpro,,engaging,2017-07-24,,
NCCB118E,gtxpro,,engaging,2017-07-24,,
WSQHC199,mg special,,engaging,2017-07-24,,
VV6T07G4,mg advanced,,engaging,2017-07-24,,
23R03LTJ,gtx plus basic,warephase,won,2017-07-24,2017-08-07,996.0
AHUTOSMS,gtxpro,genco pura olive oil company,won,2017-07-24,2017-07-31,4772.0
2T3QDLXY,gtxpro,initech,won,2017-07-24,2017-07-26,4490.0
J5DVK5F3,mg advanced,gekko co,won,2017-07-24,2017-11-02,3260.0
M3PCMYJ0,gtx basic,doncon,won,2017-07-24,2017-08-06,584.0
H5RRJOD9,mg advanced,kan code,won,2017-07-24,2017-07-30,3371.0
7OZ7L8BB,gtx basic,,engaging,2017-07-24,,
RTWAUR7C,gtx plus pro,y corporation,engaging,2017-07-24,,
BUQ655AB,gtxpro,condax,won,2017-07-24,2017-09-27,4868.0
QDNA6HW3,mg advanced,rangreen,won,2017-07-24,2017-08-07,3271.0
QGXJLNK1,gtx basic,,engaging,2017-07-24,,
T0VHKKCN,gtxpro,treequote,lost,2017-07-24,2017-07-25,0.0
E3Z74U5K,gtx basic,,engaging,2017-07-24,,
7R0TEEHW,mg special,condax,lost,2017-07-24,2017-08-28,0.0
Q3HHDSDS,gtx basic,,engaging,2017-07-24,,
0S6OQ9AO,gtx plus basic,,engaging,2017-07-24,,
CA3BRUJO,gtx plus basic,konmatfix,won,2017-07-24,2017-07-25,1171.0
7AFBJFP5,mg special,,engaging,2017-07-24,,
7MP6KLZO,gtx basic,goodsilron,engaging,2017-07-24,,
2TYZRE2R,mg special,massive dynamic,engaging,2017-07-24,,
U5K1Y35J,mg special,inity,won,2017-07-24,2017-07-25,58.0
H2FCUPHJ,gtxpro,,engaging,2017-07-24,,
Y7TVU9AY,gtx basic,streethex,lost,2017-07-24,2017-11-06,0.0
ZNZCBGN7,gtxpro,yearin,lost,2017-07-24,2017-07-26,0.0
IT2UBEW4,mg special,zotware,won,2017-07-24,2017-07-25,59.0
806KPNNN,gtx basic,zathunicon,engaging,2017-07-24,,
8Y4LJOJ0,gtx plus basic,,engaging,2017-07-24,,
Z7EBMMAE,mg special,,engaging,2017-07-24,,
KT4OEP4X,mg special,,engaging,2017-07-24,,
ODHVHXKS,mg special,,engaging,2017-07-24,,
SZS2IPM3,mg advanced,doncon,engaging,2017-07-24,,
YY2DWBG5,mg advanced,ron tech,engaging,2017-07-24,,
X19CKKZ1,mg special,hottechi,won,2017-07-24,2017-07-31,50.0
DZOLKFK6,gtx plus pro,hatfan,lost,2017-07-24,2017-11-21,0.0
H5E0GSHQ,mg special,kinnamplus,lost,2017-07-24,2017-07-30,0.0
P91SQBST,mg special,dalttechnology,engaging,2017-07-25,,
4DLY9ZDH,mg advanced,dalttechnology,engaging,2017-07-25,,
ZNEQXZZK,mg advanced,donquadtech,engaging,2017-07-25,,
CBPVAIQ7,gtx basic,opentech,lost,2017-07-25,2017-08-03,0.0
JND57DH5,mg special,iselectrics,won,2017-07-25,2017-08-01,48.0
8PUH80YZ,gtx basic,bubba gump,won,2017-07-25,2017-08-21,511.0
22WVAXR2,gtx plus basic,massive dynamic,won,2017-07-25,2017-07-29,1311.0
VVO21D4Z,gtx basic,,engaging,2017-07-25,,
SXFE42KG,mg advanced,gogozoom,engaging,2017-07-25,,
MA9SBSLE,mg special,dontechi,lost,2017-07-25,2017-07-27,0.0
PKRDEUWE,gtx basic,kan code,lost,2017-07-25,2017-08-02,0.0
LJ5FQGLZ,gtx plus pro,plussunin,won,2017-07-25,2017-07-27,6100.0
KMJMLQ4P,mg special,silis,won,2017-07-25,2017-08-01,61.0
APIB681L,gtx basic,,engaging,2017-07-25,,
TFSKOBH7,gtx basic,,engaging,2017-07-25,,
LUTZ8UQM,gtxpro,isdom,engaging,2017-07-25,,
1QKDD1OI,gtxpro,isdom,engaging,2017-07-25,,
2GFL3TAF,gtxpro,,engaging,2017-07-25,,
CUSWE9PB,gtxpro,,engaging,2017-07-25,,
XFCKQ7RI,mg advanced,,engaging,2017-07-25,,
94E71JAP,gtx plus basic,isdom,lost,2017-07-25,2017-11-13,0.0
VBVO5X8W,gtxpro,dambase,lost,2017-07-25,2017-08-08,0.0
6UUZ4IJ5,gtx basic,ron tech,won,2017-07-25,2017-08-03,528.0
6EXXL6M4,gtx basic,stanredtax,won,2017-07-25,2017-07-31,581.0
L9BTE2RA,gtx plus pro,toughzap,won,2017-07-25,2017-09-29,5947.0
EVU2E5ZZ,mg advanced,gekko co,lost,2017-07-25,2017-08-02,0.0
PQL5GITI,gtx basic,,engaging,2017-07-25,,
8AK3KGFA,mg advanced,,engaging,2017-07-25,,
PBTSZ2Q2,gtxpro,isdom,lost,2017-07-25,2017-11-05,0.0
7F2DDW3C,mg advanced,,engaging,2017-07-25,,
BEDNZXVE,gtx basic,,engaging,2017-07-25,,
D28ANNYX,gtx basic,green plus,won,2017-07-25,2017-12-02,508.0
CGFLLZZI,mg special,,engaging,2017-07-25,,
GZ6SFRAT,mg special,hottechi,engaging,2017-07-25,,
JH643YRI,mg advanced,umbrella corporation,engaging,2017-07-25,,
YCQTM2BQ,mg advanced,,engaging,2017-07-25,,
30OFYJUN,gtx basic,dontechi,lost,2017-07-25,2017-07-31,0.0
10ICDVM2,gtx basic,konmatfix,won,2017-07-25,2017-07-30,537.0
KUAZF4E7,gtx plus basic,blackzim,lost,2017-07-25,2017-11-27,0.0
Y3TOQUQI,gtx basic,zotware,engaging,2017-07-25,,
RV5Y8DRY,gtx plus pro,,engaging,2017-07-25,,
HJRM13DI,mg special,treequote,engaging,2017-07-25,,
IVANA47K,gtx plus basic,cancity,won,2017-07-25,2017-07-27,1031.0
G2XP6IGJ,gtx basic,,engaging,2017-07-25,,
MLD3WEJC,mg advanced,xx holding,engaging,2017-07-25,,
DZP0MNRM,gtx plus basic,konex,engaging,2017-07-25,,
OBC504T8,gtx plus basic,,engaging,2017-07-25,,
CMW6IQJI,mg advanced,faxquote,engaging,2017-07-25,,
4KP2GEFF,gtx plus basic,dambase,won,2017-07-25,2017-11-03,1077.0
8ODHXBNE,mg special,,engaging,2017-07-25,,
VO1YR5CY,gtx basic,,engaging,2017-07-25,,
FHPRER2D,mg special,sonron,engaging,2017-07-25,,
WOB1ULFR,mg advanced,dontechi,won,2017-07-25,2017-11-04,3306.0
7IKDD9UG,gtx basic,bioplex,won,2017-07-25,2017-07-26,491.0
UVCHXUIG,mg special,konmatfix,engaging,2017-07-26,,
V02WMIWK,mg special,,engaging,2017-07-26,,
59SUBXGP,mg special,streethex,won,2017-07-26,2017-12-02,53.0
37UCYEDY,gtx plus basic,bluth company,engaging,2017-07-26,,
TFL3C3JS,gtx plus pro,initech,won,2017-07-26,2017-09-27,5228.0
EM3NYEYC,gtx plus pro,domzoom,lost,2017-07-26,2017-07-31,0.0
1976N63N,gtx plus basic,kinnamplus,engaging,2017-07-26,,
7TFHGN6O,gtx plus pro,inity,engaging,2017-07-26,,
L6223VHA,gtxpro,sumace,engaging,2017-07-26,,
TJ7PNIXL,gtxpro,,engaging,2017-07-26,,
VMBM5EKL,gtxpro,,engaging,2017-07-26,,
8TD2LLOF,mg advanced,,engaging,2017-07-26,,
KPFV2AAL,gtxpro,streethex,lost,2017-07-26,2017-11-17,0.0
V2JOV5MF,gtxpro,domzoom,won,2017-07-26,2017-07-27,4677.0
DEVXF86R,gtx plus basic,acme corporation,lost,2017-07-26,2017-09-29,0.0
VA9AGU75,gtxpro,kan code,lost,2017-07-26,2017-09-26,0.0
0MKW8IPC,gtx basic,xx zobam,won,2017-07-26,2017-07-28,554.0
7RLLNAYC,mg special,,engaging,2017-07-26,,
BRDB1I76,mg special,,engaging,2017-07-26,,
EFKPYBI9,mg advanced,xx holding,engaging,2017-07-26,,
P8P9MKJL,gtx plus pro,dambase,won,2017-07-26,2017-09-23,5548.0
S7PY8R2V,mg advanced,funholding,won,2017-07-26,2017-07-28,3809.0
PW9DTZON,gtxpro,donquadtech,engaging,2017-07-26,,
G0DTQHIC,gtx basic,,engaging,2017-07-26,,
75WYC9TY,gtx basic,globex corporation,lost,2017-07-26,2017-07-30,0.0
FPLXC8Z3,gtx plus pro,,engaging,2017-07-26,,
CEWDZ3ZD,mg special,scotfind,won,2017-07-26,2017-08-10,53.0
OD895EQM,gtx plus pro,,engaging,2017-07-26,,
KPH05GU8,mg advanced,the new york inquirer,engaging,2017-07-26,,
VBB0LCEN,mg advanced,,engaging,2017-07-26,,
F56MSU4B,mg advanced,betatech,lost,2017-07-26,2017-07-30,0.0
BR18O9U1,gtx plus basic,ron tech,won,2017-07-26,2017-07-28,1044.0
88CM27UB,gtxpro,kan code,lost,2017-07-26,2017-07-30,0.0
IK7LMFER,mg special,,engaging,2017-07-26,,
P3K1DVYB,mg advanced,,engaging,2017-07-26,,
BB1PRS3T,mg advanced,,engaging,2017-07-26,,
WQ5U8PPM,gtx plus basic,umbrella corporation,engaging,2017-07-26,,
Q5GNQ823,gtxpro,,engaging,2017-07-26,,
BE0RAJF5,gtxpro,faxquote,lost,2017-07-26,2017-08-06,0.0
KO7UWLAU,mg advanced,xx zobam,won,2017-07-26,2017-07-28,3596.0
T50TV9SO,gtx basic,,engaging,2017-07-26,,
4SJGBWQL,gtx plus basic,hottechi,lost,2017-07-26,2017-07-27,0.0
AWFSNZ2U,gtx plus basic,singletechno,won,2017-07-26,2017-12-01,1091.0
S3E48VE0,gtxpro,plexzap,won,2017-07-26,2017-09-26,6000.0
N9GIC5PC,gtx plus pro,,engaging,2017-07-27,,
1T5WFCEJ,gtx plus pro,,engaging,2017-07-27,,
1XJFMYCW,mg special,golddex,engaging,2017-07-27,,
YYU1J6E1,mg special,,engaging,2017-07-27,,
SCR1IKLQ,gtx plus pro,bioholding,won,2017-07-27,2017-07-29,5068.0
IF8PILJR,mg special,globex corporation,won,2017-07-27,2017-07-29,46.0
2K52EH11,mg advanced,vehement capital partners,lost,2017-07-27,2017-12-12,0.0
KPYCCBQA,gtx plus basic,,engaging,2017-07-27,,
HTY5G7DI,mg advanced,scottech,won,2017-07-27,2017-08-02,3025.0
TX88GTDE,gtx plus basic,donware,lost,2017-07-27,2017-07-29,0.0
SSK95WLX,gtx plus basic,,engaging,2017-07-27,,
PQ104BT2,gtxpro,finjob,engaging,2017-07-27,,
GQ7H31ZJ,gtxpro,funholding,engaging,2017-07-27,,
9B7FS6YL,gtxpro,konex,engaging,2017-07-27,,
M6JT5RL8,gtxpro,,engaging,2017-07-27,,
45H84LNT,gtxpro,,engaging,2017-07-27,,
E8MIFXOH,gtxpro,,engaging,2017-07-27,,
UO8DLVVQ,gtxpro,,engaging,2017-07-27,,
R7H0M07R,mg advanced,,engaging,2017-07-27,,
JQ5AOYQ8,mg advanced,,engaging,2017-07-27,,
2GQH9FKJ,gtxpro,dambase,won,2017-07-27,2017-08-09,4790.0
MW3K8553,gtxpro,zumgoity,won,2017-07-27,2017-08-23,4861.0
G7RZTAMV,gtx plus pro,,engaging,2017-07-27,,
82K9NWKO,mg advanced,,engaging,2017-07-27,,
E41SDK40,gtx basic,cancity,lost,2017-07-27,2017-09-15,0.0
RFXH6VDX,gtx plus basic,,engaging,2017-07-27,,
RDFUGEA2,gtx basic,hottechi,won,2017-07-27,2017-09-15,586.0
64KHY8MT,gtx basic,,engaging,2017-07-27,,
5PWO4RPC,gtx basic,,engaging,2017-07-27,,
PU62ZGX4,gtx plus basic,singletechno,engaging,2017-07-27,,
EVDKJDY3,gtx plus basic,,engaging,2017-07-27,,
I8TEUO2C,gtx basic,scotfind,won,2017-07-27,2017-08-10,514.0
BY1TB6D2,gtxpro,konex,won,2017-07-27,2017-07-28,4209.0
WX546S1D,gtx basic,,engaging,2017-07-27,,
S2Y2Q1D2,gtx plus basic,singletechno,engaging,2017-07-27,,
PYRLUYIQ,gtx plus basic,y corporation,engaging,2017-07-27,,
2AMVTZLM,mg special,genco pura olive oil company,lost,2017-07-27,2017-08-01,0.0
8IOAX81S,gtx plus basic,domzoom,won,2017-07-27,2017-08-07,965.0
EN8JHUXA,gtx basic,,engaging,2017-07-27,,
I3IRJZRL,gtx basic,,engaging,2017-07-27,,
51H02FX1,mg special,,engaging,2017-07-27,,
9SRD5NCR,gtk 500,,engaging,2017-07-27,,
EYWL3H5G,gtx plus pro,newex,lost,2017-07-27,2017-07-28,0.0
18YA4UUP,gtx plus pro,xx zobam,engaging,2017-07-27,,
WVT3X6IC,mg special,,engaging,2017-07-27,,
YUGFGRUT,gtx basic,groovestreet,won,2017-07-27,2017-08-06,651.0
VD2KHXRY,gtxpro,toughzap,engaging,2017-07-27,,
P7MSQO38,gtx basic,yearin,engaging,2017-07-28,,
10QE4JCA,mg special,,engaging,2017-07-28,,
O6B0YK1X,mg advanced,conecom,lost,2017-07-28,2017-08-03,0.0
DXRG254A,gtx basic,,engaging,2017-07-28,,
NLWICKPS,gtx plus basic,umbrella corporation,lost,2017-07-28,2017-11-07,0.0
Z6FPHRV7,gtx basic,ganjaflex,won,2017-07-28,2017-11-11,550.0
X33HL9WS,gtx plus basic,,engaging,2017-07-28,,
9Z2WTTNY,gtx plus basic,statholdings,engaging,2017-07-28,,
ZJLW1OPF,gtxpro,xx zobam,engaging,2017-07-28,,
Q62JFLLD,gtxpro,,engaging,2017-07-28,,
3PPHOXTT,mg special,,engaging,2017-07-28,,
LJ59Y2TK,gtxpro,ron tech,lost,2017-07-28,2017-07-29,0.0
80S3ED8B,gtx basic,conecom,won,2017-07-28,2017-08-23,589.0
2IKGOPW1,gtxpro,inity,won,2017-07-28,2017-07-30,4387.0
7Y10BR02,gtxpro,streethex,won,2017-07-28,2017-07-30,4555.0
4L8RQVL9,gtxpro,massive dynamic,lost,2017-07-28,2017-08-06,0.0
9T954T67,gtx basic,green plus,won,2017-07-28,2017-07-29,514.0
N07XYH50,gtxpro,newex,engaging,2017-07-28,,
CEOEM2MY,gtx plus basic,nam zim,lost,2017-07-28,2017-07-29,0.0
VIFA2I18,gtx basic,,engaging,2017-07-28,,
7K31BXX3,gtxpro,,engaging,2017-07-28,,
I5FVCO24,gtxpro,cancity,won,2017-07-28,2017-07-29,4671.0
WTG4IAG0,mg special,labdrill,lost,2017-07-28,2017-07-29,0.0
NFKUICVA,gtx basic,singletechno,won,2017-07-28,2017-11-15,518.0
V3G1HBTZ,gtx basic,nam zim,engaging,2017-07-28,,
XV41LZYE,gtx basic,,engaging,2017-07-28,,
0RI2I8ZL,gtx basic,,engaging,2017-07-28,,
7W9S4DCZ,mg special,dalttechnology,engaging,2017-07-28,,
3L3W9W8I,gtx basic,,engaging,2017-07-28,,
WL6CZ7N4,gtx plus basic,,engaging,2017-07-28,,
8UCQBI6J,gtxpro,cancity,won,2017-07-28,2017-07-29,4172.0
M5FP7HGQ,mg special,,engaging,2017-07-28,,
Q8Q4R3SW,gtx plus pro,dambase,lost,2017-07-28,2017-08-10,0.0
SJ3QA8KP,mg advanced,treequote,engaging,2017-07-28,,
BZNGP0DN,mg special,massive dynamic,won,2017-07-28,2017-08-10,53.0
M2ZRU2UH,gtx basic,,engaging,2017-07-28,,
Z31RDLIF,mg advanced,gekko co,lost,2017-07-28,2017-11-27,0.0
NX2EICNQ,gtx basic,kan code,engaging,2017-07-28,,
E4KNZB95,mg special,bioholding,won,2017-07-28,2017-08-19,53.0
PJDA3RWU,mg special,condax,won,2017-07-28,2017-08-03,60.0
YUORNX7C,mg special,inity,won,2017-07-28,2017-11-01,53.0
0WJLKMUA,gtxpro,acme corporation,lost,2017-07-28,2017-07-29,0.0
7XP06LUZ,mg special,zathunicon,lost,2017-07-28,2017-12-02,0.0
5BT0Y4MB,gtx basic,green plus,lost,2017-07-28,2017-07-30,0.0
T0TDA2O1,gtx plus pro,,engaging,2017-07-29,,
B1ZN2CFP,mg advanced,,engaging,2017-07-29,,
WCCEBK6E,gtx plus pro,isdom,won,2017-07-29,2017-08-05,4603.0
3A2CCWEG,mg special,,engaging,2017-07-29,,
5SCMRQ9N,gtx basic,finhigh,won,2017-07-29,2017-09-05,610.0
4QQOSYGL,mg advanced,,engaging,2017-07-29,,
A3I4JHP0,gtx plus basic,konex,won,2017-07-29,2017-08-06,1189.0
NJNY07JZ,gtx basic,codehow,engaging,2017-07-29,,
UWI771ZX,gtx plus basic,,engaging,2017-07-29,,
YI1V6SOX,gtxpro,the new york inquirer,engaging,2017-07-29,,
PNTHPFHY,gtxpro,,engaging,2017-07-29,,
2I7IFY8D,gtxpro,,engaging,2017-07-29,,
T1SITEI0,mg special,singletechno,engaging,2017-07-29,,
DOVFYIIO,gtxpro,massive dynamic,lost,2017-07-29,2017-07-30,0.0
BC53PQMQ,gtx plus pro,sumace,won,2017-07-29,2017-07-31,5480.0
AU1OZUN8,mg special,sonron,won,2017-07-29,2017-11-02,56.0
09GK47AY,gtx plus basic,ontomedia,lost,2017-07-29,2017-08-02,0.0
D6CRJSEP,gtx plus basic,zotware,won,2017-07-29,2017-09-16,983.0
5G9WEZTP,gtxpro,massive dynamic,won,2017-07-29,2017-08-16,5319.0
3FI1J4VO,mg special,,engaging,2017-07-29,,
KRK5YFGW,gtxpro,konex,won,2017-07-29,2017-08-08,4941.0
GJQFUUWI,mg advanced,sunnamplex,won,2017-07-29,2017-08-02,3260.0
7BKYKVF2,gtx plus basic,,engaging,2017-07-29,,
6US3WW0M,mg special,,engaging,2017-07-29,,
9M72KPA3,gtx plus basic,bluth company,engaging,2017-07-29,,
4OYGRQGO,mg advanced,,engaging,2017-07-29,,
7SO4NKFP,gtx plus basic,hottechi,lost,2017-07-29,2017-08-03,0.0
VZ1ETER5,gtx plus pro,goodsilron,won,2017-07-29,2017-07-31,4842.0
YOFRJU68,mg advanced,blackzim,won,2017-07-29,2017-09-29,3463.0
SPMQ0BHA,gtx basic,,engaging,2017-07-29,,
ERTQ4SN3,mg special,zumgoity,engaging,2017-07-29,,
F9V6EWDG,gtx basic,konmatfix,lost,2017-07-29,2017-08-01,0.0
FQI66XXN,gtx basic,,engaging,2017-07-29,,
5EFR0VAZ,gtx basic,newex,lost,2017-07-29,2017-07-30,0.0
4MTIOMFQ,gtxpro,mathtouch,won,2017-07-29,2017-08-08,4252.0
J096XFZG,gtxpro,zotware,won,2017-07-29,2017-09-04,4906.0
1RXGKOUE,gtx plus pro,,engaging,2017-07-29,,
G40058T1,mg special,yearin,engaging,2017-07-29,,
TQZLDFIJ,mg special,,engaging,2017-07-29,,
4U2Z53VS,mg special,inity,lost,2017-07-29,2017-08-10,0.0
3SD04QJ4,mg advanced,,engaging,2017-07-29,,
ERD6D5K3,gtx basic,,engaging,2017-07-30,,
VVM42VWQ,gtx basic,,engaging,2017-07-30,,
MK380H70,mg special,,engaging,2017-07-30,,
5SNCUQ8Z,mg special,,engaging,2017-07-30,,
6YMJLH2F,gtx plus pro,finhigh,lost,2017-07-30,2017-08-07,0.0
SP9W5IND,mg special,acme corporation,engaging,2017-07-30,,
P9EJ68SM,gtx plus basic,,engaging,2017-07-30,,
IG540SIB,mg advanced,,engaging,2017-07-30,,
D6U1NYBU,mg advanced,umbrella corporation,won,2017-07-30,2017-11-18,3113.0
9Q2SYGPP,gtx plus basic,bluth company,won,2017-07-30,2017-08-10,1097.0
CUZDYOOO,gtx basic,,engaging,2017-07-30,,
EY7OI10Z,gtx plus basic,,engaging,2017-07-30,,
R55U5QI4,gtx plus pro,scottech,engaging,2017-07-30,,
TJ95PY76,gtxpro,j texon,engaging,2017-07-30,,
R6OZIG5J,mg advanced,,engaging,2017-07-30,,
DVT7NPEH,mg advanced,,engaging,2017-07-30,,
EY73E4ZB,mg advanced,hottechi,lost,2017-07-30,2017-08-05,0.0
KQLS98VW,gtx plus basic,condax,won,2017-07-30,2017-12-04,1245.0
LKQL4GRO,gtx plus basic,scottech,won,2017-07-30,2017-08-04,1160.0
4DKUZ8JE,mg special,bioholding,won,2017-07-30,2017-07-31,53.0
V3QM4V7G,gtxpro,initech,lost,2017-07-30,2017-08-11,0.0
S9JXWIBD,gtx plus basic,,engaging,2017-07-30,,
0XBGT413,gtxpro,,engaging,2017-07-30,,
RTOIXNPC,mg special,,engaging,2017-07-30,,
LZWH2OGW,mg advanced,funholding,lost,2017-07-30,2017-08-06,0.0
R7JSQI5U,mg advanced,newex,lost,2017-07-30,2017-07-31,0.0
S5NZI5UN,gtxpro,cheers,won,2017-07-30,2017-09-10,5031.0
XQQ3JS90,gtxpro,rangreen,won,2017-07-30,2017-07-31,5741.0
7COYG1Z2,mg special,,engaging,2017-07-30,,
5SED9K1C,gtx plus basic,plusstrip,won,2017-07-30,2017-08-09,1038.0
OVLGWURN,gtx basic,,engaging,2017-07-30,,
810GB47D,gtx basic,condax,lost,2017-07-30,2017-08-05,0.0
GZCWRMIR,gtx basic,j texon,lost,2017-07-30,2017-11-20,0.0
UHIIYU2J,gtx basic,,engaging,2017-07-30,,
5W29OCB8,mg special,bioholding,engaging,2017-07-30,,
PST4NDK4,gtx basic,funholding,won,2017-07-30,2017-08-09,502.0
R7I947IZ,gtx plus basic,,engaging,2017-07-30,,
754UOV5F,mg special,,engaging,2017-07-30,,
MTN3BOMC,gtx plus basic,,engaging,2017-07-30,,
8U9DLK26,gtxpro,nam zim,won,2017-07-30,2017-07-31,4913.0
ABT1TDH1,gtx basic,,engaging,2017-07-30,,
DJFMG9QI,mg special,plusstrip,engaging,2017-07-30,,
DDWSCXZA,mg advanced,rundofase,won,2017-07-30,2017-09-19,3457.0
GWQX8BSZ,gtx basic,donquadtech,engaging,2017-07-30,,
D9NLFAEG,gtx basic,,engaging,2017-07-30,,
TX5SADEI,gtx plus basic,dontechi,engaging,2017-07-30,,
I5AKI9KC,mg special,,engaging,2017-07-30,,
T2UA7F7Z,gtx plus pro,opentech,won,2017-07-30,2017-08-08,5204.0
FOGOYZ75,mg advanced,plussunin,won,2017-07-30,2017-08-07,3019.0
I9IJS5BM,mg advanced,sumace,won,2017-07-30,2017-08-18,3453.0
0M3NCPQX,mg special,,engaging,2017-07-30,,
RN7M3757,mg advanced,,engaging,2017-07-30,,
2HU8CPJ3,mg advanced,labdrill,won,2017-07-30,2017-11-13,3464.0
OJ42ZCHR,mg special,,engaging,2017-07-30,,
M2UI5MKB,mg advanced,zathunicon,won,2017-07-30,2017-08-19,2937.0
HWVR6IJ7,gtx basic,kan code,won,2017-07-30,2017-08-15,463.0
QD4ONE04,mg special,rangreen,engaging,2017-07-31,,
V0XFS245,gtxpro,bluth company,won,2017-07-31,2017-09-11,4096.0
0PT4RY4P,mg advanced,,engaging,2017-07-31,,
FSEV7ZJC,gtxpro,,engaging,2017-07-31,,
OEP0IJ6S,gtxpro,,engaging,2017-07-31,,
YWGU40CP,mg special,,engaging,2017-07-31,,
ICG3THQK,gtx basic,sumace,engaging,2017-07-31,,
WOO9JXOQ,mg advanced,sumace,engaging,2017-07-31,,
OBDEDIXA,mg advanced,,engaging,2017-07-31,,
1O72EKFY,gtx plus pro,,engaging,2017-07-31,,
4XXAK1QL,gtx basic,,engaging,2017-07-31,,
WU81R3XH,gtx basic,,engaging,2017-07-31,,
HHWZEWDV,gtx plus basic,,engaging,2017-07-31,,
EMH2I8XE,mg advanced,acme corporation,engaging,2017-07-31,,
UBO7V799,mg advanced,,engaging,2017-07-31,,
DZQW0KQ4,gtx plus pro,,engaging,2017-07-31,,
BBGCBEUY,gtx plus basic,plexzap,lost,2017-07-31,2017-08-04,0.0
6PHF576T,gtxpro,y corporation,lost,2017-07-31,2017-11-23,0.0
XN43RX9C,mg advanced,sunnamplex,won,2017-07-31,2017-08-10,3187.0
OAUUCC2N,gtx plus basic,,engaging,2017-07-31,,
283MDYKM,gtx plus basic,,engaging,2017-07-31,,
56LUBQTV,mg advanced,,engaging,2017-07-31,,
DOU4T9EI,mg special,cancity,lost,2017-07-31,2017-11-02,0.0
XUU1PPTJ,gtx plus pro,rangreen,won,2017-07-31,2017-11-10,5234.0
Q65B52C5,gtx basic,kan code,engaging,2017-07-31,,
STI8KYWL,gtx plus basic,,engaging,2017-07-31,,
KZMZH8L6,gtx plus pro,zotware,won,2017-07-31,2017-09-28,6180.0
K63TD0WD,mg special,,engaging,2017-07-31,,
7WU2BQ2P,mg special,inity,won,2017-07-31,2017-08-10,53.0
5B4H3E7V,mg special,konex,lost,2017-07-31,2017-08-05,0.0
6YCDG16T,mg advanced,cheers,won,2017-07-31,2017-08-12,3687.0
EP9JNNF1,mg special,,engaging,2017-07-31,,
BVKAXY66,gtxpro,konex,won,2017-07-31,2017-08-20,6069.0
I1R23P5F,gtx plus basic,,engaging,2017-08-01,,
CFKXEPFN,gtx plus basic,,engaging,2017-08-01,,
4ZB2W6O7,mg special,plusstrip,engaging,2017-08-01,,
H85L45JM,mg special,,engaging,2017-08-01,,
D9VTKEEH,gtx plus basic,genco pura olive oil company,lost,2017-08-01,2017-08-11,0.0
7CYRCTXI,mg advanced,konmatfix,won,2017-08-01,2017-08-16,3452.0
A2YIYWNW,mg advanced,,engaging,2017-08-01,,
IH4M0XTK,mg advanced,kinnamplus,won,2017-08-01,2017-08-09,3156.0
L9AZZGNK,gtx basic,gekko co,lost,2017-08-01,2017-08-14,0.0
HISWL7B0,gtxpro,,engaging,2017-08-01,,
BSKNQJOJ,gtxpro,,engaging,2017-08-01,,
1FLN8BTI,mg special,rundofase,engaging,2017-08-01,,
VAL8O4PH,mg special,,engaging,2017-08-01,,
MLPVWTC2,mg advanced,statholdings,lost,2017-08-01,2017-11-23,0.0
RZXMIHGO,gtx basic,,engaging,2017-08-01,,
IW6S2BN0,gtx plus basic,,engaging,2017-08-01,,
G78ZK6XI,mg special,,engaging,2017-08-01,,
9C3YHNBY,mg advanced,,engaging,2017-08-01,,
U4L1277G,gtx plus basic,,engaging,2017-08-01,,
6BBYA0L3,gtx plus basic,rantouch,won,2017-08-01,2017-08-06,1157.0
S3J60BK0,gtx plus basic,plexzap,won,2017-08-01,2017-11-22,1040.0
IKIJHQPN,mg special,streethex,won,2017-08-01,2017-12-16,49.0
YE7F777U,gtx basic,,engaging,2017-08-01,,
OJ9KBQML,gtx basic,inity,won,2017-08-01,2017-09-19,454.0
W66UPKL4,gtx plus basic,zoomit,won,2017-08-01,2017-11-18,1106.0
DO6VKC2G,gtk 500,,engaging,2017-08-01,,
MBYOJR5A,gtx plus pro,,engaging,2017-08-01,,
NBJR3GVR,gtxpro,,engaging,2017-08-01,,
2S7CMLRJ,gtx plus basic,goodsilron,won,2017-08-01,2017-08-08,1143.0
18KMXL8N,gtx plus pro,j texon,won,2017-08-01,2017-11-06,4434.0
Y7244XW7,mg special,plussunin,engaging,2017-08-01,,
22HV3N2W,gtx plus basic,rangreen,engaging,2017-08-01,,
FKY3O5O1,gtxpro,zotware,engaging,2017-08-01,,
WRKPDK7O,gtx plus pro,hatfan,engaging,2017-08-01,,
3FWZBSW1,mg special,cancity,engaging,2017-08-01,,
VIY7P8J6,mg special,hatfan,engaging,2017-08-01,,
PR1H7NHK,mg special,mathtouch,engaging,2017-08-01,,
A9TEJW6U,mg special,,engaging,2017-08-01,,
1DC9PQ4S,mg special,,engaging,2017-08-01,,
K44PIQTN,gtx plus basic,rantouch,won,2017-08-01,2017-09-26,1193.0
NWQHHVEM,gtxpro,goodsilron,won,2017-08-01,2017-08-21,5049.0
ZJ76J97A,gtxpro,konex,won,2017-08-01,2017-08-19,5300.0
4Q1A27SA,mg advanced,singletechno,won,2017-08-01,2017-11-20,3597.0
GVOKY9KD,gtxpro,xx zobam,lost,2017-08-01,2017-11-11,0.0
JGXK8P6T,mg advanced,,engaging,2017-08-01,,
FOQK8G8Y,gtx basic,sonron,won,2017-08-01,2017-08-06,606.0
OEUK1UW5,gtx plus basic,condax,won,2017-08-02,2017-11-09,1123.0
LF45YLLR,gtxpro,initech,won,2017-08-02,2017-08-12,5205.0
RYYTO9Z5,gtx basic,yearin,won,2017-08-02,2017-11-01,592.0
R9VR53F3,gtx plus pro,umbrella corporation,won,2017-08-02,2017-08-14,6284.0
D5H30X5X,mg special,warephase,lost,2017-08-02,2017-11-07,0.0
FLXN0TBT,mg advanced,labdrill,lost,2017-08-02,2017-08-10,0.0
U8H8VGI0,gtxpro,lexiqvolax,lost,2017-08-02,2017-11-02,0.0
R1X6U9CU,gtx plus pro,kan code,won,2017-08-02,2017-08-05,4231.0
URQYDGX8,gtx basic,,engaging,2017-08-02,,
IT1XRUTD,gtx plus pro,warephase,lost,2017-08-02,2017-08-13,0.0
VTSKKTQO,mg advanced,zumgoity,lost,2017-08-02,2017-08-13,0.0
KIKG1BGV,mg advanced,domzoom,engaging,2017-08-02,,
2E2FDZHG,gtxpro,,engaging,2017-08-02,,
3Z2AMU5T,mg advanced,kinnamplus,lost,2017-08-02,2017-11-23,0.0
8LP076IV,mg special,,engaging,2017-08-02,,
CWXHKUV5,mg special,,engaging,2017-08-02,,
N909ADDC,mg advanced,,engaging,2017-08-02,,
R0O1UYNW,mg special,bluth company,won,2017-08-02,2017-08-10,53.0
ULJG457F,mg special,,engaging,2017-08-03,,
AZN2K0V9,mg advanced,ganjaflex,engaging,2017-08-03,,
G44S6CLC,mg special,cancity,won,2017-08-03,2017-08-16,52.0
IMLB4653,gtx plus basic,gekko co,won,2017-08-03,2017-08-22,938.0
6TGCOE5O,gtx plus pro,,engaging,2017-08-03,,
QIEAKLRU,mg advanced,,engaging,2017-08-03,,
ZE6HA778,mg advanced,inity,lost,2017-08-03,2017-08-08,0.0
6KPKOR79,gtx plus basic,bioplex,won,2017-08-03,2017-09-13,1050.0
D42GA3LC,mg advanced,vehement capital partners,won,2017-08-03,2017-08-11,3440.0
A04V2WB3,gtk 500,,engaging,2017-08-03,,
TIPXNDS2,mg special,betatech,engaging,2017-08-03,,
3G61D5KV,mg special,,engaging,2017-08-03,,
58J528HO,gtxpro,rundofase,lost,2017-08-03,2017-08-15,0.0
6RZ5GSAB,gtx basic,,engaging,2017-08-03,,
RD6Y5R4P,mg special,cancity,engaging,2017-08-03,,
7VSFD2MV,gtx basic,,engaging,2017-08-03,,
PBVC1VI7,gtx plus basic,konex,lost,2017-08-03,2017-11-09,0.0
3BA9OPGY,mg special,,engaging,2017-08-03,,
LDQITW5C,mg advanced,acme corporation,engaging,2017-08-03,,
9V2SW5MV,mg advanced,,engaging,2017-08-03,,
0R5KAHNB,mg advanced,umbrella corporation,engaging,2017-08-03,,
ATMWAQL5,gtx plus basic,gogozoom,engaging,2017-08-03,,
SUUVV6RP,mg special,,engaging,2017-08-03,,
U4BPFJC5,gtx plus basic,inity,won,2017-08-03,2017-08-21,1126.0
MJ3XHBY0,gtxpro,donquadtech,won,2017-08-03,2017-08-14,3963.0
LT75S3LM,gtxpro,kinnamplus,won,2017-08-03,2017-08-11,5401.0
B28O6RVD,mg advanced,silis,lost,2017-08-03,2017-08-20,0.0
O9MGYBG4,gtx plus basic,silis,won,2017-08-03,2017-12-02,965.0
XB1ZV04H,gtx basic,,engaging,2017-08-03,,
Q1TS5ZKD,mg special,,engaging,2017-08-03,,
FLH1KDV2,gtx basic,hottechi,won,2017-08-03,2017-11-01,534.0
NNH4EBG8,mg special,mathtouch,engaging,2017-08-03,,
GVSAAKF4,mg special,massive dynamic,won,2017-08-03,2017-11-21,50.0
5UFU5IO4,mg special,cancity,engaging,2017-08-04,,
VLYT262U,gtx plus basic,,engaging,2017-08-04,,
UM1OU73X,gtxpro,,engaging,2017-08-04,,
69U39SXU,gtxpro,,engaging,2017-08-04,,
R6F1053X,gtxpro,konex,won,2017-08-04,2017-08-11,5186.0
OB2PHGFR,mg advanced,j texon,won,2017-08-04,2017-11-04,3308.0
ZCUMC0XC,mg special,,engaging,2017-08-04,,
Y2X0X0WQ,mg advanced,finhigh,won,2017-08-04,2017-12-07,3367.0
V1KABF71,gtx plus basic,,engaging,2017-08-04,,
DZ47F0UT,gtx plus basic,labdrill,lost,2017-08-04,2017-08-08,0.0
7WYZ9HMC,gtx basic,scotfind,won,2017-08-04,2017-09-16,518.0
CPOA6FVA,gtx basic,,engaging,2017-08-04,,
5VW9YVTU,gtx basic,condax,engaging,2017-08-04,,
FUI9BIS3,mg advanced,funholding,engaging,2017-08-04,,
49SUORYW,gtx plus basic,betasoloin,engaging,2017-08-04,,
RG8P75PG,gtxpro,initech,lost,2017-08-04,2017-08-10,0.0
P0YQ3HNN,gtx plus basic,kan code,won,2017-08-04,2017-09-11,1128.0
TGI9B9AD,gtx plus pro,bioplex,won,2017-08-04,2017-12-16,6318.0
51VR0RD3,mg special,,engaging,2017-08-04,,
4PNXMXXC,gtx basic,,engaging,2017-08-05,,
OVA9HMN1,gtx plus pro,,engaging,2017-08-05,,
DAAHNY6T,mg special,,engaging,2017-08-05,,
80QJ0BQH,mg special,,engaging,2017-08-05,,
WA58C7SV,mg advanced,cancity,lost,2017-08-05,2017-11-26,0.0
MOAP4XN7,gtxpro,,engaging,2017-08-05,,
2N2MUDOA,gtxpro,bioholding,engaging,2017-08-05,,
EFUIZFRA,gtxpro,ontomedia,won,2017-08-05,2017-09-19,4935.0
RCJRB8W8,gtx plus pro,,engaging,2017-08-05,,
5NGPM4C3,gtx plus pro,,engaging,2017-08-05,,
D4ZMTQLE,gtx plus basic,scottech,won,2017-08-05,2017-12-20,1013.0
QFXZT1TV,gtx basic,yearin,won,2017-08-05,2017-12-20,573.0
3Q8GSOKD,gtx basic,zathunicon,won,2017-08-05,2017-12-04,535.0
7DOGGIXI,mg special,bioplex,engaging,2017-08-05,,
7CC4DUSQ,mg advanced,fasehatice,lost,2017-08-05,2017-11-29,0.0
NY7Z4I06,gtx plus pro,betasoloin,engaging,2017-08-05,,
G2KW3DWD,gtx plus basic,condax,won,2017-08-05,2017-11-02,1080.0
IK72767Q,gtx basic,finhigh,won,2017-08-05,2017-12-14,609.0
9P180HVQ,gtx basic,zencorporation,engaging,2017-08-05,,
ACGLK2YE,gtx plus basic,treequote,engaging,2017-08-05,,
0F9GSZRO,gtx basic,bioholding,lost,2017-08-05,2017-11-11,0.0
BEELPVP0,mg special,scottech,lost,2017-08-05,2017-08-15,0.0
3A54O8JT,mg special,,engaging,2017-08-05,,
2DOZJ7GT,mg advanced,gogozoom,lost,2017-08-05,2017-11-08,0.0
1V1L46NV,gtx basic,rundofase,won,2017-08-05,2017-11-09,563.0
R9GI5SJ5,mg advanced,domzoom,engaging,2017-08-05,,
SGYL0QMJ,gtxpro,plexzap,lost,2017-08-05,2017-11-07,0.0
XNOQAL9G,mg special,betatech,lost,2017-08-06,2017-11-29,0.0
WO1OYV0Z,gtx plus pro,,engaging,2017-08-06,,
ZGK1AWBD,mg special,vehement capital partners,engaging,2017-08-06,,
AV72Y65Y,mg special,streethex,engaging,2017-08-06,,
2PP30ME4,gtx plus basic,konex,lost,2017-08-06,2017-11-04,0.0
UADVV91I,mg special,bluth company,won,2017-08-06,2017-12-01,59.0
E9PMCMA3,mg special,donquadtech,won,2017-08-06,2017-11-14,54.0
EGW6AN01,mg advanced,donquadtech,lost,2017-08-06,2017-11-08,0.0
A8NDGVJE,gtxpro,,engaging,2017-08-06,,
NI5XQR33,gtx plus basic,cancity,lost,2017-08-06,2017-08-14,0.0
QYUZ3KVU,mg advanced,mathtouch,won,2017-08-06,2017-08-11,3114.0
5TOZM59X,mg special,rantouch,won,2017-08-06,2017-08-17,60.0
XWOG5DC0,gtx basic,donware,lost,2017-08-06,2017-11-08,0.0
IQAFSIV4,gtx basic,kan code,won,2017-08-06,2017-08-27,422.0
EETBBG75,mg advanced,konex,won,2017-08-06,2017-09-20,3971.0
7FFV8D9U,gtxpro,plusstrip,engaging,2017-08-06,,
04T6SOQW,gtx basic,,engaging,2017-08-06,,
STYAF310,gtx plus basic,faxquote,lost,2017-08-06,2017-11-04,0.0
6W7QAH1B,gtx basic,konex,won,2017-08-06,2017-12-18,510.0
KXLD5YKX,mg advanced,scotfind,won,2017-08-06,2017-11-19,4032.0
SLMY2KDA,gtxpro,,engaging,2017-08-06,,
PDMZ1I99,mg advanced,globex corporation,engaging,2017-08-06,,
ESYGBBLP,gtx basic,dontechi,lost,2017-08-06,2017-12-10,0.0
AD2YEH7W,gtx plus pro,,engaging,2017-08-06,,
98K99UW9,gtx plus pro,,engaging,2017-08-06,,
ZDSAVCDQ,mg special,plussunin,won,2017-08-06,2017-08-12,52.0
OMJHW2J1,mg advanced,,engaging,2017-08-06,,
G6CMP5I9,mg advanced,,engaging,2017-08-06,,
OSG9KZGB,gtx plus basic,kan code,engaging,2017-08-07,,
693K7IAT,gtx basic,funholding,engaging,2017-08-07,,
QRWC159J,mg advanced,sumace,lost,2017-08-07,2017-12-08,0.0
TXPUCPT8,mg advanced,globex corporation,won,2017-08-07,2017-11-17,3684.0
2ZVWE5NE,gtx plus basic,sumace,lost,2017-08-07,2017-12-19,0.0
4335LVQT,gtx plus pro,zotware,won,2017-08-07,2017-11-19,4648.0
MJ0RRDLN,gtxpro,gekko co,won,2017-08-07,2017-12-05,4639.0
QAJPUEN2,gtxpro,betatech,lost,2017-08-07,2017-08-18,0.0
4XLLUO6J,gtx plus pro,inity,won,2017-08-07,2017-09-17,6360.0
5R408EB5,gtx plus basic,singletechno,lost,2017-08-07,2017-12-19,0.0
FB0Q3FYP,gtxpro,inity,won,2017-08-07,2017-09-22,4722.0
JZ2VUXZQ,gtx plus basic,rantouch,lost,2017-08-07,2017-08-26,0.0
RB54V758,mg advanced,sunnamplex,won,2017-08-07,2017-08-17,3039.0
38C7HEG6,gtx plus basic,rundofase,won,2017-08-07,2017-11-01,1080.0
FNXCNUR1,gtx plus basic,blackzim,lost,2017-08-07,2017-11-24,0.0
DSPMSOTB,mg advanced,globex corporation,won,2017-08-07,2017-12-13,3063.0
WD7Q5D3G,gtx plus basic,,engaging,2017-08-07,,
ZC987DAQ,mg advanced,,engaging,2017-08-07,,
AOVU3VUJ,gtx basic,konex,lost,2017-08-07,2017-11-17,0.0
I6M40320,gtx plus basic,betatech,engaging,2017-08-07,,
SYA1A4E5,gtxpro,,engaging,2017-08-07,,
9AESK6QV,gtx basic,,engaging,2017-08-07,,
6DUFMKIG,mg special,j texon,lost,2017-08-07,2017-08-13,0.0
R2DID6L7,mg special,acme corporation,won,2017-08-07,2017-11-04,52.0
WHS3UZHR,mg special,bluth company,won,2017-08-07,2017-11-09,51.0
5UFQONQU,gtxpro,condax,won,2017-08-07,2017-11-27,4480.0
RRQIGS7E,mg special,dambase,won,2017-08-08,2017-08-18,53.0
1VFRN1GB,gtx basic,xx zobam,won,2017-08-08,2017-08-27,582.0
Q8QGD2OG,mg advanced,,engaging,2017-08-08,,
AHXFADIU,gtx plus pro,cancity,lost,2017-08-08,2017-11-01,0.0
PWKFVQFA,mg advanced,warephase,won,2017-08-08,2017-11-08,3354.0
8CAXVCDF,mg advanced,donware,lost,2017-08-08,2017-08-09,0.0
0SIWRBDT,gtx plus basic,konex,won,2017-08-08,2017-12-22,1135.0
FH3UXT3T,gtxpro,,engaging,2017-08-08,,
VQB0ZCYJ,gtxpro,initech,won,2017-08-08,2017-08-11,4859.0
6IMKESNY,gtx plus basic,toughzap,won,2017-08-08,2017-08-17,1085.0
CLRPASVW,gtx basic,cancity,engaging,2017-08-08,,
18N5WD04,mg special,singletechno,lost,2017-08-08,2017-09-24,0.0
FS60AX8A,gtx basic,,engaging,2017-08-08,,
R26IBPEJ,gtx basic,finhigh,lost,2017-08-08,2017-11-13,0.0
TCBW39GW,gtx plus basic,zumgoity,won,2017-08-08,2017-11-07,1196.0
F9QHNS68,gtx plus pro,warephase,won,2017-08-08,2017-08-19,5572.0
7DA7E2K7,mg advanced,j texon,won,2017-08-08,2017-11-06,3415.0
O7LSETHG,mg advanced,,engaging,2017-08-08,,
GTH7MXLG,mg special,scottech,lost,2017-08-08,2017-08-15,0.0
FCBSZ6FJ,gtx plus pro,,engaging,2017-08-09,,
S931EBRN,gtx basic,,engaging,2017-08-09,,
2QISWUQ9,gtx basic,kinnamplus,lost,2017-08-09,2017-12-05,0.0
8CJ0DC9P,gtx plus basic,vehement capital partners,lost,2017-08-09,2017-11-12,0.0
S0WEFDP2,gtx plus basic,plussunin,won,2017-08-09,2017-09-24,1176.0
MUSSD9WD,gtx plus basic,goodsilron,engaging,2017-08-09,,
9B20R6A5,gtxpro,,engaging,2017-08-09,,
PXXIJWXD,gtxpro,streethex,won,2017-08-09,2017-11-02,4313.0
AQFXE1TA,gtxpro,konex,won,2017-08-09,2017-09-15,4662.0
N4JDVO8F,gtx basic,singletechno,lost,2017-08-09,2017-08-12,0.0
GXJF1O6U,mg advanced,cheers,lost,2017-08-09,2017-11-18,0.0
UZTMM5MG,gtxpro,xx zobam,lost,2017-08-09,2017-11-20,0.0
XMVJ5X59,mg advanced,plussunin,won,2017-08-09,2017-11-07,2715.0
AJ3CFCFA,gtx plus basic,hatfan,lost,2017-08-09,2017-11-19,0.0
SX73M3HS,gtx basic,hottechi,won,2017-08-09,2017-12-19,511.0
BJH89YWM,gtx basic,,engaging,2017-08-09,,
EVXPG3V5,gtx basic,the new york inquirer,engaging,2017-08-09,,
YDUL6H8V,gtx plus basic,goodsilron,won,2017-08-09,2017-12-08,1017.0
FSNL204U,gtx plus pro,hatfan,engaging,2017-08-09,,
RC4LEDIA,mg advanced,,engaging,2017-08-09,,
DY5RYWTV,gtx plus basic,labdrill,lost,2017-08-09,2017-08-20,0.0
3F9NDPA0,gtx plus basic,konex,won,2017-08-09,2017-08-10,1102.0
UMKU4ZGE,mg special,kan code,won,2017-08-09,2017-12-04,67.0
56SRDF1B,mg special,genco pura olive oil company,won,2017-08-09,2017-09-09,59.0
ID7F5VGK,gtx plus pro,domzoom,lost,2017-08-09,2017-11-25,0.0
6UQTAD4C,gtx basic,hottechi,won,2017-08-09,2017-12-09,569.0
HT17GEXI,gtx basic,xx zobam,won,2017-08-09,2017-12-13,517.0
298J5EM0,gtx basic,,engaging,2017-08-09,,
5Q2BP80H,gtx basic,iselectrics,lost,2017-08-09,2017-11-03,0.0
JVKP9OCT,gtx plus basic,donware,won,2017-08-10,2017-08-22,1171.0
COJKCSVG,gtx basic,kinnamplus,lost,2017-08-10,2017-08-22,0.0
533RTCAL,gtx plus basic,donquadtech,won,2017-08-10,2017-08-20,1143.0
NUBMO8S7,gtxpro,kan code,won,2017-08-10,2017-12-07,5315.0
Z4OOTJAJ,gtx plus pro,,engaging,2017-08-10,,
DNL2IICB,mg advanced,codehow,lost,2017-08-10,2017-08-12,0.0
X7V78ZY0,mg special,scotfind,won,2017-08-10,2017-08-16,49.0
5GEBBVQQ,gtx plus pro,bubba gump,lost,2017-08-10,2017-11-06,0.0
988J5AUI,gtx plus basic,,engaging,2017-08-10,,
DMN53GAI,mg advanced,j texon,won,2017-08-10,2017-08-13,3511.0
MBPJUJ7F,gtx basic,plexzap,engaging,2017-08-10,,
B7VEJNPV,gtxpro,codehow,lost,2017-08-10,2017-11-23,0.0
CR13KZ71,gtxpro,y corporation,lost,2017-08-10,2017-11-20,0.0
2KWJIZX6,gtx plus basic,,engaging,2017-08-10,,
99EA6HXJ,gtx basic,,engaging,2017-08-10,,
J31SUXQJ,gtx plus pro,sumace,engaging,2017-08-10,,
DYO98F6J,mg special,,engaging,2017-08-10,,
C23N9DE9,gtx plus basic,codehow,won,2017-08-10,2017-08-27,1108.0
FW7QS11M,mg special,golddex,lost,2017-08-10,2017-11-07,0.0
ZRBHYBW9,mg special,groovestreet,lost,2017-08-10,2017-11-03,0.0
EEB0JYIQ,gtx plus basic,,engaging,2017-08-10,,
JLK580ND,gtx basic,stanredtax,lost,2017-08-10,2017-09-16,0.0
GN9SQ77J,gtx plus pro,inity,won,2017-08-10,2017-08-25,5671.0
68EYCEV4,gtxpro,faxquote,engaging,2017-08-10,,
1S09GEOL,gtx basic,bubba gump,lost,2017-08-10,2017-09-09,0.0
W0TOD23Z,gtx basic,bioholding,won,2017-08-10,2017-09-24,546.0
2SI35CTV,mg special,golddex,won,2017-08-10,2017-12-06,57.0
58CZCKFN,mg advanced,doncon,won,2017-08-10,2017-09-28,3195.0
3E6J4YRT,gtx basic,zotware,lost,2017-08-10,2017-11-06,0.0
L4QYOBFW,mg special,globex corporation,lost,2017-08-11,2017-11-06,0.0
DSC7UB3W,mg special,globex corporation,lost,2017-08-11,2017-08-23,0.0
ZHXBOIJ6,mg special,dontechi,won,2017-08-11,2017-08-18,46.0
FBVCN3BA,mg special,streethex,won,2017-08-11,2017-11-07,65.0
P4D1NK6D,gtx basic,,engaging,2017-08-11,,
5MAXF8FK,gtx plus pro,the new york inquirer,engaging,2017-08-11,,
52FDATJV,gtxpro,cheers,lost,2017-08-11,2017-08-24,0.0
KJGZN9D4,gtx basic,rangreen,won,2017-08-11,2017-11-11,526.0
MITXNS42,gtxpro,genco pura olive oil company,won,2017-08-11,2017-11-10,4809.0
Z7Q2USU1,mg special,,engaging,2017-08-11,,
ORJRH2SQ,gtx plus basic,green plus,won,2017-08-11,2017-08-14,1105.0
8CBTC1PX,mg advanced,streethex,engaging,2017-08-11,,
UMF3KRCL,gtx basic,,engaging,2017-08-11,,
VJSI29OF,mg special,,engaging,2017-08-11,,
GFU8P2SC,mg special,bioholding,lost,2017-08-11,2017-08-17,0.0
SBCNMFUN,mg special,sunnamplex,won,2017-08-11,2017-08-16,56.0
JCIKEHD8,gtx plus basic,iselectrics,lost,2017-08-11,2017-11-09,0.0
GVZMMURY,gtxpro,hatfan,lost,2017-08-11,2017-11-29,0.0
6KEWAQMX,gtxpro,,engaging,2017-08-12,,
0PUDG8KY,gtx basic,zathunicon,lost,2017-08-12,2017-08-24,0.0
XTCCGBYM,gtxpro,ganjaflex,won,2017-08-12,2017-11-10,4161.0
QFRZLXF3,mg special,,engaging,2017-08-12,,
8MUD1WS1,mg advanced,,engaging,2017-08-12,,
0UB5IQXA,mg special,codehow,won,2017-08-12,2017-11-23,65.0
EIS1B0GM,gtxpro,umbrella corporation,lost,2017-08-12,2017-08-13,0.0
ASVOOKMY,gtx basic,zathunicon,won,2017-08-12,2017-09-03,524.0
HMWIP0F2,mg special,finjob,engaging,2017-08-12,,
WAPSW48Y,gtxpro,ron tech,lost,2017-08-12,2017-11-01,0.0
J6TNURHV,gtx basic,inity,won,2017-08-12,2017-11-20,481.0
9PG07FPP,gtx basic,treequote,won,2017-08-12,2017-11-11,520.0
U3HKMX4U,gtxpro,codehow,won,2017-08-12,2017-11-04,4582.0
A7YPY8KI,mg special,fasehatice,won,2017-08-12,2017-08-21,53.0
27REMGYU,gtx basic,,engaging,2017-08-12,,
IFTZ75Z9,gtx plus basic,labdrill,lost,2017-08-12,2017-12-03,0.0
E8QYYAGE,gtx basic,stanredtax,lost,2017-08-12,2017-09-12,0.0
O0L6JUYE,gtx basic,bluth company,engaging,2017-08-12,,
ZR436XWW,gtx plus basic,,engaging,2017-08-12,,
XE0H6MOP,gtx basic,hottechi,won,2017-08-12,2017-09-22,559.0
44Q1W18Y,mg special,zoomit,engaging,2017-08-12,,
LT111IZL,mg special,,engaging,2017-08-12,,
QHY85D44,mg special,,engaging,2017-08-12,,
R0YCRJVQ,mg advanced,isdom,lost,2017-08-12,2017-08-17,0.0
7ZN8YCH8,mg special,gekko co,engaging,2017-08-12,,
3OA6FZUD,mg advanced,treequote,won,2017-08-12,2017-11-29,3165.0
B96E3BBD,gtx basic,,engaging,2017-08-12,,
MQEFGUOG,gtx basic,,engaging,2017-08-12,,
3C6E0D28,gtx plus pro,,engaging,2017-08-12,,
58W7CZGD,gtxpro,cancity,engaging,2017-08-12,,
SUOT8GB6,mg advanced,blackzim,won,2017-08-12,2017-11-14,3779.0
EEQV0YY4,gtx basic,,engaging,2017-08-12,,
Q3TDGMAR,mg special,donquadtech,won,2017-08-12,2017-11-12,48.0
HQ2QSZUP,mg special,streethex,won,2017-08-13,2017-11-02,50.0
V01XCOAS,mg special,umbrella corporation,lost,2017-08-13,2017-11-22,0.0
O35V5CTW,mg advanced,xx zobam,lost,2017-08-13,2017-11-24,0.0
0OHEJOI5,mg advanced,,engaging,2017-08-13,,
AIU1UWJZ,gtxpro,zotware,won,2017-08-13,2017-08-22,4498.0
C205FMDE,mg special,zencorporation,won,2017-08-13,2017-09-01,59.0
KLIOLWPC,gtxpro,the new york inquirer,lost,2017-08-13,2017-08-17,0.0
QMFN71BT,gtx plus basic,,engaging,2017-08-13,,
OF5AZQID,gtxpro,dontechi,won,2017-08-13,2017-11-05,4810.0
7O1UQ19W,gtx basic,,engaging,2017-08-13,,
LFJVV393,gtx plus basic,,engaging,2017-08-13,,
QQPAK72N,gtx plus pro,,engaging,2017-08-13,,
8H0UQYXW,mg advanced,kan code,won,2017-08-13,2017-11-07,3972.0
5CAP1055,gtx plus pro,kan code,engaging,2017-08-13,,
ZW2GDFKC,mg special,j texon,lost,2017-08-13,2017-08-24,0.0
96MOALT0,gtx basic,konex,won,2017-08-13,2017-08-18,573.0
DFSFEADV,gtx basic,,engaging,2017-08-13,,
PXNDLIL2,mg special,initech,engaging,2017-08-13,,
7FVBMH48,mg advanced,,engaging,2017-08-13,,
714B6OB2,gtx plus pro,fasehatice,lost,2017-08-13,2017-11-18,0.0
W6OX0S1Q,gtxpro,goodsilron,lost,2017-08-13,2017-08-21,0.0
B5WZQP1F,gtxpro,zoomit,won,2017-08-13,2017-11-28,5540.0
V0G393Q6,gtx plus basic,,engaging,2017-08-13,,
9CPUX0D0,gtxpro,,engaging,2017-08-13,,
CYBWWANG,mg special,konmatfix,lost,2017-08-13,2017-11-25,0.0
USS2SNQI,mg special,,engaging,2017-08-13,,
4BUQW2T0,gtx plus basic,cheers,won,2017-08-13,2017-08-24,1130.0
HQKWQ004,mg advanced,,engaging,2017-08-13,,
ZHOK77B4,gtxpro,zotware,won,2017-08-13,2017-11-02,4743.0
TP4SDOPW,mg advanced,plussunin,won,2017-08-13,2017-08-29,3732.0
BUZMB3Q4,mg special,finjob,won,2017-08-13,2017-11-26,59.0
92VGMPKP,gtxpro,goodsilron,lost,2017-08-13,2017-11-07,0.0
JTXYATXL,gtx basic,konex,won,2017-08-13,2017-11-15,510.0
SAMPTSH0,gtx plus basic,,engaging,2017-08-14,,
NSX4NR40,gtx plus pro,bioholding,engaging,2017-08-14,,
NPORW46K,mg special,,engaging,2017-08-14,,
0GS0L5VR,mg special,,engaging,2017-08-14,,
DCOMI70R,gtx plus pro,inity,lost,2017-08-14,2017-08-20,0.0
LBO52V0N,gtxpro,,engaging,2017-08-14,,
5OOZTQK7,mg advanced,ganjaflex,lost,2017-08-14,2017-08-22,0.0
P2PVED7R,gtx plus basic,kan code,won,2017-08-14,2017-08-30,907.0
LFMMI05H,gtx plus pro,acme corporation,won,2017-08-14,2017-12-21,5881.0
99NDUEKO,gtx plus pro,betatech,lost,2017-08-14,2017-11-09,0.0
FJE58EP1,gtxpro,,engaging,2017-08-14,,
AILB4LIX,gtxpro,,engaging,2017-08-14,,
2ICN8RJP,gtxpro,rundofase,won,2017-08-14,2017-11-04,3902.0
8FGW6RSX,mg special,,engaging,2017-08-14,,
CYV6MJL9,mg advanced,,engaging,2017-08-14,,
YKMHSGNU,mg advanced,y corporation,lost,2017-08-14,2017-11-29,0.0
Y8ZUSC9C,gtx basic,,engaging,2017-08-14,,
VHT6G2BS,gtx plus basic,,engaging,2017-08-14,,
KBPKLB2X,gtxpro,,engaging,2017-08-14,,
N0XWYRBU,gtx plus pro,goodsilron,won,2017-08-14,2017-11-10,6186.0
HY9VGF58,gtx plus basic,plexzap,won,2017-08-14,2017-08-24,1094.0
EZDMNAK8,mg advanced,plussunin,engaging,2017-08-14,,
I6PXHXST,mg advanced,singletechno,engaging,2017-08-14,,
AMP2GT6F,gtxpro,,engaging,2017-08-14,,
EPC4NBJ5,gtx plus basic,golddex,lost,2017-08-14,2017-08-28,0.0
PQJZNRKK,gtxpro,,engaging,2017-08-14,,
MVU1OZVS,mg special,rangreen,won,2017-08-14,2017-11-30,53.0
E617EXPD,mg advanced,iselectrics,engaging,2017-08-14,,
1BAF1ZYL,gtx basic,plexzap,won,2017-08-14,2017-08-19,551.0
JEWIBFH9,mg advanced,,engaging,2017-08-14,,
UV45XZWJ,mg special,blackzim,lost,2017-08-14,2017-08-18,0.0
B08R55ET,mg special,,engaging,2017-08-15,,
3HTSMIGI,gtx plus basic,betatech,lost,2017-08-15,2017-09-27,0.0
B5GG52AB,gtx plus pro,inity,lost,2017-08-15,2017-11-15,0.0
MTBQF6FE,mg special,globex corporation,won,2017-08-15,2017-11-05,57.0
ICR59VIJ,mg advanced,,engaging,2017-08-15,,
3S3O03ZV,gtx basic,gekko co,won,2017-08-15,2017-08-25,552.0
62TFLOG6,mg advanced,condax,lost,2017-08-15,2017-08-28,0.0
94JT388Y,gtx plus pro,the new york inquirer,won,2017-08-15,2017-09-01,4520.0
AKC9GNVA,gtxpro,umbrella corporation,won,2017-08-15,2017-11-09,5868.0
0R1F3OIN,mg advanced,bioplex,won,2017-08-15,2017-08-22,2682.0
WDUOD19F,gtx plus basic,dontechi,lost,2017-08-15,2017-12-03,0.0
SFXFXRYV,gtxpro,ron tech,lost,2017-08-15,2017-11-20,0.0
ANZJNT1Q,gtx plus basic,rundofase,won,2017-08-15,2017-08-25,1104.0
MX3QZ682,gtxpro,globex corporation,won,2017-08-15,2017-11-09,5107.0
WMJDLTEF,gtx basic,ontomedia,won,2017-08-15,2017-11-25,533.0
3XUKEIQF,gtx plus pro,plussunin,won,2017-08-15,2017-12-11,5454.0
GBQ8OLNP,gtx plus pro,warephase,lost,2017-08-15,2017-09-05,0.0
Y69M70YC,gtxpro,dambase,lost,2017-08-15,2017-11-01,0.0
TQJJDWWH,mg advanced,,engaging,2017-08-15,,
3UOIHNKR,gtx plus pro,plusstrip,won,2017-08-15,2017-09-03,5533.0
5WVY52IX,mg special,statholdings,won,2017-08-15,2017-11-12,57.0
3K3LQ0H5,gtx basic,scotfind,won,2017-08-15,2017-08-23,557.0
XGHMOHYQ,gtx basic,,engaging,2017-08-15,,
5378T3K3,gtx plus pro,,engaging,2017-08-15,,
3THRXZLP,gtx plus basic,scotfind,lost,2017-08-15,2017-11-12,0.0
H45TYGRR,mg advanced,fasehatice,won,2017-08-15,2017-08-26,3271.0
E4A92U26,gtx plus pro,isdom,lost,2017-08-15,2017-08-27,0.0
JNYA5ZHI,mg special,codehow,lost,2017-08-15,2017-11-10,0.0
DCNA3CA1,gtx basic,scottech,won,2017-08-15,2017-12-18,716.0
1MQ3015O,gtx plus basic,,engaging,2017-08-15,,
PYQ3VX08,gtxpro,,engaging,2017-08-15,,
484WREJQ,gtx plus basic,zencorporation,won,2017-08-15,2017-09-03,1024.0
6H1MBBVR,gtxpro,mathtouch,won,2017-08-15,2017-08-23,4545.0
2TI1UFAA,mg special,acme corporation,lost,2017-08-15,2017-11-17,0.0
W1XRTUT2,mg special,finhigh,engaging,2017-08-15,,
6SMB6SDY,gtxpro,,engaging,2017-08-15,,
BJWKG319,gtxpro,faxquote,lost,2017-08-15,2017-08-23,0.0
IDYA1X6O,mg special,donquadtech,won,2017-08-15,2017-11-23,55.0
041Q1IZL,gtxpro,green plus,engaging,2017-08-15,,
U83R2K8I,mg special,treequote,won,2017-08-16,2017-08-29,53.0
SU1NDYXR,gtx plus basic,stanredtax,engaging,2017-08-16,,
PH1IKJ0W,gtxpro,kan code,won,2017-08-16,2017-11-26,4732.0
8BP0QGNP,gtx basic,zencorporation,won,2017-08-16,2017-11-16,578.0
BIH4D0JL,gtx basic,blackzim,won,2017-08-16,2017-08-23,557.0
M49ZMLGL,mg special,finjob,won,2017-08-16,2017-09-04,57.0
OQAXHZXD,gtx basic,kan code,lost,2017-08-16,2017-08-26,0.0
FRRJMFIJ,gtx basic,kan code,won,2017-08-16,2017-09-24,501.0
QROXE17S,gtx plus basic,rangreen,won,2017-08-16,2017-08-29,1084.0
H3ZR0CQW,mg special,dontechi,won,2017-08-16,2017-09-02,56.0
V7W8CA47,mg special,,engaging,2017-08-16,,
9LY4MLGO,gtx basic,singletechno,lost,2017-08-16,2017-11-13,0.0
X2GXIKND,gtx plus pro,hottechi,won,2017-08-17,2017-11-22,5468.0
KR22DD8M,gtx basic,,engaging,2017-08-17,,
SY61BAXZ,gtx plus basic,rantouch,engaging,2017-08-17,,
KP1L9SXH,gtx basic,zencorporation,won,2017-08-17,2017-11-19,567.0
84OTUTQX,gtx plus basic,gekko co,lost,2017-08-17,2017-11-05,0.0
FKVC924F,gtxpro,,engaging,2017-08-17,,
LXVCMY4C,gtxpro,,engaging,2017-08-17,,
DVAOMCYK,gtx plus basic,dontechi,won,2017-08-17,2017-11-19,1029.0
9LJAADWH,gtx basic,fasehatice,won,2017-08-17,2017-11-08,430.0
8BGC94TT,gtxpro,kan code,won,2017-08-17,2017-11-17,5316.0
P8GXMSXL,mg advanced,ron tech,lost,2017-08-17,2017-08-28,0.0
QJ1DIUN7,mg special,ganjaflex,engaging,2017-08-17,,
HIOHPBO1,mg advanced,kan code,won,2017-08-17,2017-09-04,3913.0
ESU5NGML,gtx basic,zumgoity,lost,2017-08-17,2017-08-24,0.0
7NDOEFEB,mg special,toughzap,lost,2017-08-17,2017-08-20,0.0
H5SSSZ11,mg advanced,condax,lost,2017-08-17,2017-08-18,0.0
IZ8DDEIO,mg advanced,plexzap,lost,2017-08-17,2017-11-11,0.0
L4R7LDY1,mg special,hatfan,engaging,2017-08-17,,
5A4Q7X1W,gtx basic,hottechi,won,2017-08-17,2017-09-03,655.0
UGXAZ29V,mg special,groovestreet,won,2017-08-17,2017-08-31,46.0
RMUIMYJU,gtx plus pro,acme corporation,lost,2017-08-18,2017-08-26,0.0
CYIMFEWC,mg advanced,dambase,lost,2017-08-18,2017-08-24,0.0
XNKIZY9J,mg advanced,,engaging,2017-08-18,,
DHVOS14H,mg advanced,betasoloin,lost,2017-08-18,2017-08-31,0.0
58CABL04,gtx plus pro,silis,won,2017-08-18,2017-11-04,6372.0
0WERZ67T,gtx plus basic,warephase,won,2017-08-18,2017-11-13,986.0
ENGMZL6Y,gtxpro,betatech,won,2017-08-18,2017-09-01,4817.0
15PJZKNT,gtxpro,stanredtax,lost,2017-08-18,2017-08-31,0.0
ZA2MIHIM,gtx plus pro,green plus,won,2017-08-18,2017-08-20,6529.0
0GYOOM2R,gtxpro,scottech,lost,2017-08-18,2017-08-25,0.0
X9L0T199,gtxpro,,engaging,2017-08-18,,
VYR4EWHR,gtx basic,,engaging,2017-08-18,,
0SSUR0IY,gtx basic,hottechi,lost,2017-08-18,2017-11-14,0.0
1IY7Y42E,gtx plus pro,condax,won,2017-08-18,2017-11-14,4454.0
M0PGP5H2,gtx plus basic,cheers,won,2017-08-18,2017-09-14,1002.0
PJ21R88K,mg special,green plus,won,2017-08-18,2017-11-04,63.0
E3L02XMN,gtx basic,ron tech,won,2017-08-18,2017-12-30,580.0
PODXJ4SP,gtx basic,donquadtech,engaging,2017-08-18,,
MAH5U65E,mg advanced,,engaging,2017-08-18,,
S3HMUXS1,mg special,vehement capital partners,won,2017-08-18,2017-12-07,49.0
5HKITTHD,gtx plus pro,mathtouch,won,2017-08-19,2017-12-03,5703.0
AZ8ACKLD,mg special,opentech,lost,2017-08-19,2017-08-26,0.0
NZJXKD9H,mg special,,engaging,2017-08-19,,
ZN5CVY5V,gtx basic,finhigh,lost,2017-08-19,2017-08-22,0.0
G62CPKZO,mg advanced,dontechi,lost,2017-08-19,2017-08-26,0.0
ONN55X1O,gtxpro,kan code,lost,2017-08-19,2017-11-11,0.0
8N3GXBI5,gtx plus basic,funholding,won,2017-08-19,2017-12-01,1148.0
IUKIZFB7,gtx basic,singletechno,lost,2017-08-19,2017-08-25,0.0
TLJAFLON,gtx basic,j texon,lost,2017-08-19,2017-08-28,0.0
9J2JZGFJ,gtx plus basic,groovestreet,lost,2017-08-19,2017-11-26,0.0
ON2ZRW1X,gtxpro,hottechi,won,2017-08-19,2017-12-24,4009.0
TXUDSYGY,mg advanced,rangreen,won,2017-08-19,2017-11-02,3024.0
H7GXKD3O,gtx plus basic,kan code,engaging,2017-08-19,,
H7P5O25G,mg advanced,funholding,lost,2017-08-19,2017-11-20,0.0
SKU6MLKY,mg special,xx zobam,lost,2017-08-19,2017-11-11,0.0
SYSPNKUR,gtxpro,doncon,won,2017-08-19,2017-11-27,5058.0
O8E9L7VK,gtx basic,cheers,lost,2017-08-19,2017-11-25,0.0
IX65TNEI,gtxpro,ontomedia,lost,2017-08-20,2017-09-02,0.0
2GVXOWDF,gtx basic,bluth company,won,2017-08-20,2017-09-11,566.0
R2DKRFDD,gtx basic,donquadtech,won,2017-08-20,2017-11-02,578.0
F3FJ3DYK,gtx basic,toughzap,won,2017-08-20,2017-08-30,620.0
W3W3KPBH,gtxpro,finhigh,won,2017-08-20,2017-09-03,4310.0
PVYIL0X4,mg advanced,scotfind,won,2017-08-20,2017-08-21,3448.0
KY42W3FG,gtx basic,hatfan,lost,2017-08-20,2017-11-28,0.0
05915PPX,mg advanced,xx holding,won,2017-08-20,2017-11-19,3517.0
QPUPBL50,gtx basic,,engaging,2017-08-20,,
7P069DNF,gtx plus basic,labdrill,engaging,2017-08-20,,
TUKHDOGS,gtxpro,,engaging,2017-08-20,,
87TZLMU7,gtxpro,kan code,won,2017-08-20,2017-12-25,3854.0
P858PP0L,mg advanced,stanredtax,won,2017-08-20,2017-12-17,3894.0
9D43V124,mg special,mathtouch,engaging,2017-08-20,,
O916VMU7,mg advanced,rantouch,won,2017-08-20,2017-12-22,2833.0
0SPX7FIJ,mg advanced,vehement capital partners,lost,2017-08-20,2017-09-06,0.0
KEE51TPD,mg special,domzoom,won,2017-08-21,2017-11-03,54.0
1VFT3UCK,gtx plus basic,condax,engaging,2017-08-21,,
8RR4WXXZ,gtx plus basic,codehow,lost,2017-08-21,2017-11-27,0.0
IYU5CGUM,gtx basic,funholding,won,2017-08-21,2017-11-12,509.0
669805IQ,mg advanced,treequote,won,2017-08-21,2017-12-06,3436.0
A3JRUDX3,mg advanced,plusstrip,won,2017-08-21,2017-11-27,3514.0
NY197B1A,gtx basic,rangreen,won,2017-08-21,2017-12-30,611.0
R2V49PU5,gtx plus basic,,engaging,2017-08-21,,
6AD8WNA2,mg special,doncon,won,2017-08-21,2017-11-08,58.0
TKENIGRA,mg advanced,finhigh,lost,2017-08-21,2017-11-17,0.0
R9ZOFUBX,gtx basic,streethex,won,2017-08-21,2017-12-13,513.0
RFQFJLNJ,mg special,,engaging,2017-08-21,,
8BZLOF0K,gtx plus basic,newex,lost,2017-08-21,2017-08-29,0.0
0VFBWUG5,gtx plus basic,codehow,lost,2017-08-21,2017-11-03,0.0
23J295J4,mg special,xx holding,engaging,2017-08-21,,
696VNI6G,mg special,treequote,won,2017-08-21,2017-09-08,54.0
8P3O8A9H,mg special,,engaging,2017-08-21,,
1I1K838F,gtx basic,nam zim,won,2017-08-21,2017-12-23,547.0
LHIM2BGF,mg advanced,yearin,lost,2017-08-21,2017-12-08,0.0
2O7MVJ1T,gtx basic,ganjaflex,won,2017-08-21,2017-08-26,592.0
HDW4BXVN,mg advanced,the new york inquirer,lost,2017-08-21,2017-12-11,0.0
5P4O1IU6,mg advanced,,engaging,2017-08-22,,
V9ORUWY8,mg advanced,ganjaflex,lost,2017-08-22,2017-12-05,0.0
NNLNVB7E,gtx plus pro,the new york inquirer,won,2017-08-22,2017-11-06,5529.0
W3CLJLES,gtxpro,gekko co,won,2017-08-22,2017-09-02,5002.0
4ELXMIIO,gtx basic,umbrella corporation,lost,2017-08-22,2017-09-01,0.0
4CFMS9QT,gtxpro,zotware,lost,2017-08-22,2017-11-01,0.0
YVJ3V0ZI,gtx basic,green plus,won,2017-08-22,2017-12-20,476.0
Q1CFR580,mg special,dalttechnology,won,2017-08-22,2017-11-18,56.0
4S6FW9VM,gtx plus pro,isdom,lost,2017-08-22,2017-08-31,0.0
PA3EXPCW,gtx plus basic,konex,lost,2017-08-22,2017-12-01,0.0
MPVD0JVF,gtx basic,singletechno,won,2017-08-22,2017-11-30,601.0
KZQGC4TA,gtx plus basic,doncon,won,2017-08-22,2017-12-28,1005.0
FKOA9EF9,gtx plus pro,warephase,won,2017-08-22,2017-11-11,4731.0
Y7TVYRAX,gtx plus pro,bubba gump,lost,2017-08-22,2017-11-10,0.0
04YBYVPV,gtxpro,ganjaflex,won,2017-08-22,2017-09-02,4649.0
2UZXS1I2,gtxpro,umbrella corporation,won,2017-08-22,2017-09-01,4787.0
TZPE6M07,mg advanced,,engaging,2017-08-22,,
KU7COUGK,mg advanced,the new york inquirer,won,2017-08-22,2017-12-22,2994.0
G03J67Z1,gtx plus basic,,engaging,2017-08-22,,
TM70L0W8,gtxpro,,engaging,2017-08-22,,
23K5J6JP,mg advanced,funholding,lost,2017-08-23,2017-11-08,0.0
X7DYUDEB,mg special,condax,won,2017-08-23,2017-11-14,58.0
WK1319MB,mg advanced,,engaging,2017-08-23,,
EMGB7S71,gtx plus basic,betatech,won,2017-08-23,2017-11-13,1074.0
EWAMDI1N,mg special,isdom,won,2017-08-23,2017-08-26,54.0
S53EVWFC,gtxpro,,engaging,2017-08-23,,
5D8MX6L9,gtx basic,ganjaflex,lost,2017-08-23,2017-11-01,0.0
Q9BUCL60,gtx plus basic,ganjaflex,won,2017-08-23,2017-12-03,1054.0
AEZIAPTN,gtxpro,betatech,won,2017-08-23,2017-11-14,4833.0
IAW2UHNH,gtxpro,dontechi,won,2017-08-23,2017-12-20,4744.0
1397M445,mg advanced,plussunin,lost,2017-08-23,2017-11-03,0.0
5IMH88MT,gtx basic,labdrill,won,2017-08-23,2017-11-29,508.0
I86DM1B9,mg special,gogozoom,won,2017-08-23,2017-11-19,57.0
YB4YJTK4,gtx basic,lexiqvolax,engaging,2017-08-23,,
HTZD5YGO,gtx plus basic,j texon,lost,2017-08-23,2017-09-13,0.0
FBEP7939,gtxpro,scotfind,won,2017-08-23,2017-11-15,5280.0
NH44FYAA,mg special,sunnamplex,won,2017-08-23,2017-08-25,62.0
Z6AO7S3R,mg advanced,hottechi,lost,2017-08-23,2017-11-07,0.0
8V3XDZ0D,gtx basic,inity,won,2017-08-23,2017-11-21,528.0
18T73EHS,gtx plus basic,labdrill,won,2017-08-23,2017-08-27,993.0
RKTTVMMP,gtx plus basic,y corporation,won,2017-08-23,2017-09-10,1121.0
UDXG59P0,gtx plus pro,faxquote,won,2017-08-23,2017-12-03,5110.0
VMOGUQA7,mg special,conecom,won,2017-08-23,2017-12-13,51.0
0L3VYSKY,gtx basic,isdom,lost,2017-08-23,2017-09-05,0.0
PG5S1KYF,gtx plus pro,kan code,lost,2017-08-23,2017-12-31,0.0
LVF6FP4A,mg advanced,silis,lost,2017-08-23,2017-11-28,0.0
RGZHQ2MJ,mg special,zumgoity,lost,2017-08-23,2017-09-05,0.0
P6NQ2LZK,gtx basic,,engaging,2017-08-23,,
0XYUJ7HF,mg special,isdom,engaging,2017-08-23,,
QKW7MDJK,gtxpro,,engaging,2017-08-23,,
3THBBYXS,gtx basic,ganjaflex,won,2017-08-23,2017-12-08,542.0
XHDAW1SQ,gtx basic,yearin,won,2017-08-23,2017-12-21,576.0
GIO029D3,gtx plus pro,donquadtech,lost,2017-08-23,2017-08-31,0.0
UIOJX7O0,gtxpro,,engaging,2017-08-24,,
CN8X0DLA,gtx plus basic,stanredtax,engaging,2017-08-24,,
HF1GSBT4,gtx plus pro,,engaging,2017-08-24,,
ZVXINY4O,gtxpro,zotware,lost,2017-08-24,2017-11-28,0.0
M9N3HWGC,gtx basic,zoomit,lost,2017-08-24,2017-12-24,0.0
H56FMPGG,gtx basic,hottechi,won,2017-08-24,2017-08-30,551.0
Z8Z77GN3,gtxpro,,engaging,2017-08-24,,
IH4O3JXV,gtx basic,singletechno,won,2017-08-24,2017-09-10,597.0
B6L071P2,gtx plus basic,lexiqvolax,won,2017-08-24,2017-11-13,948.0
3ISHFT20,mg special,zoomit,won,2017-08-24,2017-12-18,62.0
OBFCOV33,mg advanced,scotfind,won,2017-08-24,2017-12-08,4139.0
78OETKRD,gtx plus pro,dambase,won,2017-08-24,2017-11-03,6322.0
6IJNBKST,gtx basic,konex,lost,2017-08-24,2017-08-31,0.0
RM4HCA1W,mg special,finhigh,lost,2017-08-24,2017-08-31,0.0
Y1FWLR93,gtx plus pro,kan code,won,2017-08-24,2017-09-02,5415.0
ORUHS3Q2,gtx basic,sonron,won,2017-08-24,2017-11-17,432.0
9RLSCMM9,mg special,condax,won,2017-08-24,2017-08-30,53.0
3QS2B6IN,mg special,rundofase,won,2017-08-24,2017-09-03,57.0
XCB9CPID,mg special,streethex,won,2017-08-24,2017-12-09,56.0
7EJJ9KVZ,mg special,donware,won,2017-08-24,2017-09-03,55.0
M4MOGAS4,mg advanced,acme corporation,won,2017-08-24,2017-08-25,3146.0
LKJZEISS,gtx basic,,engaging,2017-08-24,,
ZNU9YDS9,mg special,stanredtax,won,2017-08-25,2017-11-03,67.0
V3VJRFBV,gtx basic,kan code,lost,2017-08-25,2017-11-03,0.0
PDI7F0LR,mg advanced,ganjaflex,won,2017-08-25,2017-12-04,2613.0
Y0M8X7BV,gtx plus pro,,engaging,2017-08-25,,
KJ93MS4W,gtx plus basic,yearin,won,2017-08-25,2017-11-02,977.0
TWEVVI99,gtx plus basic,scottech,engaging,2017-08-25,,
5R1XNYTM,mg advanced,bubba gump,lost,2017-08-25,2017-11-25,0.0
PRQ96EWX,gtxpro,gekko co,won,2017-08-25,2017-09-07,4445.0
RUN3Z87A,gtx plus basic,donquadtech,lost,2017-08-25,2017-11-18,0.0
9RGQ8HED,mg special,zotware,won,2017-08-25,2017-12-29,54.0
RSSYISWE,mg advanced,labdrill,won,2017-08-25,2017-12-01,3331.0
67ORNLJ3,gtx basic,dontechi,won,2017-08-25,2017-09-05,474.0
M28Z11DC,gtx plus basic,blackzim,lost,2017-08-25,2017-08-31,0.0
DIVKSHY7,gtx plus basic,condax,won,2017-08-25,2017-11-13,994.0
RLTHGLLJ,gtx plus pro,singletechno,won,2017-08-25,2017-11-23,4773.0
EC8A1L94,mg special,dambase,lost,2017-08-25,2017-11-25,0.0
0H9C9J03,gtx plus basic,,engaging,2017-08-25,,
OO4Z7LB9,gtx plus basic,stanredtax,lost,2017-08-25,2017-08-30,0.0
PWOX6RY8,mg special,rangreen,won,2017-08-25,2017-11-22,63.0
0VG9PGMI,gtx plus pro,hatfan,won,2017-08-25,2017-09-13,6391.0
LKFYC5X3,mg special,donware,won,2017-08-25,2017-12-15,58.0
984H5OG0,mg special,finhigh,won,2017-08-25,2017-12-04,54.0
AB39AL3A,gtx plus pro,plexzap,lost,2017-08-25,2017-11-22,0.0
1SKGHPHL,gtx plus pro,rantouch,won,2017-08-25,2017-11-21,5129.0
VGSH1TSW,mg special,vehement capital partners,engaging,2017-08-25,,
YTMPHIQY,mg advanced,ganjaflex,lost,2017-08-25,2017-08-30,0.0
WZ3FJA3V,gtx plus basic,labdrill,engaging,2017-08-25,,
TLLW2ZRM,gtxpro,condax,engaging,2017-08-25,,
6HE07D76,gtx basic,hatfan,won,2017-08-25,2017-11-19,454.0
64CTQ6C5,gtx plus pro,bioholding,won,2017-08-26,2017-11-02,6659.0
5J4Z0RYC,gtx basic,bioplex,won,2017-08-26,2017-09-08,572.0
ERWWQ79N,gtx plus basic,bubba gump,won,2017-08-26,2017-11-19,1046.0
2F41W100,gtx plus basic,,engaging,2017-08-26,,
08O63ECM,mg advanced,gekko co,won,2017-08-26,2017-12-01,3281.0
AMGF31TA,mg special,statholdings,lost,2017-08-26,2017-09-05,0.0
DUJ52ZYK,mg advanced,singletechno,won,2017-08-26,2017-09-10,3462.0
N2C3ASJ9,gtx plus pro,scotfind,won,2017-08-26,2017-09-06,6029.0
059K86LU,gtx plus pro,labdrill,engaging,2017-08-26,,
62WFO2I3,gtx basic,finjob,won,2017-08-26,2017-12-04,566.0
55O18ALO,gtxpro,fasehatice,lost,2017-08-26,2017-11-08,0.0
ZTUJ5KQ8,mg special,scottech,lost,2017-08-26,2017-11-12,0.0
ZQHJNTDK,gtx plus basic,isdom,won,2017-08-26,2017-11-13,1042.0
K0IV66AV,gtx basic,betasoloin,won,2017-08-26,2017-11-07,539.0
8PLXH354,mg special,,engaging,2017-08-26,,
KJ4NAGS5,mg special,kan code,won,2017-08-26,2017-11-16,56.0
70A4A2GV,mg special,gogozoom,won,2017-08-26,2017-11-28,60.0
6TND1V4T,mg special,scotfind,lost,2017-08-26,2017-08-27,0.0
43FW6W9O,mg advanced,sunnamplex,won,2017-08-26,2017-11-04,3966.0
QB4FISNE,mg special,bluth company,lost,2017-08-26,2017-08-27,0.0
41S0S9KP,gtx basic,umbrella corporation,won,2017-08-26,2017-11-23,471.0
RU5X1LZM,gtxpro,,engaging,2017-08-26,,
JESVHYTG,gtx basic,cancity,won,2017-08-27,2017-09-05,597.0
P3HO0L6P,mg special,condax,won,2017-08-27,2017-11-14,53.0
6GDZDVTV,mg special,dontechi,won,2017-08-27,2017-09-13,59.0
OO9U4C0Y,gtx plus basic,y corporation,engaging,2017-08-27,,
Y5A5G2L5,gtx basic,bubba gump,won,2017-08-27,2017-12-08,606.0
WZN26QZQ,gtx plus pro,lexiqvolax,engaging,2017-08-27,,
PG4UQI8B,gtx plus basic,kan code,lost,2017-08-27,2017-11-20,0.0
M40Z4KWL,gtxpro,zotware,won,2017-08-27,2017-11-25,5305.0
BB46B5C7,gtx plus basic,zoomit,lost,2017-08-27,2017-11-02,0.0
7K1KXMBT,gtxpro,,engaging,2017-08-27,,
TCJA7XF2,mg special,,engaging,2017-08-27,,
TPJNVDPH,gtx basic,kan code,lost,2017-08-27,2017-11-16,0.0
FMMAQM87,gtx basic,green plus,won,2017-08-27,2017-09-09,596.0
46UITTY6,gtx basic,singletechno,won,2017-08-27,2017-11-04,545.0
KK5YBPU6,gtx basic,labdrill,won,2017-08-27,2017-08-29,548.0
A7FCLQ42,mg advanced,finhigh,lost,2017-08-27,2017-12-15,0.0
G2C5RKTN,gtx basic,umbrella corporation,won,2017-08-27,2017-09-21,415.0
UNSJB0L7,gtxpro,singletechno,won,2017-08-27,2017-08-28,3754.0
TGSLH2ZD,gtx basic,,engaging,2017-08-27,,
OLXEYM3P,gtx basic,,engaging,2017-08-27,,
UJT04PL7,gtx basic,plusstrip,won,2017-08-27,2017-11-29,498.0
DCIFTBM0,gtx basic,condax,won,2017-08-28,2017-12-21,489.0
BTZ06Z6O,gtx plus basic,ontomedia,won,2017-08-28,2017-09-05,1022.0
S9CGS0IX,gtx plus pro,acme corporation,lost,2017-08-28,2017-11-07,0.0
ZTYHMEQY,gtx basic,cancity,won,2017-08-28,2017-09-11,525.0
IOTAHMQX,gtx plus basic,codehow,won,2017-08-28,2017-09-07,1252.0
3ORQ2R0R,gtxpro,,engaging,2017-08-28,,
01DZ14Y0,mg advanced,dambase,lost,2017-08-28,2017-11-25,0.0
1T91NEIV,mg special,conecom,won,2017-08-28,2017-09-11,63.0
41B62CUB,mg special,j texon,lost,2017-08-28,2017-11-11,0.0
G0QOVMMS,gtx basic,zoomit,won,2017-08-28,2017-12-28,474.0
FG79OR5X,gtx plus basic,xx holding,won,2017-08-28,2017-11-19,1132.0
QY4ZMI2F,gtx plus basic,warephase,lost,2017-08-28,2017-09-14,0.0
VY0QPLGN,gtx plus basic,dambase,won,2017-08-28,2017-11-12,1215.0
XP1PQSPC,gtx plus basic,kan code,won,2017-08-28,2017-09-27,1081.0
K3KT8S1F,mg special,sonron,won,2017-08-28,2017-11-07,49.0
5CIT07UC,gtx basic,hottechi,won,2017-08-28,2017-09-14,653.0
VIZ9ZLVT,gtx plus basic,rundofase,lost,2017-08-28,2017-11-30,0.0
9ZY0QQ8Q,mg advanced,genco pura olive oil company,lost,2017-08-28,2017-11-27,0.0
0WGCUB3L,gtx plus basic,rundofase,won,2017-08-28,2017-09-13,1105.0
QCN2DZQQ,gtx plus basic,the new york inquirer,won,2017-08-28,2017-09-21,948.0
ZAY2J4I5,mg advanced,zoomit,lost,2017-08-28,2017-09-10,0.0
J25NMK6Q,mg special,bluth company,lost,2017-08-28,2017-11-11,0.0
DZHIAZ5H,gtx plus basic,streethex,lost,2017-08-29,2017-09-05,0.0
233HYDSP,mg special,gogozoom,won,2017-08-29,2017-12-03,44.0
7868JVH9,gtx plus basic,rantouch,engaging,2017-08-29,,
EXXFSC3O,gtxpro,opentech,won,2017-08-29,2017-11-15,4343.0
U68B4UQU,gtx plus pro,treequote,won,2017-08-29,2017-09-13,5096.0
73EBDWP4,gtx plus pro,warephase,won,2017-08-29,2017-09-30,4994.0
FQQ3XQNG,gtx plus basic,donquadtech,won,2017-08-29,2017-12-01,1251.0
C4KZVTYR,gtx basic,gekko co,won,2017-08-29,2017-11-11,602.0
HWXJWHGI,gtx basic,sumace,won,2017-08-29,2017-09-08,600.0
W36MU0PW,gtx basic,yearin,won,2017-08-29,2017-09-09,595.0
OWEMO7RD,mg special,sonron,lost,2017-08-29,2017-11-25,0.0
9XU06EA8,gtxpro,codehow,lost,2017-08-29,2017-11-01,0.0
DC2NI04U,mg advanced,hottechi,won,2017-08-29,2017-12-31,3064.0
RYNZ2WOK,mg advanced,iselectrics,engaging,2017-08-29,,
BO2XRLBS,mg special,ron tech,lost,2017-08-29,2017-11-16,0.0
V9YY2XIE,mg advanced,zumgoity,lost,2017-08-29,2017-11-28,0.0
J3K9EXW0,gtx plus pro,acme corporation,won,2017-08-29,2017-12-25,5790.0
N9KFQCOH,gtxpro,vehement capital partners,won,2017-08-29,2017-09-05,5688.0
GSPDR7BH,gtx basic,cancity,won,2017-08-29,2017-11-02,672.0
MB0XTICR,mg special,bioholding,won,2017-08-29,2017-12-08,62.0
04SQ7RNY,gtxpro,fasehatice,won,2017-08-29,2017-12-19,4577.0
PTZ9QLEF,gtx basic,,engaging,2017-08-29,,
WIHGFD8B,mg special,funholding,lost,2017-08-30,2017-11-19,0.0
O3Q5B86F,gtx plus basic,warephase,won,2017-08-30,2017-12-26,1118.0
PE3P7M7S,mg special,statholdings,won,2017-08-30,2017-09-08,55.0
401BY1PW,gtxpro,ganjaflex,won,2017-08-30,2017-12-21,5052.0
9RQ8FZYQ,gtxpro,zotware,won,2017-08-30,2017-09-04,4023.0
R65LGLJ0,mg special,,engaging,2017-08-30,,
G7NU2YCG,mg special,iselectrics,won,2017-08-30,2017-09-08,57.0
R9RWFEEJ,mg special,gekko co,won,2017-08-30,2017-11-23,59.0
WV2OG7C3,mg special,xx zobam,lost,2017-08-30,2017-11-18,0.0
LDIBOTNO,gtxpro,kinnamplus,won,2017-08-30,2017-09-07,5544.0
FC4ZD68R,gtxpro,warephase,lost,2017-08-30,2017-11-15,0.0
YH6ST9KT,mg special,treequote,lost,2017-08-30,2017-08-31,0.0
9S8E95EI,gtxpro,condax,won,2017-08-30,2017-09-18,4598.0
RLHNEVYY,gtxpro,conecom,won,2017-08-30,2017-09-10,5008.0
OFP1MLFY,gtxpro,statholdings,won,2017-08-30,2017-12-09,3932.0
CQELCLO0,gtx plus basic,zathunicon,won,2017-08-30,2017-12-29,1166.0
L351AATH,gtx plus basic,ron tech,lost,2017-08-30,2017-12-06,0.0
VBKF5FPB,gtx plus basic,dalttechnology,won,2017-08-30,2017-09-06,1195.0
68YAXBZN,mg special,xx holding,lost,2017-08-30,2017-11-04,0.0
EFB0NFP3,gtx basic,genco pura olive oil company,won,2017-08-30,2017-12-23,551.0
CB0NZYB2,gtx basic,globex corporation,won,2017-08-30,2017-09-08,623.0
QKUULSVC,gtxpro,kan code,lost,2017-08-30,2017-11-16,0.0
8838GIT9,mg special,plexzap,lost,2017-08-30,2017-11-05,0.0
5DOARVYO,mg special,genco pura olive oil company,lost,2017-08-30,2017-09-10,0.0
XXD7OQOH,mg special,,engaging,2017-08-30,,
0N2VYY6Z,gtx basic,labdrill,lost,2017-08-30,2017-09-19,0.0
LWCKCV0M,gtxpro,xx holding,won,2017-08-30,2017-09-15,4592.0
L40FW06K,gtx basic,condax,won,2017-08-30,2017-12-22,555.0
XXXM7BMA,mg advanced,dontechi,won,2017-08-30,2017-11-14,3703.0
F7S1OPQS,gtx plus basic,scotfind,won,2017-08-30,2017-12-13,942.0
U5JFEXOI,gtx plus pro,groovestreet,won,2017-08-30,2017-12-08,6489.0
HR3DH6DX,gtxpro,cancity,lost,2017-08-30,2017-11-20,0.0
LMU41E2W,mg special,,engaging,2017-08-30,,
9EICLJHY,mg special,sunnamplex,won,2017-08-30,2017-11-17,63.0
01FNZW2T,gtxpro,bubba gump,won,2017-08-30,2017-12-08,3974.0
3CS2IXT0,mg special,conecom,won,2017-08-30,2017-11-16,66.0
O9MHRAK6,gtx basic,finjob,won,2017-08-30,2017-12-14,532.0
1Y58TSUU,mg special,,engaging,2017-08-30,,
KPW4J1CR,gtx basic,dalttechnology,won,2017-08-30,2017-12-21,503.0
KAPPUUYY,gtx basic,zumgoity,won,2017-08-31,2017-11-24,594.0
WNTAT1OT,gtx basic,,engaging,2017-08-31,,
WRLAVDPH,gtxpro,ganjaflex,won,2017-08-31,2017-09-02,4958.0
1W5FOS69,gtxpro,mathtouch,won,2017-08-31,2017-11-30,4201.0
GFBJXXI1,mg special,streethex,lost,2017-08-31,2017-09-13,0.0
2HYR0Q4Y,mg advanced,plussunin,lost,2017-08-31,2017-11-13,0.0
XVM3UK16,gtx plus pro,mathtouch,lost,2017-08-31,2017-11-06,0.0
CDAMI76Z,gtx plus pro,finhigh,won,2017-08-31,2017-09-10,5293.0
6M77EGH7,mg advanced,ganjaflex,won,2017-08-31,2017-11-26,4456.0
9CLDDA0W,gtx plus basic,newex,lost,2017-08-31,2017-11-18,0.0
8CQ2I2P2,gtxpro,globex corporation,lost,2017-08-31,2017-11-18,0.0
GEFQNRF3,gtx basic,globex corporation,won,2017-08-31,2017-12-20,525.0
EDM7CEZ6,gtxpro,opentech,engaging,2017-08-31,,
XBPJ6M4K,gtx basic,finhigh,engaging,2017-08-31,,
XRZNF1LQ,gtxpro,,engaging,2017-08-31,,
PCQUKUM5,gtx plus pro,dontechi,won,2017-08-31,2017-09-16,4809.0
6CT660FF,gtx plus basic,,engaging,2017-08-31,,
MZ987882,gtx plus basic,warephase,won,2017-08-31,2017-12-17,1374.0
02EC1993,mg special,scottech,won,2017-08-31,2017-11-08,57.0
NUS67BOQ,gtx basic,,engaging,2017-08-31,,
UQCPNZO1,gtx basic,zumgoity,won,2017-08-31,2017-09-15,552.0
0NP0XPLQ,mg special,toughzap,won,2017-08-31,2017-09-03,59.0
S2WRH3QA,mg advanced,betatech,won,2017-08-31,2017-09-30,4011.0
RTX8ZJXT,gtx basic,,engaging,2017-08-31,,
QJV1UWL5,mg special,rantouch,won,2017-08-31,2017-12-20,54.0
GNAX12Z6,mg advanced,green plus,won,2017-08-31,2017-09-07,3337.0
62NZ0THZ,mg special,yearin,won,2017-08-31,2017-09-22,60.0
6C6Z3HRA,gtx basic,,engaging,2017-08-31,,
PSKWV2JJ,gtx plus basic,blackzim,won,2017-08-31,2017-11-19,1011.0
05HLE3JL,gtx basic,stanredtax,won,2017-09-01,2017-12-03,514.0
CAF97SA2,gtx plus basic,streethex,won,2017-09-01,2017-11-13,1060.0
AAFPTXEB,mg special,treequote,won,2017-09-01,2017-11-08,58.0
102XKYAC,gtxpro,zotware,engaging,2017-09-01,,
D74OAJB4,mg advanced,isdom,lost,2017-09-01,2017-12-01,0.0
A5SCVK7E,gtx plus pro,goodsilron,engaging,2017-09-01,,
CQDL6WZX,gtxpro,isdom,lost,2017-09-01,2017-09-17,0.0
VAV3N62C,gtxpro,cancity,won,2017-09-01,2017-09-12,4375.0
OK7R7I2A,gtxpro,rundofase,won,2017-09-01,2017-12-04,4819.0
ASZNII2J,mg special,,engaging,2017-09-01,,
IOMVIZR8,gtxpro,stanredtax,won,2017-09-01,2017-11-04,5729.0
BTT2TM8O,mg advanced,warephase,won,2017-09-01,2017-11-06,3447.0
KAGK2GQJ,gtx plus pro,,engaging,2017-09-01,,
FYNL84HO,gtx plus pro,doncon,won,2017-09-01,2017-11-13,6101.0
ZBB9CDO4,gtx plus basic,j texon,won,2017-09-01,2017-09-18,1088.0
IV5UVG0R,gtx plus pro,sunnamplex,won,2017-09-01,2017-09-17,5431.0
TDHFX8SC,mg special,hottechi,won,2017-09-01,2017-12-13,50.0
7OXU784Y,mg special,konex,won,2017-09-01,2017-11-25,62.0
MA6F51AR,mg special,zoomit,won,2017-09-01,2017-11-29,57.0
WDT43Q6O,gtx plus basic,zumgoity,won,2017-09-01,2017-09-14,1098.0
XKYHE3OH,gtx plus basic,umbrella corporation,won,2017-09-01,2017-11-16,975.0
R65NL57V,mg special,plussunin,won,2017-09-01,2017-11-05,56.0
AKBRVLRZ,mg special,globex corporation,won,2017-09-01,2017-09-14,63.0
8FZ7CWPP,mg special,isdom,won,2017-09-01,2017-09-11,61.0
EQPGDVWK,gtx basic,labdrill,won,2017-09-01,2017-12-03,614.0
I819UEG6,mg special,gogozoom,lost,2017-09-02,2017-11-04,0.0
TXZTEEUJ,gtxpro,betatech,lost,2017-09-02,2017-12-13,0.0
6OD1J7MW,gtx plus pro,plexzap,engaging,2017-09-02,,
XO8TRDKK,mg special,acme corporation,won,2017-09-02,2017-09-17,57.0
74YNCNQM,mg special,domzoom,won,2017-09-02,2017-12-04,58.0
I5QVV9C5,gtx plus basic,hatfan,lost,2017-09-02,2017-12-20,0.0
SS0ZF7SG,mg advanced,goodsilron,won,2017-09-02,2017-12-15,3482.0
2GRNCODO,gtx plus pro,hatfan,lost,2017-09-02,2017-11-05,0.0
2UNAJCGN,gtx plus pro,singletechno,lost,2017-09-02,2017-11-11,0.0
ZP5Q4YUJ,gtx basic,plusstrip,won,2017-09-02,2017-11-24,529.0
7XL4JYSB,mg advanced,blackzim,lost,2017-09-02,2017-11-24,0.0
HEZ8H6MK,gtx basic,plusstrip,won,2017-09-02,2017-11-08,505.0
50AWO49B,gtx basic,sonron,won,2017-09-02,2017-12-27,456.0
CID4Y877,gtx plus basic,bioholding,lost,2017-09-02,2017-12-13,0.0
T20CPZ52,gtx plus basic,stanredtax,lost,2017-09-02,2017-11-29,0.0
HVF0VLJ3,gtx basic,globex corporation,lost,2017-09-02,2017-11-11,0.0
A86ZEF94,mg special,hottechi,lost,2017-09-02,2017-11-30,0.0
8OMML4E8,gtx basic,lexiqvolax,won,2017-09-02,2017-09-16,555.0
283Y9ULR,mg special,konex,won,2017-09-02,2017-09-23,47.0
J0G6ZLYZ,gtx plus pro,,engaging,2017-09-02,,
C0LNV4PU,gtx basic,finjob,won,2017-09-02,2017-12-04,585.0
YB6UP71G,mg special,bioholding,won,2017-09-03,2017-09-06,64.0
A30VAQHM,mg special,inity,won,2017-09-03,2017-11-21,58.0
LOQ46F0T,gtx basic,,engaging,2017-09-03,,
ZH2TBHVZ,gtx basic,gekko co,won,2017-09-03,2017-09-08,635.0
UKJO54QY,gtxpro,donquadtech,won,2017-09-03,2017-09-13,5626.0
9868N4GB,mg advanced,xx zobam,won,2017-09-03,2017-12-14,3595.0
JKAYQ4HQ,mg special,,engaging,2017-09-03,,
L5UKY73S,gtxpro,treequote,lost,2017-09-03,2017-11-04,0.0
7DDPLMQ5,gtxpro,inity,won,2017-09-03,2017-12-02,4981.0
DZP41ANW,gtx plus basic,,engaging,2017-09-03,,
GRYHHER0,mg special,finhigh,engaging,2017-09-03,,
4KVZVHNN,gtx basic,hatfan,won,2017-09-03,2017-09-14,524.0
ULWQ61OZ,mg special,nam zim,won,2017-09-03,2017-12-06,54.0
FKU9TS06,gtxpro,funholding,won,2017-09-03,2017-09-16,5080.0
H8XH5MFQ,gtx plus pro,,engaging,2017-09-03,,
OPFBXGFV,mg special,scotfind,won,2017-09-03,2017-12-12,50.0
UCV49FYZ,gtx plus pro,nam zim,won,2017-09-03,2017-09-09,6656.0
F58R70DY,gtxpro,donquadtech,won,2017-09-03,2017-09-10,4641.0
1H2PVLZ3,gtk 500,xx holding,won,2017-09-03,2017-11-10,26186.0
YPM5PZMD,mg special,,engaging,2017-09-03,,
DV6WD759,mg advanced,newex,won,2017-09-03,2017-09-14,4251.0
OGHK250E,gtx basic,,engaging,2017-09-03,,
SBC67V5T,mg special,ganjaflex,won,2017-09-03,2017-09-11,51.0
IDGLZJRX,mg special,gekko co,won,2017-09-03,2017-11-09,62.0
VYG4BHEE,gtx basic,golddex,lost,2017-09-03,2017-11-01,0.0
YFTW9Z69,mg advanced,stanredtax,lost,2017-09-04,2017-11-12,0.0
92IDH7MB,mg special,scottech,won,2017-09-04,2017-11-21,58.0
NR1JSUPQ,gtx plus basic,donware,won,2017-09-04,2017-11-11,973.0
ZNOARPNW,gtx plus pro,kinnamplus,won,2017-09-04,2017-09-13,4954.0
FNKZKHTJ,gtxpro,condax,won,2017-09-04,2017-09-06,5113.0
KXR63BV7,gtxpro,,engaging,2017-09-04,,
UAVOPRPV,gtx plus pro,xx zobam,won,2017-09-04,2017-12-26,4631.0
VMUTS9GK,gtx plus pro,condax,won,2017-09-04,2017-11-01,5807.0
SZPU1DSR,gtx plus basic,hottechi,lost,2017-09-04,2017-11-30,0.0
9EGLQG3N,gtx basic,zumgoity,won,2017-09-04,2017-12-14,640.0
BL23633Z,mg advanced,konmatfix,won,2017-09-04,2017-11-25,3830.0
87G25M68,gtx plus pro,cheers,won,2017-09-04,2017-12-28,5285.0
8F3RA844,gtxpro,betatech,lost,2017-09-04,2017-11-19,0.0
VJ1FT11H,gtx basic,xx holding,lost,2017-09-04,2017-11-18,0.0
TKI8MEZZ,gtx plus basic,domzoom,won,2017-09-04,2017-12-31,975.0
QSHP9AHU,gtx plus basic,funholding,won,2017-09-04,2017-12-13,847.0
MIDW7Q49,mg advanced,rangreen,won,2017-09-04,2017-12-15,2814.0
PW7QNSFG,mg advanced,lexiqvolax,won,2017-09-04,2017-11-06,3275.0
WGYE40NI,mg special,betatech,won,2017-09-04,2017-12-26,41.0
HLX6W646,gtx plus pro,dalttechnology,won,2017-09-04,2017-11-19,5185.0
6VMQQKLJ,gtxpro,dalttechnology,won,2017-09-04,2017-09-15,5191.0
VKIR68JX,gtx plus basic,,engaging,2017-09-04,,
FYS6IZO4,mg special,mathtouch,won,2017-09-04,2017-11-07,59.0
7OSD4T24,mg special,silis,won,2017-09-04,2017-12-08,54.0
W533W8G6,gtx basic,,engaging,2017-09-04,,
RW3CJO8D,mg advanced,,engaging,2017-09-04,,
5E274CQS,gtxpro,,engaging,2017-09-05,,
H29A7E6X,gtx plus basic,iselectrics,won,2017-09-05,2017-11-17,1076.0
IDN254QN,gtx basic,plussunin,won,2017-09-05,2017-11-20,490.0
W3U1N1RV,gtx plus pro,dambase,lost,2017-09-05,2017-11-24,0.0
5LPKNEEI,gtxpro,betatech,lost,2017-09-05,2017-09-13,0.0
073UCD9F,mg special,betatech,lost,2017-09-05,2017-12-10,0.0
7GDSUY9K,gtx plus pro,konmatfix,engaging,2017-09-05,,
H5J7C2FE,gtx basic,,engaging,2017-09-05,,
DCZOTU5X,gtx basic,konex,lost,2017-09-05,2017-11-13,0.0
KUJ5M6J3,gtxpro,labdrill,won,2017-09-05,2017-12-27,5663.0
YGUOEIEG,gtx plus basic,hottechi,lost,2017-09-05,2017-11-06,0.0
1UW6ILCH,gtx basic,bioplex,engaging,2017-09-05,,
CRL6IB5Z,gtx plus basic,rundofase,lost,2017-09-05,2017-11-26,0.0
STVHD67J,gtx plus basic,dontechi,won,2017-09-05,2017-09-16,1166.0
I3TDKU30,mg special,nam zim,lost,2017-09-05,2017-09-14,0.0
YUVNXSSD,mg special,konmatfix,lost,2017-09-05,2017-09-15,0.0
AZJXZFMR,mg special,rangreen,lost,2017-09-05,2017-11-26,0.0
2WPEOPIF,gtx basic,lexiqvolax,won,2017-09-05,2017-12-04,491.0
XMCRTC2K,gtx plus pro,green plus,won,2017-09-05,2017-11-07,5532.0
ZDVZB8PX,mg advanced,blackzim,won,2017-09-05,2017-11-14,3930.0
5JS6JI3P,mg advanced,labdrill,won,2017-09-05,2017-11-21,2689.0
X6NSKI7H,gtx basic,,engaging,2017-09-06,,
FH30JK3J,gtx plus basic,ontomedia,engaging,2017-09-06,,
ZPXE49AP,gtx basic,,engaging,2017-09-06,,
8DPUST4Y,gtxpro,codehow,won,2017-09-06,2017-11-19,5987.0
L1QNLM08,gtxpro,treequote,won,2017-09-06,2017-12-30,5141.0
S4YQYJPM,mg special,codehow,won,2017-09-06,2017-09-13,48.0
6BQMENQR,gtxpro,plussunin,lost,2017-09-06,2017-11-03,0.0
XAS0EL71,mg advanced,xx zobam,won,2017-09-06,2017-09-20,3206.0
GQNM1QP8,mg special,labdrill,won,2017-09-06,2017-11-29,61.0
9CK2HTJP,gtx plus basic,acme corporation,lost,2017-09-06,2017-12-04,0.0
J96E49Z1,gtxpro,konmatfix,won,2017-09-06,2017-11-22,5078.0
X96KGPI8,gtx basic,statholdings,lost,2017-09-06,2017-11-19,0.0
JJDL1F8R,gtx basic,streethex,won,2017-09-06,2017-11-07,532.0
U1XSUD1P,gtx basic,,engaging,2017-09-06,,
0J24X1Y0,mg special,lexiqvolax,won,2017-09-06,2017-09-15,56.0
OM8LELJW,gtx basic,iselectrics,engaging,2017-09-06,,
SEYFLN8Y,gtx plus basic,scotfind,won,2017-09-06,2017-12-09,1182.0
EID3MR9L,gtx plus pro,funholding,won,2017-09-06,2017-12-20,5788.0
ID2VJE8V,mg special,streethex,lost,2017-09-06,2017-09-13,0.0
T3W0Z8KP,mg special,cancity,won,2017-09-06,2017-09-12,61.0
2WZU46RL,gtxpro,scotfind,won,2017-09-06,2017-12-16,5115.0
576N6HHJ,gtxpro,y corporation,won,2017-09-06,2017-09-15,5227.0
WEES59KH,mg special,,engaging,2017-09-06,,
WOS93VI5,gtx plus basic,zathunicon,won,2017-09-06,2017-12-06,1144.0
95YT659K,mg special,groovestreet,engaging,2017-09-06,,
RKI7OEP9,mg special,statholdings,lost,2017-09-07,2017-11-18,0.0
D9CS7EIY,gtx plus basic,ron tech,won,2017-09-07,2017-12-12,1249.0
IOPIJ6C6,gtx plus basic,,engaging,2017-09-07,,
J1VGTXQS,gtx plus basic,sumace,won,2017-09-07,2017-12-03,1106.0
T87FD71P,gtx plus basic,bubba gump,won,2017-09-07,2017-11-18,1251.0
P4PX93RN,gtxpro,plussunin,lost,2017-09-07,2017-11-18,0.0
RLJI4F93,gtxpro,donware,won,2017-09-07,2017-09-18,4975.0
AE306TJU,mg special,umbrella corporation,won,2017-09-07,2017-09-17,54.0
D3BO9JDM,gtxpro,ron tech,won,2017-09-07,2017-11-09,3975.0
DPDUK8RG,mg advanced,codehow,won,2017-09-07,2017-09-12,2969.0
AR35V2L2,gtx basic,sumace,won,2017-09-07,2017-09-13,558.0
FAKATVRQ,gtxpro,isdom,lost,2017-09-07,2017-11-29,0.0
9SU2A73Y,gtx basic,betatech,won,2017-09-07,2017-09-18,585.0
98R4AZA8,gtx basic,plexzap,won,2017-09-07,2017-12-17,566.0
9FE75D1D,gtxpro,scotfind,won,2017-09-07,2017-11-16,4722.0
S5NVSXEX,gtx plus basic,condax,won,2017-09-07,2017-12-11,1033.0
C6F5DTFR,gtx basic,dontechi,won,2017-09-07,2017-12-19,587.0
R4X2MOO1,gtx plus pro,silis,lost,2017-09-07,2017-11-27,0.0
QEZ2X87C,mg special,iselectrics,engaging,2017-09-07,,
8FULX0EA,mg special,funholding,won,2017-09-07,2017-11-02,62.0
WA5NRVIG,mg special,konmatfix,won,2017-09-07,2017-12-12,54.0
XO7D3NYR,gtx basic,condax,won,2017-09-07,2017-11-03,499.0
ZN8LHN9B,gtx plus pro,zotware,lost,2017-09-07,2017-11-17,0.0
S8FODURJ,gtx basic,nam zim,engaging,2017-09-07,,
BFH34LVO,gtx basic,faxquote,won,2017-09-07,2017-11-26,458.0
QHVGK8DM,mg special,condax,won,2017-09-07,2017-11-30,61.0
BALJ5E9J,mg special,treequote,lost,2017-09-08,2017-12-17,0.0
3Y6REURA,gtx plus pro,funholding,won,2017-09-08,2017-09-24,5600.0
3UI5JBOA,gtx plus pro,umbrella corporation,lost,2017-09-08,2017-11-19,0.0
8AKZH8QS,gtx plus basic,zotware,won,2017-09-08,2017-12-17,1259.0
FAS1KT97,gtx plus basic,zotware,won,2017-09-08,2017-09-14,1114.0
RAPX57I3,mg special,kinnamplus,won,2017-09-08,2017-11-25,57.0
UZ4JMG8Z,gtx plus basic,donquadtech,lost,2017-09-08,2017-11-25,0.0
PV411N8I,mg special,scottech,lost,2017-09-08,2017-11-17,0.0
C58775JM,gtxpro,bluth company,lost,2017-09-08,2017-12-30,0.0
A2PIOJWL,gtxpro,betasoloin,lost,2017-09-08,2017-09-19,0.0
SSEOGPPI,mg advanced,funholding,won,2017-09-08,2017-09-10,3346.0
5MFY1D4C,gtx basic,kan code,lost,2017-09-08,2017-09-18,0.0
PQLMEIG0,gtx basic,kan code,lost,2017-09-08,2017-09-22,0.0
6CV2KEKP,mg advanced,ontomedia,lost,2017-09-08,2017-09-16,0.0
FQD0IJBC,gtx basic,green plus,lost,2017-09-08,2017-11-25,0.0
EJGRLQP8,gtxpro,,engaging,2017-09-08,,
8DDR4MUL,mg advanced,,engaging,2017-09-08,,
E28C318S,gtx basic,newex,won,2017-09-08,2017-11-04,546.0
6BUW3ZVC,gtx basic,bioholding,lost,2017-09-08,2017-11-04,0.0
ZW5XV2QY,gtx basic,cheers,lost,2017-09-08,2017-11-14,0.0
MOSX49BG,gtx basic,finjob,won,2017-09-08,2017-11-24,596.0
BDEP8ZEH,gtx plus basic,sonron,lost,2017-09-08,2017-12-21,0.0
WSKZBAYI,gtx plus basic,fasehatice,won,2017-09-08,2017-12-08,1171.0
19H5KFIC,gtx plus basic,globex corporation,won,2017-09-08,2017-12-03,1021.0
H0RRUQZ6,mg special,,engaging,2017-09-08,,
7PCCI1U2,mg advanced,kan code,lost,2017-09-08,2017-11-17,0.0
8XXD2LMP,gtx plus pro,donquadtech,lost,2017-09-08,2017-12-02,0.0
USNQY75J,mg special,fasehatice,lost,2017-09-08,2017-11-04,0.0
EI7DU48C,mg advanced,kan code,lost,2017-09-08,2017-12-14,0.0
1A1BI5VB,gtxpro,mathtouch,won,2017-09-09,2017-09-22,4609.0
UYJVA76O,gtx plus basic,zathunicon,lost,2017-09-09,2017-11-21,0.0
DR2H05BG,gtx basic,bioholding,won,2017-09-09,2017-09-22,600.0
M765WQ4W,gtxpro,konex,won,2017-09-09,2017-09-13,5067.0
2PXZ68OA,gtxpro,scottech,won,2017-09-09,2017-12-05,5127.0
TDVM9PDL,gtx basic,ganjaflex,won,2017-09-09,2017-12-26,547.0
LBYGH8WS,gtx plus pro,plussunin,lost,2017-09-09,2017-09-27,0.0
NJC4XMEN,gtx plus basic,initech,engaging,2017-09-09,,
OBCBK0XR,mg advanced,faxquote,lost,2017-09-09,2017-11-30,0.0
IX8AYR6F,gtx basic,faxquote,won,2017-09-09,2017-12-14,582.0
4LVXK5H1,gtx plus basic,j texon,won,2017-09-09,2017-09-25,1047.0
O5CWW9P3,mg special,funholding,lost,2017-09-09,2017-11-21,0.0
IMLFM79C,gtx plus basic,,engaging,2017-09-09,,
DPXZ0ONG,gtxpro,finhigh,lost,2017-09-09,2017-11-15,0.0
2LOQKW1C,gtx basic,domzoom,won,2017-09-09,2017-09-24,568.0
MA1LQG9S,gtx plus pro,inity,won,2017-09-09,2017-11-27,6255.0
YR4EFQ4C,gtxpro,bubba gump,won,2017-09-09,2017-12-03,4647.0
KB7DTUXO,gtxpro,vehement capital partners,won,2017-09-09,2017-11-08,5042.0
JMQRT3TC,mg special,dontechi,won,2017-09-09,2017-12-31,57.0
XETHS437,mg special,rundofase,won,2017-09-09,2017-12-07,53.0
6EYTZB6F,mg advanced,konmatfix,won,2017-09-09,2017-12-12,3811.0
DXY9EZ55,gtx basic,hottechi,won,2017-09-09,2017-12-12,456.0
ESZPH44N,gtxpro,mathtouch,lost,2017-09-09,2017-12-19,0.0
ITDTMROU,mg advanced,xx zobam,won,2017-09-10,2017-12-05,3371.0
IFO74RWI,gtx plus basic,treequote,won,2017-09-10,2017-11-29,1151.0
4O6T16XI,mg advanced,scottech,won,2017-09-10,2017-12-25,3748.0
SUPA1RHK,gtx plus pro,umbrella corporation,won,2017-09-10,2017-09-15,5717.0
MDHD11QD,gtxpro,donquadtech,won,2017-09-10,2017-09-15,5027.0
PERK5YXJ,gtx plus basic,iselectrics,won,2017-09-10,2017-12-13,1111.0
MUUNQNG2,gtx plus basic,bioholding,won,2017-09-10,2017-09-17,1159.0
J1SCD7QL,mg advanced,rangreen,won,2017-09-10,2017-11-06,3251.0
9LILLW96,gtx plus pro,bubba gump,lost,2017-09-10,2017-11-01,0.0
R0DKB8FJ,mg advanced,genco pura olive oil company,lost,2017-09-10,2017-12-07,0.0
S5R9O6TL,gtx plus basic,codehow,won,2017-09-10,2017-12-18,1083.0
N78A330G,mg special,bioholding,won,2017-09-10,2017-11-08,54.0
ZGW9SCQ0,mg advanced,,engaging,2017-09-10,,
ZHI12PI4,mg advanced,blackzim,won,2017-09-10,2017-12-29,3302.0
34XWXEQE,gtxpro,,engaging,2017-09-10,,
38ZR3URJ,gtx basic,golddex,won,2017-09-10,2017-11-25,552.0
6DJ817MW,gtx basic,singletechno,won,2017-09-10,2017-11-16,468.0
9HCLI5PO,gtx basic,dambase,lost,2017-09-10,2017-11-17,0.0
PRY70ISY,gtx basic,hottechi,lost,2017-09-10,2017-12-04,0.0
8NG46N94,gtxpro,,engaging,2017-09-10,,
CS2ZS0B4,gtx plus pro,rantouch,lost,2017-09-10,2017-09-27,0.0
R7LGVRHC,gtxpro,j texon,won,2017-09-10,2017-11-12,4467.0
3KLVZN6M,gtx basic,cheers,won,2017-09-10,2017-12-05,538.0
WGSLK719,mg advanced,y corporation,won,2017-09-10,2017-12-12,3021.0
0MMDQ1OR,gtx basic,codehow,won,2017-09-10,2017-11-12,511.0
SMQV0BRI,gtx plus pro,blackzim,won,2017-09-10,2017-09-21,5832.0
XT8HCGAD,mg special,bubba gump,engaging,2017-09-10,,
WIQQUZRQ,mg special,,engaging,2017-09-10,,
X56STCJP,gtx plus pro,inity,lost,2017-09-10,2017-09-30,0.0
K214R7RK,mg advanced,conecom,lost,2017-09-10,2017-11-24,0.0
NR9UD54C,mg special,warephase,won,2017-09-10,2017-11-27,50.0
GTXI4PAR,mg advanced,scotfind,lost,2017-09-10,2017-11-24,0.0
T94JAB4C,mg special,plexzap,won,2017-09-10,2017-11-22,58.0
8YOOE8I5,gtx basic,umbrella corporation,lost,2017-09-10,2017-11-24,0.0
8G2OTKLL,mg special,mathtouch,won,2017-09-10,2017-09-27,66.0
LOHJU3OB,gtxpro,,engaging,2017-09-10,,
LW0Z6TMR,gtx basic,finhigh,lost,2017-09-11,2017-09-13,0.0
R3NAMX4P,gtx plus pro,toughzap,lost,2017-09-11,2017-11-14,0.0
VYJ20GOM,mg special,cancity,won,2017-09-11,2017-11-17,44.0
GIWI7CWJ,gtx plus basic,konex,won,2017-09-11,2017-12-30,1140.0
VTO3SNNX,gtx plus pro,zencorporation,won,2017-09-11,2017-09-21,5245.0
OVPNOM6O,gtx plus pro,gogozoom,won,2017-09-11,2017-12-04,5520.0
0558PJL2,gtx basic,,engaging,2017-09-11,,
JB60NPU9,gtxpro,,engaging,2017-09-11,,
6KM4E0V1,gtx plus pro,inity,lost,2017-09-11,2017-11-19,0.0
QWIPE5FB,gtxpro,ron tech,lost,2017-09-11,2017-11-14,0.0
BZPU6P5P,mg special,yearin,lost,2017-09-11,2017-12-23,0.0
ZCFAVNF3,mg special,streethex,won,2017-09-11,2017-09-20,53.0
77IBMLTB,gtx plus pro,,engaging,2017-09-11,,
RDMKSDT0,gtx plus pro,plusstrip,won,2017-09-11,2017-12-10,4872.0
QPCY8RU0,gtx basic,doncon,lost,2017-09-11,2017-11-24,0.0
Y93GK95W,mg advanced,hatfan,won,2017-09-11,2017-09-21,3138.0
ZPB5KNCD,gtx basic,finjob,lost,2017-09-11,2017-09-28,0.0
ZDAJ4PFJ,gtx basic,bioholding,won,2017-09-11,2017-12-03,513.0
7VHJG9J1,gtx plus basic,iselectrics,lost,2017-09-11,2017-12-28,0.0
S2XTTF3B,mg special,,engaging,2017-09-11,,
8XY5IA68,gtxpro,sonron,engaging,2017-09-11,,
EHPG1PNC,gtx basic,kan code,won,2017-09-11,2017-12-18,644.0
RKOQZJZR,gtx plus basic,j texon,engaging,2017-09-11,,
3CJMQNT0,gtxpro,lexiqvolax,lost,2017-09-11,2017-11-14,0.0
1MTLDVU8,gtx basic,newex,won,2017-09-11,2017-09-19,560.0
4Z7LYTKN,gtx plus pro,treequote,lost,2017-09-12,2017-12-06,0.0
MX0QEMEB,mg advanced,statholdings,lost,2017-09-12,2017-11-27,0.0
Y25T06D2,gtx plus basic,dambase,won,2017-09-12,2017-12-26,866.0
JY5LPMSJ,gtx plus basic,plussunin,lost,2017-09-12,2017-09-19,0.0
8V5OCDHN,gtx basic,,engaging,2017-09-12,,
YND6FAFG,mg special,kan code,lost,2017-09-12,2017-12-01,0.0
D4PEXI47,gtxpro,inity,lost,2017-09-12,2017-11-15,0.0
WRSA8PVU,gtx basic,finhigh,won,2017-09-12,2017-12-16,626.0
965CJ4YG,gtxpro,toughzap,won,2017-09-12,2017-12-03,4079.0
ML5QMJPM,mg advanced,konex,won,2017-09-12,2017-12-05,3497.0
EWEW7ZMQ,mg advanced,opentech,won,2017-09-12,2017-11-16,3072.0
JY8W2PKW,mg advanced,genco pura olive oil company,lost,2017-09-12,2017-12-15,0.0
JFBWABB1,mg advanced,labdrill,won,2017-09-12,2017-11-26,3473.0
A0Z6FYRO,gtx basic,conecom,won,2017-09-12,2017-09-19,530.0
51AC0Q99,gtx plus basic,gogozoom,won,2017-09-12,2017-12-16,1066.0
897MKBP9,mg special,cancity,won,2017-09-12,2017-12-18,64.0
Y5IRSKVA,mg special,rangreen,won,2017-09-12,2017-12-25,59.0
QS440NN9,gtx plus basic,goodsilron,won,2017-09-12,2017-11-30,1077.0
JOKH5C6I,gtxpro,sunnamplex,won,2017-09-12,2017-11-21,4999.0
1MZ8GDLF,mg special,betatech,won,2017-09-12,2017-09-21,72.0
64SDWSQH,gtx plus pro,kan code,won,2017-09-12,2017-09-20,4870.0
XS7CNY5H,gtx plus basic,initech,lost,2017-09-12,2017-09-20,0.0
U0SS8E43,gtxpro,zencorporation,lost,2017-09-12,2017-12-18,0.0
2MH79C2B,mg special,konmatfix,won,2017-09-12,2017-09-26,54.0
3YZFYEMI,mg special,toughzap,won,2017-09-12,2017-12-09,50.0
I35REHYN,gtx basic,genco pura olive oil company,engaging,2017-09-12,,
Y3AAS62P,gtx plus basic,zoomit,engaging,2017-09-12,,
BPPV8ZSB,mg special,xx holding,lost,2017-09-12,2017-11-01,0.0
3NC5XSDF,mg advanced,,engaging,2017-09-12,,
DRJG2FVR,gtx plus pro,initech,lost,2017-09-12,2017-09-15,0.0
SWXO4J19,gtx plus basic,konex,won,2017-09-12,2017-11-20,1029.0
07DPEL0B,gtx basic,cancity,won,2017-09-13,2017-11-25,629.0
5X3TSUA9,gtx plus basic,,engaging,2017-09-13,,
7GDRCAJR,gtx basic,iselectrics,won,2017-09-13,2017-09-24,600.0
EJ8YBRD3,gtx basic,konex,lost,2017-09-13,2017-11-03,0.0
G7HADWB0,gtxpro,kinnamplus,won,2017-09-13,2017-09-18,4535.0
9DY57A6F,gtxpro,,engaging,2017-09-13,,
M3IFAMV2,mg advanced,ontomedia,lost,2017-09-13,2017-11-29,0.0
65AT4VFM,mg special,dalttechnology,lost,2017-09-13,2017-09-19,0.0
H6SE0L31,gtxpro,conecom,won,2017-09-13,2017-09-29,4805.0
ZQC7YA4X,gtxpro,kan code,lost,2017-09-13,2017-11-17,0.0
J9V49YC3,gtx plus pro,labdrill,won,2017-09-13,2017-12-12,5158.0
H3ZS0FBT,gtx basic,cancity,won,2017-09-13,2017-11-21,477.0
GIIHTQGY,gtx plus pro,lexiqvolax,won,2017-09-13,2017-11-16,4972.0
0LTBCZHI,mg advanced,treequote,won,2017-09-13,2017-11-30,3902.0
8U0BUWUQ,gtx plus basic,plussunin,won,2017-09-13,2017-12-14,1176.0
ROD5WJDM,gtxpro,yearin,won,2017-09-13,2017-12-14,4140.0
86GSJWQW,mg special,golddex,won,2017-09-13,2017-11-30,54.0
EQ0PLA0O,mg special,,engaging,2017-09-13,,
B7BT5DB8,mg special,dalttechnology,won,2017-09-13,2017-11-29,51.0
NJTWATVH,gtx basic,labdrill,won,2017-09-13,2017-09-21,518.0
ZLIQCT7V,gtx basic,sonron,won,2017-09-13,2017-12-06,505.0
0U0GUDIX,gtx plus pro,stanredtax,won,2017-09-14,2017-09-18,5421.0
MN4ZHCUZ,gtxpro,kan code,won,2017-09-14,2017-11-23,3822.0
06H63NKF,gtxpro,conecom,lost,2017-09-14,2017-11-20,0.0
GBRQN296,mg advanced,ontomedia,won,2017-09-14,2017-12-17,3331.0
RBHXB5V5,mg special,zoomit,lost,2017-09-14,2017-11-27,0.0
59O0CDJE,gtx basic,newex,won,2017-09-14,2017-12-20,504.0
RU9Y6GR1,gtx plus basic,plexzap,won,2017-09-14,2017-12-10,1117.0
GIZAD3ZN,gtxpro,lexiqvolax,won,2017-09-14,2017-12-07,5230.0
6CXJOT2A,gtxpro,fasehatice,won,2017-09-14,2017-09-16,4844.0
Y9NTV3K5,mg advanced,labdrill,won,2017-09-14,2017-09-23,3596.0
GPVQIS5U,gtxpro,plexzap,lost,2017-09-14,2017-09-30,0.0
LI9RCAQ6,gtxpro,scotfind,won,2017-09-14,2017-11-01,4593.0
DT8SWPLT,gtx basic,dambase,won,2017-09-14,2017-12-12,545.0
URRBXP0V,mg advanced,rangreen,won,2017-09-14,2017-11-08,3362.0
CNAQ6R7T,gtx plus basic,bioholding,won,2017-09-14,2017-12-14,1086.0
VRWH3YJV,gtx plus pro,,engaging,2017-09-14,,
FBYWCLLS,gtx basic,acme corporation,lost,2017-09-14,2017-09-28,0.0
ZJAIST7C,gtxpro,konex,won,2017-09-14,2017-12-31,5153.0
8EQRW9H5,mg special,konmatfix,lost,2017-09-14,2017-11-29,0.0
F0KWRLK1,gtxpro,konex,won,2017-09-14,2017-11-15,5348.0
JBECEURV,gtx basic,,engaging,2017-09-14,,
HHP6R0IX,gtxpro,finjob,won,2017-09-14,2017-11-05,5170.0
XMRZQ8PR,gtxpro,scotfind,won,2017-09-14,2017-09-25,4050.0
ER0U0TOC,gtx basic,,engaging,2017-09-15,,
77JIGDNZ,gtx plus basic,bubba gump,lost,2017-09-15,2017-12-07,0.0
DK6L8Y0Y,gtx plus basic,vehement capital partners,won,2017-09-15,2017-09-29,1221.0
KA6SVT1C,mg advanced,toughzap,lost,2017-09-15,2017-11-16,0.0
8ARRIREI,gtx plus pro,warephase,won,2017-09-15,2017-12-09,5669.0
W3LRLMKP,gtx plus pro,finhigh,won,2017-09-15,2017-12-19,5385.0
HQKUH8XA,gtx basic,hottechi,lost,2017-09-15,2017-12-27,0.0
6R6T68GL,mg special,zoomit,won,2017-09-15,2017-12-09,48.0
PGT70Q4T,mg advanced,plexzap,won,2017-09-15,2017-12-01,3663.0
24K085JJ,gtx plus basic,,engaging,2017-09-15,,
EMORZ8R8,gtxpro,groovestreet,won,2017-09-15,2017-09-30,4695.0
V6RULHFZ,mg special,fasehatice,lost,2017-09-15,2017-12-30,0.0
NBBIFIKB,mg advanced,,engaging,2017-09-15,,
GRYWAPXY,mg advanced,rantouch,won,2017-09-15,2017-11-07,2712.0
ZIEI8JM3,mg special,ron tech,won,2017-09-16,2017-12-07,65.0
QDYFLOZW,mg special,statholdings,won,2017-09-16,2017-09-23,55.0
55YURJ2E,mg special,streethex,won,2017-09-16,2017-12-30,58.0
R6Q5JOLX,gtx plus pro,,engaging,2017-09-16,,
1PORK6E3,gtx basic,ontomedia,won,2017-09-16,2017-09-27,512.0
ENDKZ399,gtx plus pro,kan code,won,2017-09-16,2017-09-24,5820.0
VSNI41WQ,gtx plus pro,donware,lost,2017-09-16,2017-11-30,0.0
87KZX1UX,gtx plus basic,codehow,won,2017-09-16,2017-11-25,1179.0
PLRBC69J,gtx plus basic,rangreen,won,2017-09-16,2017-09-26,1153.0
RZB6Q4FX,gtx plus basic,ganjaflex,won,2017-09-16,2017-09-21,892.0
ASK5U1TD,gtx plus basic,zathunicon,won,2017-09-16,2017-11-22,1231.0
T49Q4GWU,mg advanced,plussunin,won,2017-09-16,2017-12-25,3091.0
JJ17IHID,gtx basic,xx zobam,won,2017-09-16,2017-11-24,547.0
311WKUHC,mg special,labdrill,lost,2017-09-16,2017-11-13,0.0
JG1CD65M,gtx plus pro,goodsilron,won,2017-09-16,2017-09-18,5919.0
YIK15TLW,gtx plus pro,groovestreet,won,2017-09-16,2017-11-10,5745.0
RYJPSM6D,gtx basic,stanredtax,lost,2017-09-16,2017-11-19,0.0
ZQK0JTVN,gtx basic,streethex,lost,2017-09-16,2017-11-26,0.0
FB7OTAMV,gtxpro,warephase,lost,2017-09-16,2017-12-22,0.0
JZD1QDWA,mg advanced,cancity,lost,2017-09-16,2017-12-06,0.0
LOSUVU4T,gtx plus pro,konex,lost,2017-09-16,2017-12-09,0.0
85LVQ6PB,gtx plus basic,singletechno,won,2017-09-16,2017-12-15,1252.0
02ILGBRB,mg special,dambase,lost,2017-09-16,2017-11-21,0.0
ZFIT4XWO,mg advanced,stanredtax,won,2017-09-16,2017-12-05,3039.0
XH69FGJJ,gtx basic,treequote,won,2017-09-16,2017-11-19,637.0
JU2PPGP6,gtx basic,acme corporation,lost,2017-09-16,2017-09-26,0.0
S8Y9AAWC,gtxpro,zoomit,won,2017-09-16,2017-12-08,4614.0
I2DLJ6C3,mg special,gekko co,won,2017-09-16,2017-11-27,51.0
DY8DMZZ9,gtx plus pro,,engaging,2017-09-16,,
VEZ8OX88,gtx basic,plexzap,lost,2017-09-16,2017-11-19,0.0
M3QL68T6,gtx basic,plexzap,won,2017-09-16,2017-12-04,595.0
Q3K6K5V9,mg special,zoomit,won,2017-09-16,2017-12-26,52.0
PEGFPDVU,gtxpro,konex,won,2017-09-16,2017-09-30,5604.0
NFT2Z7MM,gtx plus basic,dalttechnology,lost,2017-09-16,2017-11-18,0.0
YC2GBK89,gtx plus basic,hatfan,lost,2017-09-16,2017-11-12,0.0
U008ILBM,gtx plus basic,plusstrip,lost,2017-09-16,2017-11-26,0.0
VA0I9SDD,gtxpro,konex,won,2017-09-16,2017-09-27,5360.0
KQ83VL8T,gtx plus basic,,engaging,2017-09-17,,
41HHBQRT,gtx basic,xx zobam,lost,2017-09-17,2017-12-13,0.0
T6BHNN1O,mg special,betatech,lost,2017-09-17,2017-11-13,0.0
S8DOH11H,gtxpro,ganjaflex,lost,2017-09-17,2017-11-14,0.0
F8F6MA24,gtx basic,sumace,won,2017-09-17,2017-12-19,538.0
ZXXWIGFR,gtxpro,cancity,lost,2017-09-17,2017-12-02,0.0
L7CFCOR6,gtx plus pro,conecom,won,2017-09-17,2017-11-28,5668.0
AAUTJ747,gtxpro,warephase,won,2017-09-17,2017-12-11,5220.0
X7VUR49L,gtxpro,betasoloin,won,2017-09-17,2017-09-26,5763.0
U7L0IZLB,gtx plus pro,sunnamplex,lost,2017-09-17,2017-11-26,0.0
PAQ6EKHB,gtx basic,,engaging,2017-09-17,,
THNEGVH2,gtx plus basic,lexiqvolax,won,2017-09-17,2017-11-14,948.0
D1ANNMSO,gtx basic,rundofase,won,2017-09-17,2017-11-19,487.0
LMVQ6B9P,gtx plus basic,funholding,won,2017-09-17,2017-11-18,1072.0
OQBVGILR,mg special,singletechno,won,2017-09-17,2017-12-16,56.0
8LA72RM8,mg advanced,donware,engaging,2017-09-17,,
7IZQJIPA,gtxpro,kan code,won,2017-09-17,2017-12-27,4812.0
7AH7F190,gtx basic,betasoloin,lost,2017-09-17,2017-11-27,0.0
ME0LMBYL,gtx plus basic,initech,lost,2017-09-17,2017-12-21,0.0
KODTODAA,gtx plus pro,betasoloin,lost,2017-09-17,2017-11-12,0.0
RENW2N0H,gtxpro,bioplex,won,2017-09-17,2017-11-19,5186.0
9F407X6U,mg special,konex,won,2017-09-17,2017-12-02,49.0
S0MZHYQC,gtxpro,konex,won,2017-09-17,2017-09-27,4800.0
HP9TUR60,gtxpro,initech,won,2017-09-18,2017-12-24,5627.0
P4PKECH7,gtx basic,gogozoom,lost,2017-09-18,2017-09-24,0.0
USL5PZ4O,gtxpro,stanredtax,won,2017-09-18,2017-12-06,3779.0
3DM5SSI5,gtxpro,warephase,won,2017-09-18,2017-11-05,5231.0
D40ALWGC,gtx plus pro,mathtouch,lost,2017-09-18,2017-09-28,0.0
524QUXI2,gtx plus pro,xx zobam,lost,2017-09-18,2017-11-26,0.0
8W35TVOQ,mg advanced,faxquote,won,2017-09-18,2017-12-02,2918.0
UU7N7LZK,mg advanced,,engaging,2017-09-18,,
3D6LLPA1,gtx plus basic,funholding,lost,2017-09-18,2017-12-05,0.0
58QZ1YGK,gtxpro,finhigh,won,2017-09-18,2017-09-27,4902.0
OU42AWAE,gtx basic,hatfan,won,2017-09-18,2017-11-22,531.0
ZBDT3T2H,gtx basic,,engaging,2017-09-18,,
OJOJPNL6,gtx plus pro,singletechno,lost,2017-09-18,2017-11-21,0.0
MENKE9IV,gtx basic,singletechno,won,2017-09-18,2017-11-30,526.0
PXSDIDXO,gtx basic,ron tech,lost,2017-09-18,2017-11-11,0.0
5PIJNVMB,gtx basic,konmatfix,won,2017-09-18,2017-11-17,485.0
WSO3NMK5,mg advanced,,engaging,2017-09-18,,
ZLFKHXXI,gtx basic,rundofase,won,2017-09-18,2017-12-25,520.0
WIDRX5N6,gtx plus basic,dontechi,won,2017-09-18,2017-12-23,1020.0
HJLKGIH4,gtx plus basic,mathtouch,lost,2017-09-18,2017-12-04,0.0
DF6A63B7,mg advanced,yearin,lost,2017-09-18,2017-12-20,0.0
T2EM55FZ,gtxpro,donquadtech,won,2017-09-18,2017-11-15,4205.0
KDQL1O1A,gtx basic,dalttechnology,lost,2017-09-18,2017-11-05,0.0
01XZ9CRY,gtx plus pro,initech,engaging,2017-09-18,,
HJY0TQ7X,mg special,toughzap,engaging,2017-09-18,,
75HKH8PS,gtx plus basic,funholding,lost,2017-09-19,2017-09-30,0.0
NK2CHYT1,gtx plus basic,ron tech,lost,2017-09-19,2017-11-08,0.0
A7OVC1WK,gtx plus pro,,engaging,2017-09-19,,
0WGAPLOI,gtxpro,dambase,won,2017-09-19,2017-12-07,4990.0
GXPA5D3A,gtxpro,domzoom,won,2017-09-19,2017-09-29,5450.0
8598PVIX,mg special,groovestreet,won,2017-09-19,2017-11-11,53.0
VKM2BCMV,gtxpro,inity,won,2017-09-19,2017-09-25,3678.0
9N7LHW38,gtxpro,newex,lost,2017-09-19,2017-09-29,0.0
BKMYW792,mg advanced,nam zim,lost,2017-09-19,2017-11-27,0.0
3IBBBGM4,gtx basic,fasehatice,won,2017-09-19,2017-11-18,555.0
T32P6LSX,gtx basic,rangreen,won,2017-09-19,2017-12-16,492.0
B944EMXZ,gtx plus basic,codehow,lost,2017-09-19,2017-11-23,0.0
DOY7VMYB,gtx plus basic,warephase,lost,2017-09-19,2017-11-10,0.0
QXWLE549,gtx basic,gogozoom,won,2017-09-19,2017-11-17,574.0
V1SX6HOD,gtx plus basic,,engaging,2017-09-19,,
R0R0V2O5,gtxpro,finjob,won,2017-09-19,2017-12-09,4709.0
D3O1PCMO,mg advanced,condax,won,2017-09-19,2017-12-04,3079.0
G53492IF,gtxpro,massive dynamic,won,2017-09-19,2017-09-24,4369.0
WVKBXWA9,mg advanced,,engaging,2017-09-19,,
KUH39HQ7,mg special,rangreen,lost,2017-09-19,2017-09-22,0.0
RW6QS352,gtx plus pro,statholdings,won,2017-09-19,2017-12-31,6000.0
1374WYJG,mg advanced,kan code,won,2017-09-19,2017-12-31,3248.0
1T8R8X79,mg advanced,nam zim,won,2017-09-19,2017-11-19,4249.0
PSMWYTMB,mg advanced,toughzap,engaging,2017-09-20,,
0ZXS3AIR,gtx basic,betasoloin,won,2017-09-20,2017-12-26,563.0
SBTVPORC,gtxpro,gekko co,won,2017-09-20,2017-09-29,5037.0
XZKZYO55,gtxpro,kan code,won,2017-09-20,2017-12-16,4865.0
AMCOSQZC,gtxpro,warephase,won,2017-09-20,2017-12-18,5192.0
6C2CJX31,gtx plus basic,kan code,lost,2017-09-20,2017-12-23,0.0
NRK892VX,gtx plus pro,,engaging,2017-09-20,,
5F1RM2YM,mg special,,engaging,2017-09-20,,
VQQR3OUI,mg special,doncon,won,2017-09-20,2017-12-31,41.0
UWYFOEMO,mg special,dalttechnology,won,2017-09-20,2017-09-26,59.0
ZXNHUYCM,gtx plus pro,goodsilron,lost,2017-09-20,2017-10-01,0.0
KHG4UMKP,mg special,blackzim,won,2017-09-20,2017-11-24,58.0
5R7N3RKQ,gtxpro,ron tech,won,2017-09-20,2017-09-30,4361.0
197EQMY8,gtxpro,,engaging,2017-09-20,,
TEM0I59X,gtx plus pro,lexiqvolax,won,2017-09-20,2017-12-09,4906.0
1WPZ1MCO,gtx basic,goodsilron,won,2017-09-20,2017-09-29,587.0
1AQKM7VU,gtxpro,y corporation,won,2017-09-20,2017-11-24,4487.0
VTVYSUZG,mg advanced,cancity,won,2017-09-20,2017-12-28,3627.0
61IKUAZI,gtx plus basic,dalttechnology,engaging,2017-09-20,,
6ZSAKAHX,gtx plus basic,plexzap,won,2017-09-20,2017-12-22,920.0
D9MZMDOL,mg special,zumgoity,engaging,2017-09-20,,
2FM8HJDM,mg advanced,,engaging,2017-09-20,,
7TIWLFZD,gtx basic,golddex,won,2017-09-20,2017-10-01,552.0
HXRF96S3,mg special,labdrill,won,2017-09-20,2017-12-15,54.0
WTEAOER0,gtx basic,bubba gump,won,2017-09-20,2017-12-14,472.0
T8LSQO2S,gtx plus pro,xx zobam,lost,2017-09-20,2017-11-24,0.0
4R4QF0ZU,gtxpro,,engaging,2017-09-20,,
ABMOVF1A,mg special,toughzap,won,2017-09-21,2017-09-30,66.0
Q2GK9IT2,gtxpro,yearin,lost,2017-09-21,2017-12-02,0.0
J0WKJLR6,gtx plus basic,massive dynamic,won,2017-09-21,2017-11-21,1039.0
B1D3HP8V,gtx plus basic,plussunin,lost,2017-09-21,2017-11-22,0.0
QHP95ULI,gtxpro,kan code,lost,2017-09-21,2017-09-25,0.0
OAMR9KPA,gtx basic,bluth company,won,2017-09-21,2017-12-21,550.0
IDKBZCAF,gtxpro,,engaging,2017-09-21,,
0GRGY09E,gtxpro,rangreen,lost,2017-09-21,2017-11-25,0.0
MP9PICCD,gtxpro,treequote,won,2017-09-21,2017-12-30,4570.0
F34QYKQJ,gtxpro,betasoloin,lost,2017-09-21,2017-11-30,0.0
DHJ8KOUV,gtx plus pro,condax,won,2017-09-21,2017-12-05,5138.0
JYNYK957,mg advanced,labdrill,won,2017-09-21,2017-12-02,3063.0
NOLWR5EX,gtx plus basic,sunnamplex,lost,2017-09-21,2017-10-02,0.0
BUHR2X8U,gtx basic,green plus,won,2017-09-21,2017-12-30,613.0
4OPFJFRO,gtxpro,plexzap,won,2017-09-21,2017-11-14,4808.0
MLV2QDU6,gtx plus pro,condax,won,2017-09-21,2017-11-26,5160.0
V7T9ZP6C,gtx basic,j texon,won,2017-09-21,2017-10-01,566.0
WYS1XI44,mg special,warephase,won,2017-09-21,2017-09-27,68.0
C3HN12Z8,gtx basic,kan code,lost,2017-09-21,2017-10-03,0.0
YCQXHVMZ,gtxpro,the new york inquirer,won,2017-09-21,2017-12-22,5600.0
4PLSG7A3,mg special,dambase,won,2017-09-21,2017-12-12,61.0
ZD772DU8,mg special,groovestreet,lost,2017-09-21,2017-12-03,0.0
2KVQ5Z4M,mg advanced,xx zobam,lost,2017-09-21,2017-11-29,0.0
U6LLSWEN,gtx plus basic,plussunin,lost,2017-09-22,2017-11-27,0.0
RVQTWBKE,gtx plus pro,donware,lost,2017-09-22,2017-11-24,0.0
BWPBMVQH,gtx basic,zotware,lost,2017-09-22,2017-11-29,0.0
LFI3BGEE,gtx plus pro,,engaging,2017-09-22,,
YPSXMDRH,gtxpro,the new york inquirer,won,2017-09-22,2017-12-23,4976.0
Q46QSEGT,gtxpro,gogozoom,lost,2017-09-22,2017-10-03,0.0
DT0ZJ9Z2,gtxpro,inity,won,2017-09-22,2017-12-24,4991.0
55ZNV61S,gtx basic,bioplex,lost,2017-09-22,2017-10-04,0.0
6PQS93V2,gtxpro,vehement capital partners,won,2017-09-22,2017-10-04,5868.0
1LHU0876,mg advanced,labdrill,engaging,2017-09-22,,
V929BUUS,gtx plus basic,isdom,lost,2017-09-22,2017-12-21,0.0
LDYYOH6W,gtxpro,bioholding,won,2017-09-22,2017-11-24,4938.0
4MFY8UXP,mg advanced,ron tech,won,2017-09-22,2017-12-14,3772.0
EBJMZ5VE,gtx plus pro,cheers,won,2017-09-22,2017-10-02,5784.0
CMXOTVL7,gtxpro,conecom,won,2017-09-22,2017-10-02,3485.0
9XF2B7RS,gtx basic,fasehatice,won,2017-09-22,2017-09-28,675.0
WHV85GOQ,gtx basic,sonron,lost,2017-09-22,2017-11-28,0.0
MXJAH0R5,mg special,plusstrip,lost,2017-09-22,2017-11-28,0.0
OXW7DBDT,gtx plus basic,doncon,lost,2017-09-22,2017-11-02,0.0
W5EGDYPK,mg special,newex,won,2017-09-22,2017-10-01,55.0
C13104YM,mg special,toughzap,lost,2017-09-22,2017-12-16,0.0
1GA3AFTX,mg advanced,rangreen,lost,2017-09-22,2017-12-12,0.0
389D515R,gtx plus pro,inity,won,2017-09-22,2017-10-01,5775.0
2751GWVC,gtx basic,hottechi,won,2017-09-22,2017-11-18,651.0
0UFUDIYT,gtx basic,scotfind,won,2017-09-22,2017-11-22,570.0
Y3QBGJLM,mg special,blackzim,won,2017-09-22,2017-12-30,54.0
O7U4I96P,mg special,scotfind,won,2017-09-22,2017-09-29,47.0
Q0R3ZBNT,mg special,silis,won,2017-09-22,2017-11-08,56.0
FGUWP1NF,gtx plus basic,vehement capital partners,lost,2017-09-23,2017-10-05,0.0
DH8R6PK5,gtxpro,rangreen,lost,2017-09-23,2017-12-12,0.0
ZKFWTRRT,gtxpro,bioholding,won,2017-09-23,2017-09-30,4422.0
941SDVVZ,gtxpro,hottechi,won,2017-09-23,2017-10-02,5357.0
ODINSHYF,mg special,bioholding,lost,2017-09-23,2017-10-01,0.0
0TICPBMF,gtx plus basic,conecom,won,2017-09-23,2017-09-27,1047.0
WANX7LM0,gtxpro,ron tech,won,2017-09-23,2017-12-29,5013.0
9F2MDA5R,mg advanced,finjob,won,2017-09-23,2017-09-25,3197.0
JUKJ3RAB,gtx plus basic,inity,lost,2017-09-23,2017-10-05,0.0
YD3D41E0,gtx plus basic,zumgoity,won,2017-09-23,2017-10-02,1127.0
K2NPVZL8,gtx basic,,engaging,2017-09-23,,
7FLPKZN7,gtxpro,kan code,engaging,2017-09-23,,
RX8711KI,gtx basic,plexzap,won,2017-09-23,2017-12-24,468.0
F3BJAMUL,mg special,rantouch,won,2017-09-23,2017-11-19,55.0
HZS2YVRN,mg special,finjob,won,2017-09-23,2017-10-01,57.0
W3B077GY,mg special,zumgoity,lost,2017-09-23,2017-11-07,0.0
MGR0TSPK,gtx plus basic,rangreen,won,2017-09-23,2017-11-27,946.0
TEF07JM6,gtx basic,xx holding,lost,2017-09-23,2017-10-02,0.0
N8SVXI48,gtx basic,zoomit,lost,2017-09-23,2017-11-14,0.0
VG1WQW88,mg special,golddex,lost,2017-09-23,2017-11-06,0.0
MEKVHSCB,mg special,dontechi,lost,2017-09-23,2017-11-27,0.0
PBJ62FC3,gtxpro,massive dynamic,lost,2017-09-23,2017-10-05,0.0
3Q15OHQB,mg advanced,,engaging,2017-09-23,,
O04P1WN6,gtxpro,hottechi,won,2017-09-23,2017-12-17,4415.0
600FP406,mg special,bioplex,won,2017-09-23,2017-10-02,60.0
2EFTTOAV,gtx plus pro,green plus,won,2017-09-23,2017-10-01,5865.0
DDXFIBEY,gtx plus pro,treequote,lost,2017-09-24,2017-11-23,0.0
5BRWXIU3,mg special,codehow,lost,2017-09-24,2017-11-27,0.0
WN9ZY701,gtx plus basic,kan code,lost,2017-09-24,2017-12-14,0.0
DA8D04ED,mg advanced,globex corporation,lost,2017-09-24,2017-10-04,0.0
WLQC2XK4,mg special,rundofase,won,2017-09-24,2017-10-02,54.0
A4CVM3PM,gtxpro,opentech,won,2017-09-24,2017-12-27,5069.0
CNLE5EJ2,gtx plus pro,konex,won,2017-09-24,2017-10-05,5378.0
D3HUUVPL,gtxpro,mathtouch,won,2017-09-24,2017-12-04,5255.0
2UNDAQZ2,gtx plus basic,domzoom,lost,2017-09-24,2017-10-04,0.0
R2E45IQ8,gtx plus pro,conecom,won,2017-09-24,2017-10-03,5144.0
UX0H8B3W,gtx plus pro,donware,lost,2017-09-24,2017-11-16,0.0
VM0A3057,gtx plus pro,plusstrip,won,2017-09-24,2017-10-03,5527.0
DX9CCI9C,mg advanced,nam zim,lost,2017-09-24,2017-12-19,0.0
8SE1W979,gtx basic,hottechi,lost,2017-09-24,2017-10-02,0.0
L6AOARQ9,gtx basic,dambase,won,2017-09-24,2017-12-21,452.0
I83GQQHA,mg advanced,kan code,lost,2017-09-24,2017-10-05,0.0
10984DDU,gtx plus pro,toughzap,won,2017-09-24,2017-12-28,7300.0
JQVW0KJV,mg special,genco pura olive oil company,lost,2017-09-24,2017-11-09,0.0
UWZHNMR4,gtx plus pro,blackzim,won,2017-09-24,2017-11-26,5196.0
TRET6F45,gtx plus pro,faxquote,won,2017-09-24,2017-12-26,5624.0
8DDC9RLE,mg advanced,j texon,won,2017-09-24,2017-12-15,4110.0
TFGYLK6C,gtx basic,inity,lost,2017-09-25,2017-10-04,0.0
4YXXI2OI,mg special,codehow,won,2017-09-25,2017-12-18,53.0
3C7A75LH,gtxpro,massive dynamic,won,2017-09-25,2017-09-27,5727.0
02LUGFJS,gtxpro,plussunin,won,2017-09-25,2017-09-28,4308.0
KPF0GREK,mg advanced,plussunin,won,2017-09-25,2017-12-09,3329.0
HEG2JK9Y,gtx plus basic,kinnamplus,lost,2017-09-25,2017-10-03,0.0
1ZCAL93A,gtx plus pro,hottechi,lost,2017-09-25,2017-10-04,0.0
5NW6HK74,mg special,doncon,lost,2017-09-25,2017-10-04,0.0
EJVD09HQ,mg special,betasoloin,engaging,2017-09-25,,
7WFASDCZ,gtx basic,gogozoom,lost,2017-09-25,2017-10-03,0.0
7XNX75LI,gtx plus pro,dontechi,lost,2017-09-25,2017-12-08,0.0
RAUWH0GP,gtx plus pro,labdrill,won,2017-09-25,2017-11-27,6105.0
I86I0TJG,gtx basic,xx holding,won,2017-09-25,2017-11-13,549.0
TFW3KAYZ,gtxpro,doncon,won,2017-09-25,2017-11-12,4828.0
9NH8ACMQ,gtx plus basic,dontechi,lost,2017-09-25,2017-10-04,0.0
86KARIC1,gtx basic,y corporation,lost,2017-09-25,2017-10-03,0.0
N2SLAOZR,gtx basic,finhigh,lost,2017-09-25,2017-10-04,0.0
02TUKBP3,mg special,zumgoity,lost,2017-09-25,2017-11-30,0.0
KU0YOR3J,gtx plus basic,zumgoity,won,2017-09-25,2017-10-04,1189.0
BRGJCWO1,mg special,hottechi,won,2017-09-25,2017-11-28,51.0
IEIZU3TY,gtx plus basic,mathtouch,lost,2017-09-25,2017-12-24,0.0
P8QXRXMR,gtxpro,,engaging,2017-09-25,,
35KZ6QTP,mg advanced,xx holding,lost,2017-09-25,2017-10-03,0.0
V5ZP09PO,gtx plus basic,dontechi,lost,2017-09-25,2017-10-03,0.0
VKB9RFJT,mg special,condax,won,2017-09-25,2017-11-20,55.0
Y9HHGGOQ,mg special,dambase,won,2017-09-25,2017-10-04,53.0
H3AEZ2BZ,mg special,plusstrip,lost,2017-09-25,2017-10-05,0.0
LUXAXNBV,gtx plus pro,donquadtech,won,2017-09-25,2017-12-09,5960.0
0XBMBVFP,mg advanced,groovestreet,won,2017-09-25,2017-10-04,3438.0
8KIMVD15,mg special,cancity,lost,2017-09-26,2017-10-06,0.0
Q06QD8ZW,mg special,globex corporation,won,2017-09-26,2017-11-03,54.0
0SD3OBQI,gtx plus basic,konex,lost,2017-09-26,2017-11-06,0.0
YKZFQT7K,gtx basic,kinnamplus,lost,2017-09-26,2017-10-05,0.0
I25J5M7W,mg advanced,iselectrics,lost,2017-09-26,2017-09-28,0.0
B2Z4BB5U,gtx plus pro,toughzap,lost,2017-09-26,2017-10-06,0.0
87ZXBDQS,mg special,isdom,lost,2017-09-26,2017-10-07,0.0
3LYVAV6P,mg special,statholdings,won,2017-09-26,2017-10-03,55.0
G7QIQDSA,gtxpro,,engaging,2017-09-26,,
7I2O2ZCR,gtx plus basic,xx zobam,lost,2017-09-26,2017-11-19,0.0
SUX7JFN7,gtx plus basic,konex,lost,2017-09-26,2017-11-19,0.0
5DL7R4C3,gtxpro,hottechi,lost,2017-09-26,2017-10-03,0.0
61ON3Y6O,mg special,streethex,lost,2017-09-26,2017-10-02,0.0
HOEKIDDI,gtxpro,ganjaflex,lost,2017-09-26,2017-11-13,0.0
10YLM9VF,gtxpro,sonron,lost,2017-09-26,2017-10-09,0.0
LN0DF2XI,mg special,sonron,won,2017-09-26,2017-11-27,48.0
ZNE0DAIF,gtx plus basic,hottechi,lost,2017-09-26,2017-11-24,0.0
DTCHPCBB,mg advanced,finjob,won,2017-09-26,2017-12-14,3553.0
YID2GAED,gtx plus pro,xx holding,lost,2017-09-26,2017-10-04,0.0
QFKL9UK2,gtxpro,j texon,won,2017-09-26,2017-10-05,4727.0
MC3OSDV0,mg special,sunnamplex,won,2017-09-26,2017-10-02,65.0
C7DOYN5Y,gtx basic,rangreen,won,2017-09-26,2017-12-25,585.0
JXUSPNPV,gtx plus basic,,engaging,2017-09-26,,
K79T6VNV,mg special,plexzap,lost,2017-09-26,2017-10-03,0.0
DX8R6PA4,gtx plus basic,domzoom,lost,2017-09-26,2017-10-03,0.0
FZDD9758,mg advanced,cancity,lost,2017-09-26,2017-10-07,0.0
0SIFT5DE,mg advanced,rangreen,lost,2017-09-26,2017-10-04,0.0
MZSCFJZS,gtx plus pro,konmatfix,won,2017-09-26,2017-10-07,5708.0
D6X5T9D4,mg special,hottechi,lost,2017-09-26,2017-10-05,0.0
69Z30MBF,gtx basic,bioholding,won,2017-09-26,2017-11-15,571.0
SH0BSL0Z,gtx basic,scottech,won,2017-09-26,2017-12-24,619.0
Q5E0NILP,mg advanced,donware,won,2017-09-26,2017-10-03,2984.0
RFTDQJ0U,gtx basic,bioplex,won,2017-09-26,2017-10-01,558.0
76NU9866,mg special,condax,won,2017-09-26,2017-12-02,57.0
13O8NTOT,mg special,initech,won,2017-09-26,2017-11-30,61.0
AS3IYIRO,gtx basic,hottechi,won,2017-09-27,2017-12-26,543.0
L1WPBDZG,gtxpro,zotware,won,2017-09-27,2017-12-12,4125.0
QK98E62R,gtx plus pro,ganjaflex,won,2017-09-27,2017-12-29,5301.0
F9THW1PW,gtx basic,kinnamplus,won,2017-09-27,2017-10-05,495.0
LQJISQSD,gtx plus basic,bioplex,won,2017-09-27,2017-10-05,955.0
84SZ58S9,gtx plus basic,iselectrics,won,2017-09-27,2017-10-04,1225.0
Q5I9JWH7,gtxpro,ron tech,lost,2017-09-27,2017-10-02,0.0
6BSKCQCX,gtx basic,conecom,won,2017-09-27,2017-12-25,608.0
UKQD4DPD,gtxpro,warephase,won,2017-09-27,2017-11-13,4515.0
SI874ZK5,gtxpro,silis,lost,2017-09-27,2017-10-06,0.0
6XP6FVMN,mg advanced,green plus,won,2017-09-27,2017-12-18,3772.0
NDMEB0VG,mg advanced,kan code,lost,2017-09-27,2017-10-05,0.0
IGFQGZDK,gtx basic,bioholding,won,2017-09-27,2017-12-08,540.0
Y2DLFFN6,mg advanced,cancity,won,2017-09-27,2017-09-30,2800.0
I6UCM2J9,mg advanced,stanredtax,won,2017-09-27,2017-10-05,3250.0
PT0I4XSM,gtx plus basic,plexzap,won,2017-09-27,2017-10-07,1232.0
X718EF6Y,mg advanced,hatfan,won,2017-09-27,2017-10-04,2811.0
FSYTM6YE,gtxpro,,engaging,2017-09-27,,
VUAFV8SS,gtx plus basic,lexiqvolax,won,2017-09-27,2017-12-07,1178.0
SXPV3WCV,gtxpro,treequote,won,2017-09-27,2017-12-22,4869.0
9PH1EWCH,mg advanced,cheers,lost,2017-09-27,2017-12-03,0.0
THPCTGNI,gtx plus pro,inity,lost,2017-09-27,2017-10-02,0.0
XR4PPDOB,gtx basic,condax,won,2017-09-27,2017-12-18,507.0
EK06CNRW,mg advanced,bioholding,won,2017-09-27,2017-10-06,3681.0
Q25T8PKX,gtx plus basic,doncon,lost,2017-09-27,2017-10-01,0.0
V86S5LWV,gtx plus basic,dontechi,lost,2017-09-27,2017-10-02,0.0
K8Y7CK9T,gtx plus pro,treequote,won,2017-09-27,2017-10-05,5280.0
1LY8CAXD,gtk 500,betasoloin,engaging,2017-09-27,,
ADS3CQ4B,mg special,finjob,won,2017-09-27,2017-11-27,50.0
9UBU6UW4,mg special,genco pura olive oil company,won,2017-09-27,2017-09-29,59.0
ZP9HW0LH,mg advanced,kan code,won,2017-09-27,2017-10-03,3794.0
WV41OJHX,mg advanced,ganjaflex,won,2017-09-27,2017-10-03,3786.0
FTUJY4FP,gtx plus basic,condax,lost,2017-09-28,2017-10-07,0.0
ORBIW519,mg advanced,plussunin,lost,2017-09-28,2017-12-19,0.0
369V78M2,gtxpro,mathtouch,won,2017-09-28,2017-10-07,5553.0
792JYPG1,mg advanced,konex,won,2017-09-28,2017-10-08,3557.0
Y6Q7Z0SO,mg special,green plus,won,2017-09-28,2017-10-08,63.0
9IM813OI,gtx basic,conecom,lost,2017-09-28,2017-11-11,0.0
GXY3QZ2V,mg advanced,scottech,won,2017-09-28,2017-10-06,3704.0
SMP2K39G,gtxpro,,engaging,2017-09-28,,
IVX52FRZ,gtx plus basic,gogozoom,lost,2017-09-28,2017-11-03,0.0
2CN1G52G,mg advanced,hottechi,lost,2017-09-28,2017-10-03,0.0
OR0PEAIV,gtx plus basic,ron tech,won,2017-09-28,2017-11-30,1133.0
EGOU8GB1,gtx plus basic,konex,won,2017-09-28,2017-12-09,1292.0
IIKN6Q8E,mg advanced,plusstrip,won,2017-09-28,2017-12-04,3278.0
VTX8GPN8,mg special,codehow,won,2017-09-28,2017-10-05,55.0
DVGY4X7E,gtx basic,finjob,won,2017-09-28,2017-12-23,498.0
W9LAIASV,mg special,sunnamplex,won,2017-09-28,2017-12-30,55.0
9JTFD4FZ,gtx plus pro,,engaging,2017-09-28,,
1JFYPP8R,gtx basic,cheers,won,2017-09-28,2017-10-05,571.0
C51GWGUE,gtx plus basic,,engaging,2017-09-29,,
A62JDGQK,gtxpro,bubba gump,won,2017-09-29,2017-10-05,4942.0
K25Z2KKH,gtx plus basic,streethex,lost,2017-09-29,2017-10-05,0.0
U3F5X6BB,mg special,bioplex,lost,2017-09-29,2017-12-07,0.0
VJD27D8U,gtxpro,singletechno,won,2017-09-29,2017-10-01,5340.0
9TMPRT6R,gtx basic,vehement capital partners,lost,2017-09-29,2017-10-03,0.0
CE81S7UN,mg advanced,zotware,lost,2017-09-29,2017-10-08,0.0
LEPH90QI,gtx plus pro,isdom,won,2017-09-29,2017-10-09,5689.0
X1QNN2DG,gtx basic,rantouch,lost,2017-09-29,2017-10-08,0.0
J8G6HTCM,mg special,lexiqvolax,lost,2017-09-29,2017-10-11,0.0
94P229FH,mg special,dontechi,won,2017-09-29,2017-12-30,52.0
Q6F9JWTY,mg advanced,rangreen,won,2017-09-29,2017-12-10,3131.0
75JW1GRR,gtx plus basic,konex,lost,2017-09-29,2017-10-09,0.0
P7X2J5DO,gtx plus pro,singletechno,lost,2017-09-29,2017-10-06,0.0
LKBDKJLM,mg special,blackzim,lost,2017-09-29,2017-11-27,0.0
9OT0018Y,mg advanced,goodsilron,lost,2017-09-29,2017-10-10,0.0
I6RH33SU,mg advanced,toughzap,won,2017-09-29,2017-10-05,3957.0
STCU1IXE,gtx basic,treequote,won,2017-09-29,2017-12-30,523.0
E3CR358L,gtx plus basic,treequote,won,2017-09-29,2017-12-21,1156.0
BTOD096J,gtxpro,bubba gump,lost,2017-09-29,2017-10-06,0.0
1B2WYHTY,mg advanced,plexzap,won,2017-09-29,2017-11-30,3509.0
NS6JLCZ2,gtxpro,,engaging,2017-09-29,,
LB5622YN,mg special,hottechi,lost,2017-09-29,2017-10-08,0.0
HIX9V4W1,mg advanced,dontechi,lost,2017-09-29,2017-10-03,0.0
LZ3B174J,mg special,,engaging,2017-09-29,,
XQ6FMG3L,gtx basic,lexiqvolax,lost,2017-09-29,2017-10-06,0.0
W40IER4O,mg special,sonron,won,2017-09-29,2017-12-08,59.0
88PIK8A6,mg special,kinnamplus,lost,2017-09-29,2017-10-08,0.0
6K31TYOR,gtx basic,j texon,won,2017-09-29,2017-10-05,502.0
H29XGJ5H,gtx basic,rangreen,lost,2017-09-30,2017-12-04,0.0
FSBZ3KOY,gtx plus pro,toughzap,lost,2017-09-30,2017-10-01,0.0
T4SSD24J,gtx basic,silis,won,2017-09-30,2017-12-05,541.0
ZDB6D35R,gtx plus pro,ontomedia,won,2017-09-30,2017-12-19,5026.0
8RVTZBQO,mg advanced,dontechi,won,2017-09-30,2017-10-10,3148.0
CMM4A6NJ,gtx plus basic,isdom,lost,2017-09-30,2017-10-06,0.0
7PMUB7T4,gtxpro,bioholding,lost,2017-09-30,2017-10-12,0.0
KTHAX2XV,gtxpro,isdom,lost,2017-09-30,2017-10-05,0.0
IHOTG9ZQ,mg advanced,rundofase,won,2017-09-30,2017-10-09,3006.0
O2BF1KAT,mg special,mathtouch,lost,2017-09-30,2017-12-19,0.0
12HOWQMI,gtxpro,kan code,won,2017-09-30,2017-10-07,5203.0
CXY4CXX1,mg special,condax,lost,2017-09-30,2017-10-07,0.0
IIOVCSHC,mg advanced,xx holding,won,2017-09-30,2017-12-10,2927.0
NX28C8EI,gtx plus pro,,engaging,2017-09-30,,
WV2YBM8V,gtx basic,,engaging,2017-09-30,,
3E09X4S2,gtx basic,rantouch,lost,2017-09-30,2017-10-08,0.0
6BATTRKM,gtx basic,finhigh,lost,2017-09-30,2017-10-07,0.0
GCWTH2MD,mg advanced,isdom,lost,2017-09-30,2017-12-20,0.0
C563WHG1,gtx plus pro,betatech,won,2017-09-30,2017-10-11,6156.0
D9WBSJRC,gtxpro,warephase,won,2017-09-30,2017-10-09,5007.0
NMLTE4CS,gtx plus pro,,engaging,2017-09-30,,
X8P0Q1EU,mg special,scotfind,won,2017-09-30,2017-12-06,59.0
PBGB323I,gtx basic,cancity,won,2017-09-30,2017-10-07,549.0
V5THS9V8,gtx plus basic,isdom,won,2017-09-30,2017-11-27,1117.0
579RHB6S,mg special,stanredtax,won,2017-09-30,2017-10-08,57.0
4SOUOUKH,gtx plus pro,treequote,engaging,2017-09-30,,
9HWUTUXQ,gtx basic,lexiqvolax,lost,2017-09-30,2017-10-09,0.0
T58F1T8V,mg special,acme corporation,lost,2017-09-30,2017-10-08,0.0
U3UT9B1U,mg special,silis,won,2017-09-30,2017-12-24,55.0
HY7D36UC,mg special,umbrella corporation,won,2017-09-30,2017-12-22,63.0
9YVTJF6C,gtx plus basic,rantouch,won,2017-09-30,2017-10-08,1108.0
JGZVNKMT,gtx plus basic,y corporation,won,2017-09-30,2017-12-10,944.0
5B3BKUMD,gtx basic,finhigh,lost,2017-10-01,2017-10-11,0.0
MGHWZSN2,mg advanced,the new york inquirer,lost,2017-10-01,2017-10-06,0.0
EM1BA4EK,gtx basic,scotfind,engaging,2017-10-01,,
GWOOPZE8,gtx plus basic,cheers,engaging,2017-10-01,,
84N2YHUB,gtx basic,konex,lost,2017-10-01,2017-12-01,0.0
IFVL4WL5,gtx plus pro,streethex,won,2017-10-01,2017-12-10,3704.0
8EPT4HEV,gtx plus pro,konex,lost,2017-10-01,2017-10-07,0.0
HZNNKQ0T,gtx plus basic,donquadtech,won,2017-10-01,2017-10-03,1076.0
Z6ETLZQU,gtx plus pro,mathtouch,won,2017-10-01,2017-12-18,5528.0
GXIVJQPG,gtx plus basic,xx zobam,engaging,2017-10-01,,
7MSQSYWR,gtx plus basic,initech,lost,2017-10-01,2017-10-10,0.0
5VJIXV02,gtxpro,yearin,lost,2017-10-01,2017-12-01,0.0
G23RCHB6,gtxpro,rundofase,lost,2017-10-01,2017-10-08,0.0
RMFG5C6C,gtxpro,globex corporation,won,2017-10-01,2017-10-09,4594.0
U2JOATN3,gtxpro,scottech,won,2017-10-01,2017-12-06,6166.0
JGZ3F67I,gtx basic,kinnamplus,lost,2017-10-01,2017-10-07,0.0
FHCSKQ4K,gtx plus pro,bluth company,won,2017-10-01,2017-12-30,5270.0
TU58PHME,gtx plus pro,sumace,lost,2017-10-01,2017-11-17,0.0
9ZVX7NVU,gtx plus basic,xx holding,lost,2017-10-01,2017-10-08,0.0
I4OJHXIN,mg advanced,cheers,won,2017-10-01,2017-10-05,3169.0
NE300YJ0,gtx basic,treequote,won,2017-10-01,2017-11-24,571.0
TYLSS719,gtx basic,goodsilron,lost,2017-10-01,2017-12-03,0.0
M3SQPUB1,gtx plus pro,green plus,won,2017-10-01,2017-10-13,6304.0
MG1YUTUE,mg special,acme corporation,engaging,2017-10-01,,
PEIZDYXE,gtx basic,cheers,lost,2017-10-01,2017-10-02,0.0
HGG0EZ00,gtxpro,groovestreet,lost,2017-10-01,2017-10-05,0.0
XRRMX8K6,gtx basic,statholdings,lost,2017-10-01,2017-10-12,0.0
BJLJV8XE,gtxpro,condax,won,2017-10-01,2017-12-15,4578.0
AQH7ORZZ,mg special,bluth company,won,2017-10-01,2017-12-18,62.0
GLG1IOHT,mg special,j texon,won,2017-10-01,2017-10-08,51.0
89MUGU6K,gtxpro,bluth company,won,2017-10-01,2017-11-30,4881.0
F5OETS8V,gtx basic,golddex,won,2017-10-01,2017-12-18,544.0
CU7KT53A,mg advanced,goodsilron,won,2017-10-01,2017-12-16,2941.0
QNB3SCN9,gtx plus pro,,engaging,2017-10-01,,
0BYU67KG,mg advanced,ganjaflex,lost,2017-10-01,2017-12-13,0.0
SLXPTSGS,mg special,condax,won,2017-10-01,2017-10-11,44.0
FZGGKS2D,gtx plus pro,doncon,won,2017-10-01,2017-12-23,4910.0
6HDTZCCM,gtx plus pro,warephase,lost,2017-10-02,2017-10-14,0.0
XUEHL04Z,gtx plus basic,konex,lost,2017-10-02,2017-10-04,0.0
CTZ5I5R5,gtx plus pro,bioplex,won,2017-10-02,2017-12-05,5469.0
988QUSNK,mg advanced,scottech,lost,2017-10-02,2017-10-03,0.0
2P0VIX4N,mg advanced,treequote,lost,2017-10-02,2017-12-20,0.0
TAPH7KQO,gtx basic,zumgoity,won,2017-10-02,2017-12-07,568.0
TWGFQS8L,gtx plus basic,cancity,lost,2017-10-02,2017-10-12,0.0
MRPSU52W,mg advanced,genco pura olive oil company,lost,2017-10-02,2017-10-09,0.0
UKXRWZ3P,gtx plus pro,codehow,won,2017-10-02,2017-10-04,5263.0
C5XXGXUE,gtxpro,toughzap,won,2017-10-02,2017-10-09,4201.0
2IYQ5ALK,gtx basic,warephase,lost,2017-10-02,2017-10-07,0.0
K4GL9NDX,gtx plus basic,dambase,lost,2017-10-02,2017-12-17,0.0
OFKWBRP7,gtx plus basic,dontechi,lost,2017-10-02,2017-10-10,0.0
1AGL4X1J,gtx plus basic,isdom,lost,2017-10-02,2017-12-18,0.0
TSU40NIZ,gtxpro,groovestreet,lost,2017-10-02,2017-10-04,0.0
VSN0PA06,gtx plus basic,sunnamplex,won,2017-10-02,2017-10-03,1048.0
FQODPHUL,gtx basic,hatfan,won,2017-10-02,2017-11-04,631.0
KRUY5G5I,mg advanced,hottechi,lost,2017-10-02,2017-10-13,0.0
SCYV3JPO,gtx basic,betatech,won,2017-10-02,2017-10-12,536.0
T91ZAQRH,gtx plus basic,genco pura olive oil company,won,2017-10-02,2017-12-18,1127.0
R293SULP,gtx plus basic,ron tech,lost,2017-10-02,2017-10-04,0.0
UDKH3AM0,mg special,cancity,won,2017-10-02,2017-10-09,56.0
I4T9W7NQ,gtx basic,hottechi,lost,2017-10-02,2017-12-15,0.0
H4ZSZQ9V,gtxpro,bluth company,won,2017-10-02,2017-10-10,4186.0
2GQAAHG6,mg advanced,konex,won,2017-10-02,2017-10-12,3670.0
7OGPA4I3,mg advanced,umbrella corporation,won,2017-10-02,2017-10-12,3482.0
54XJLU62,gtx plus basic,gekko co,lost,2017-10-02,2017-10-12,0.0
XSSK506P,mg special,funholding,lost,2017-10-02,2017-10-04,0.0
AJKE7ACY,mg special,kinnamplus,won,2017-10-02,2017-10-11,50.0
JPPLGVUS,mg advanced,massive dynamic,won,2017-10-02,2017-12-31,3629.0
O7B3XCKF,gtx basic,hottechi,lost,2017-10-02,2017-10-03,0.0
5A7S6Z6P,gtxpro,groovestreet,lost,2017-10-02,2017-10-11,0.0
OOB372R5,gtx basic,condax,won,2017-10-02,2017-10-12,544.0
L67B6CU2,gtx plus pro,rundofase,lost,2017-10-03,2017-10-09,0.0
6V0QV9CU,mg advanced,stanredtax,won,2017-10-03,2017-10-10,3415.0
0MXZ36G7,gtx basic,bubba gump,won,2017-10-03,2017-10-04,616.0
LMCHDMJX,gtx plus basic,donware,won,2017-10-03,2017-10-08,1050.0
4HBU57OV,mg special,toughzap,won,2017-10-03,2017-10-10,58.0
AOIM2Y7M,mg advanced,zotware,won,2017-10-03,2017-10-05,3858.0
5KC100IN,mg special,condax,lost,2017-10-03,2017-10-13,0.0
OOFWSKFF,gtx basic,hottechi,lost,2017-10-03,2017-10-04,0.0
LV7HHGM4,gtx plus pro,funholding,lost,2017-10-03,2017-10-05,0.0
HBZEI375,mg advanced,ron tech,lost,2017-10-03,2017-10-10,0.0
GRQZZNQB,mg advanced,inity,won,2017-10-03,2017-11-08,3207.0
1D8XLZQ8,mg advanced,konex,won,2017-10-03,2017-11-21,3795.0
CAX04DY1,mg special,rundofase,lost,2017-10-03,2017-11-16,0.0
ZVEH26GP,gtx plus basic,j texon,won,2017-10-03,2017-10-08,1028.0
G7QR0SCP,mg special,doncon,won,2017-10-03,2017-10-15,64.0
MYD4PBM9,gtx basic,,engaging,2017-10-03,,
DUOS7AO8,gtxpro,rangreen,lost,2017-10-03,2017-11-24,0.0
CCCQGBSY,gtx plus basic,bluth company,won,2017-10-03,2017-12-09,1284.0
C5Z2806X,gtxpro,iselectrics,won,2017-10-03,2017-12-28,5044.0
2CY7OS6A,mg special,y corporation,lost,2017-10-03,2017-10-06,0.0
FZKX09GE,mg advanced,rangreen,won,2017-10-03,2017-10-09,3254.0
E2CJIO85,gtx plus pro,,engaging,2017-10-03,,
R2PBFVU7,gtxpro,hottechi,lost,2017-10-03,2017-10-08,0.0
D4SJ5G2G,mg special,xx zobam,lost,2017-10-03,2017-12-23,0.0
N2ESTUQT,gtxpro,vehement capital partners,won,2017-10-03,2017-10-10,5127.0
3QSM7X3W,gtxpro,green plus,won,2017-10-03,2017-11-06,4194.0
UG4BHJRQ,gtxpro,singletechno,won,2017-10-03,2017-10-11,4105.0
NMF60XWK,mg special,cancity,lost,2017-10-04,2017-10-13,0.0
L6WEVHEN,mg special,gogozoom,won,2017-10-04,2017-12-16,59.0
EP5QRHID,mg advanced,,engaging,2017-10-04,,
EYWXCFXJ,gtx plus pro,bluth company,lost,2017-10-04,2017-11-01,0.0
QC9B7V93,mg advanced,acme corporation,lost,2017-10-04,2017-10-11,0.0
CPVW06O2,mg special,bubba gump,won,2017-10-04,2017-10-11,54.0
2KNVLXA4,gtx plus pro,plussunin,won,2017-10-04,2017-10-14,5989.0
5WAKI1NB,gtx basic,,engaging,2017-10-04,,
LDJ6VTNW,gtx plus basic,,engaging,2017-10-04,,
YI8JSLKX,gtxpro,silis,lost,2017-10-04,2017-10-15,0.0
E4O6XJ9E,gtxpro,betatech,lost,2017-10-04,2017-10-12,0.0
L7TT9ZL4,gtx plus pro,finhigh,won,2017-10-04,2017-12-21,4735.0
JD6WHH6G,gtxpro,rangreen,won,2017-10-04,2017-10-10,5055.0
93OFIHMF,gtx plus pro,fasehatice,won,2017-10-04,2017-12-05,4527.0
9E7VMZ1J,gtx basic,dambase,lost,2017-10-04,2017-12-23,0.0
BUNGSHKB,gtxpro,scottech,lost,2017-10-04,2017-10-15,0.0
MK2YTCZN,mg special,inity,won,2017-10-04,2017-10-06,58.0
MZTB3C70,gtx basic,j texon,lost,2017-10-04,2017-11-17,0.0
LHG76MIU,mg special,rantouch,won,2017-10-04,2017-12-03,62.0
SGAJAIP9,gtxpro,blackzim,won,2017-10-04,2017-12-20,5026.0
UZ9SEIZ9,mg special,nam zim,lost,2017-10-04,2017-10-13,0.0
KDY5FEUO,gtx basic,y corporation,won,2017-10-04,2017-12-20,496.0
1L68AC0E,gtxpro,gogozoom,engaging,2017-10-04,,
ZRMZJVWK,gtxpro,plusstrip,won,2017-10-04,2017-12-28,5491.0
JAG873Y3,mg special,hottechi,lost,2017-10-05,2017-10-12,0.0
WQTR95J3,gtx basic,stanredtax,won,2017-10-05,2017-10-11,622.0
1FHY3UGF,gtxpro,zotware,lost,2017-10-05,2017-10-13,0.0
B9KFRY53,gtx plus basic,rangreen,won,2017-10-05,2017-10-10,1132.0
ZRCY8P4P,gtx plus pro,condax,won,2017-10-05,2017-12-14,5422.0
M3RME16Q,gtxpro,inity,won,2017-10-05,2017-10-14,5170.0
YPRHMUIB,gtxpro,stanredtax,won,2017-10-05,2017-12-22,5009.0
HM4ZINFJ,mg advanced,zathunicon,lost,2017-10-05,2017-10-10,0.0
06C1N1F7,mg special,,engaging,2017-10-05,,
6WIQG92N,gtk 500,konex,lost,2017-10-05,2017-10-18,0.0
3JMB4J8E,gtx plus pro,acme corporation,won,2017-10-05,2017-10-07,5331.0
FTZ4VYH4,mg advanced,scotfind,lost,2017-10-05,2017-12-13,0.0
GEJKKFOL,gtx basic,groovestreet,lost,2017-10-05,2017-10-10,0.0
UYWQ5N0R,gtxpro,labdrill,lost,2017-10-05,2017-11-23,0.0
NDAFT4KV,gtx plus basic,hatfan,won,2017-10-05,2017-10-18,1132.0
BO1GBSM0,gtx plus pro,blackzim,won,2017-10-05,2017-10-11,5004.0
FSVEMKSG,gtx basic,inity,won,2017-10-05,2017-10-10,556.0
V0XQVHQV,mg special,gogozoom,won,2017-10-05,2017-10-12,53.0
TFZMFOH9,gtxpro,finjob,won,2017-10-05,2017-11-24,4362.0
VVE9HGLD,gtxpro,,engaging,2017-10-05,,
8T9ANK4E,gtx basic,warephase,won,2017-10-05,2017-12-24,550.0
76WXMI88,mg special,stanredtax,won,2017-10-05,2017-12-28,50.0
ZH8XR8YT,gtx plus basic,dontechi,lost,2017-10-05,2017-10-13,0.0
PR9HQKA7,gtx plus basic,dontechi,lost,2017-10-05,2017-10-15,0.0
NMHDWGNT,gtxpro,funholding,lost,2017-10-05,2017-10-15,0.0
WX3CPDYD,gtxpro,gekko co,won,2017-10-05,2017-12-31,4651.0
3DF5FIAM,mg advanced,umbrella corporation,won,2017-10-05,2017-12-17,3285.0
018KKT5I,gtx basic,faxquote,lost,2017-10-05,2017-10-11,0.0
9AOPLD0O,mg advanced,umbrella corporation,won,2017-10-05,2017-10-11,3002.0
J54XWY0O,gtx basic,betatech,lost,2017-10-05,2017-10-16,0.0
FJEL0TDN,mg special,conecom,won,2017-10-05,2017-10-07,58.0
I5JTM3EK,mg special,zoomit,lost,2017-10-05,2017-10-08,0.0
3Q5R6HAY,mg advanced,doncon,won,2017-10-05,2017-10-08,3435.0
VOEOU1U6,mg special,xx holding,lost,2017-10-05,2017-10-07,0.0
52IHI8JD,mg special,funholding,lost,2017-10-06,2017-11-24,0.0
7QPQ40X9,mg advanced,ron tech,lost,2017-10-06,2017-10-08,0.0
KFZ37330,gtx basic,konex,won,2017-10-06,2017-12-14,492.0
T64JVA4T,gtxpro,xx zobam,won,2017-10-06,2017-10-07,4401.0
Y5C1Q7UR,mg special,zathunicon,won,2017-10-06,2017-12-26,50.0
VN0XOAB6,mg advanced,bubba gump,won,2017-10-06,2017-11-12,3333.0
MVZG0BSG,gtx plus basic,donware,won,2017-10-06,2017-10-16,1095.0
JIEO87ZV,mg advanced,,engaging,2017-10-06,,
EM1W738H,gtx plus pro,dambase,won,2017-10-06,2017-11-22,5595.0
13WLN2MJ,gtxpro,finhigh,won,2017-10-06,2017-10-08,4461.0
M4NNI01I,gtx plus basic,yearin,lost,2017-10-06,2017-10-16,0.0
MIA65OVY,mg special,,engaging,2017-10-06,,
U3FTUG3T,gtx basic,streethex,won,2017-10-06,2017-11-20,415.0
RS13M1ZP,mg advanced,stanredtax,won,2017-10-06,2017-10-08,3212.0
10B65ZN9,gtx basic,groovestreet,won,2017-10-06,2017-12-31,457.0
V4YBVSJ4,gtx plus basic,condax,lost,2017-10-06,2017-10-17,0.0
LVMPJ8JN,gtx basic,codehow,won,2017-10-06,2017-12-31,546.0
OV0LOPAA,gtx plus basic,statholdings,lost,2017-10-06,2017-10-12,0.0
0ISX53T3,gtx basic,globex corporation,won,2017-10-06,2017-12-21,453.0
KL8PCQXC,gtxpro,hatfan,lost,2017-10-06,2017-10-15,0.0
Q4KZSJ6Q,gtx basic,dambase,won,2017-10-06,2017-10-07,510.0
1IABHXOP,gtx basic,gogozoom,won,2017-10-06,2017-10-14,552.0
2RE0MZGV,mg advanced,zencorporation,won,2017-10-06,2017-10-07,3203.0
JLKLRCFZ,gtx plus pro,the new york inquirer,won,2017-10-06,2017-10-14,6228.0
2X9KWWCP,mg special,dambase,won,2017-10-06,2017-10-11,59.0
IF2BUC3Q,gtxpro,mathtouch,lost,2017-10-06,2017-10-08,0.0
GU4HXZ55,gtx plus basic,condax,won,2017-10-06,2017-12-23,1129.0
JQK0EF45,gtx plus pro,streethex,won,2017-10-07,2017-10-13,5349.0
YUUD6GIT,gtx plus basic,umbrella corporation,won,2017-10-07,2017-11-19,1148.0
FBDZ4LCK,gtx basic,zotware,lost,2017-10-07,2017-10-08,0.0
SQMPV6L6,mg special,toughzap,won,2017-10-07,2017-10-19,52.0
N9ZBEJFI,mg advanced,finhigh,won,2017-10-07,2017-12-28,3253.0
EKXXH9IK,gtx plus basic,gekko co,won,2017-10-07,2017-11-04,1267.0
OC6ZMTK5,gtx plus basic,initech,won,2017-10-07,2017-10-13,1096.0
M57LZE5F,mg advanced,hottechi,lost,2017-10-07,2017-12-23,0.0
1XO519P4,mg special,genco pura olive oil company,won,2017-10-07,2017-12-30,54.0
UBWO7HIV,mg advanced,green plus,won,2017-10-07,2017-12-13,3293.0
00X8VEYH,gtxpro,rundofase,won,2017-10-07,2017-12-22,4404.0
ZJ11PBUV,gtxpro,zumgoity,won,2017-10-07,2017-10-09,5212.0
GJX7YGIF,gtx basic,plexzap,lost,2017-10-07,2017-11-25,0.0
MF6S92GQ,gtx basic,dalttechnology,won,2017-10-07,2017-12-08,488.0
KTZDTM8W,gtx basic,globex corporation,won,2017-10-07,2017-10-13,594.0
SH0S5N6U,gtx basic,singletechno,won,2017-10-07,2017-12-30,464.0
M3306MKK,mg special,cheers,won,2017-10-07,2017-12-13,53.0
5H27L6YI,gtx plus basic,finhigh,lost,2017-10-07,2017-10-15,0.0
FCEJCRKY,gtx basic,streethex,won,2017-10-07,2017-10-08,661.0
FTVBHHFC,gtx plus basic,genco pura olive oil company,won,2017-10-07,2017-10-14,1240.0
CXE6ORIJ,mg advanced,isdom,won,2017-10-07,2017-12-20,2763.0
QFIEJY21,gtx basic,condax,won,2017-10-07,2017-12-05,610.0
4OUTIJAR,mg special,hatfan,won,2017-10-07,2017-12-14,59.0
R19OP4QL,gtx basic,rangreen,won,2017-10-07,2017-10-19,577.0
UU7QH2WX,mg special,kan code,lost,2017-10-07,2017-10-15,0.0
O7WVUMZ5,gtx plus basic,finjob,won,2017-10-07,2017-10-09,1139.0
NRMFYPAD,gtx plus pro,treequote,won,2017-10-08,2017-12-30,6038.0
63HMAJCZ,gtxpro,umbrella corporation,won,2017-10-08,2017-10-14,4605.0
MR49QBLO,mg advanced,konex,won,2017-10-08,2017-11-21,3264.0
V7C6RT5S,mg advanced,betasoloin,won,2017-10-08,2017-10-17,3472.0
G1POINXI,gtx plus basic,rangreen,won,2017-10-08,2017-10-15,1186.0
S181FZ0Y,gtx basic,zotware,lost,2017-10-08,2017-10-16,0.0
5J7T0GZU,gtxpro,sumace,won,2017-10-08,2017-12-14,4964.0
0IAJNXTD,mg special,domzoom,lost,2017-10-08,2017-10-10,0.0
RMQME3N0,gtx plus basic,massive dynamic,lost,2017-10-08,2017-11-21,0.0
G8C3GRPO,mg advanced,vehement capital partners,won,2017-10-08,2017-10-20,2812.0
IY3U40F8,gtx plus basic,globex corporation,lost,2017-10-08,2017-10-14,0.0
OZFSBIDF,gtxpro,toughzap,lost,2017-10-08,2017-10-09,0.0
IEJHIQYI,mg advanced,blackzim,won,2017-10-08,2017-12-22,3517.0
6SQHVC0S,gtxpro,dambase,lost,2017-10-08,2017-12-26,0.0
L9EVLHSJ,gtx plus basic,,engaging,2017-10-08,,
DIGZWVHI,gtx basic,sunnamplex,lost,2017-10-08,2017-10-09,0.0
1ZT4IROS,gtx basic,xx holding,won,2017-10-08,2017-10-10,608.0
60QEB2FZ,gtx plus pro,fasehatice,won,2017-10-08,2017-10-16,4989.0
2PX317QP,gtxpro,newex,won,2017-10-08,2017-11-23,4780.0
O691ZXXH,mg special,,engaging,2017-10-08,,
2T0GMDKK,gtx plus basic,blackzim,lost,2017-10-08,2017-10-10,0.0
ZK6HTTBB,mg special,labdrill,lost,2017-10-08,2017-10-14,0.0
V74YPMJ4,mg special,zoomit,lost,2017-10-08,2017-10-20,0.0
8ZIX3LAF,mg advanced,newex,won,2017-10-08,2017-10-09,3023.0
QDBJOE9M,mg special,,engaging,2017-10-08,,
IVMMNSJB,gtx plus pro,conecom,lost,2017-10-09,2017-10-17,0.0
H9M21153,mg advanced,ron tech,won,2017-10-09,2017-10-20,3100.0
JV0KXH4X,gtx plus pro,donquadtech,won,2017-10-09,2017-12-30,6406.0
V9UM2K16,gtx plus pro,kinnamplus,won,2017-10-09,2017-10-15,5711.0
ZEYGDEBG,gtxpro,,engaging,2017-10-09,,
SRV6TQ2E,mg special,ontomedia,won,2017-10-09,2017-10-18,58.0
94GJ7WZV,gtxpro,statholdings,lost,2017-10-09,2017-10-10,0.0
B24YQ6LA,gtx basic,zotware,won,2017-10-09,2017-10-10,552.0
RYELEM60,mg advanced,the new york inquirer,won,2017-10-09,2017-10-20,3215.0
RL26ZS8F,gtx basic,konmatfix,lost,2017-10-09,2017-11-27,0.0
JKIAA2TF,gtx plus basic,finjob,won,2017-10-09,2017-11-23,1112.0
HTK2UHC8,gtx basic,stanredtax,lost,2017-10-09,2017-10-21,0.0
SPRK2YOB,gtx plus basic,warephase,won,2017-10-09,2017-11-25,1190.0
8F7VHV02,gtx basic,finjob,won,2017-10-09,2017-12-22,446.0
7FGVY6GK,gtx basic,konex,won,2017-10-09,2017-10-10,565.0
6IZZL97A,gtx basic,singletechno,lost,2017-10-09,2017-10-18,0.0
0HUWQWOJ,mg special,,engaging,2017-10-09,,
C35YI5NJ,gtxpro,singletechno,won,2017-10-09,2017-12-25,4753.0
6U30UYDT,gtx plus basic,genco pura olive oil company,lost,2017-10-09,2017-11-30,0.0
ZXOHD0KE,gtx basic,sunnamplex,lost,2017-10-09,2017-10-19,0.0
77Q6KD0O,gtx basic,statholdings,lost,2017-10-09,2017-10-21,0.0
JIH6P53I,gtx plus basic,stanredtax,won,2017-10-09,2017-10-10,1129.0
WKTVP5WY,mg special,sunnamplex,won,2017-10-09,2017-10-10,56.0
10N0ZBYO,mg advanced,singletechno,won,2017-10-09,2017-10-11,3435.0
IUVAUQ6I,mg advanced,rangreen,won,2017-10-09,2017-10-14,3860.0
YH5L64AP,mg special,yearin,lost,2017-10-09,2017-12-23,0.0
A71ENBVA,gtx basic,hottechi,lost,2017-10-09,2017-10-17,0.0
4X8WU71C,mg advanced,condax,lost,2017-10-09,2017-10-11,0.0
03H4RXBI,gtx basic,y corporation,won,2017-10-09,2017-12-17,482.0
MQVOQZL7,mg special,codehow,lost,2017-10-10,2017-10-19,0.0
OHD4TPKZ,gtx plus basic,gogozoom,won,2017-10-10,2017-10-11,1166.0
V4PVZC5L,mg special,kinnamplus,lost,2017-10-10,2017-10-18,0.0
9G85W8XE,gtx plus basic,kan code,lost,2017-10-10,2017-10-15,0.0
S6DXPVLA,gtx plus basic,yearin,lost,2017-10-10,2017-11-13,0.0
MKI4TLUN,gtxpro,zencorporation,won,2017-10-10,2017-12-18,5112.0
H41YA4SB,gtx plus basic,toughzap,lost,2017-10-10,2017-12-26,0.0
MW4MSIWW,gtxpro,warephase,lost,2017-10-10,2017-10-14,0.0
XSQOEHEA,mg advanced,lexiqvolax,lost,2017-10-10,2017-10-15,0.0
GQT2DFWZ,mg advanced,treequote,won,2017-10-10,2017-10-20,3892.0
IQ9GMTBR,gtx basic,dalttechnology,won,2017-10-10,2017-10-11,473.0
ZR8H455M,gtx basic,groovestreet,lost,2017-10-10,2017-10-14,0.0
3F2EMUQ7,gtx plus basic,scotfind,lost,2017-10-10,2017-10-11,0.0
VB26KWQ6,gtx basic,faxquote,won,2017-10-10,2017-11-20,511.0
7J1UD7ZW,gtx basic,hottechi,won,2017-10-10,2017-10-12,509.0
VR6NO9FA,gtx basic,labdrill,won,2017-10-10,2017-10-22,528.0
O8QGRK5P,gtx basic,sunnamplex,won,2017-10-10,2017-10-14,549.0
BOD1GBJU,gtx basic,rundofase,lost,2017-10-10,2017-12-25,0.0
TN3IRRND,mg special,gogozoom,lost,2017-10-10,2017-10-19,0.0
PR224V1P,gtx basic,scottech,lost,2017-10-10,2017-10-19,0.0
60RDU2SZ,mg advanced,globex corporation,won,2017-10-10,2017-10-17,3578.0
X2I316HD,gtx basic,dambase,won,2017-10-10,2017-12-29,523.0
K5DNNWYT,gtxpro,zencorporation,won,2017-10-10,2017-10-11,4575.0
941E65Z7,gtxpro,plusstrip,won,2017-10-10,2017-10-12,4552.0
77UHLYMA,gtx basic,konex,lost,2017-10-10,2017-10-11,0.0
VR1XYM23,gtx basic,blackzim,won,2017-10-10,2017-12-23,551.0
TQ6BTW2Z,gtx basic,faxquote,won,2017-10-10,2017-10-18,545.0
IVSOSC0E,gtx plus basic,y corporation,won,2017-10-10,2017-10-15,1134.0
KI4LTBV6,mg advanced,statholdings,lost,2017-10-11,2017-10-13,0.0
4VZ0JIVZ,mg advanced,scottech,won,2017-10-11,2017-10-16,3434.0
FNCXBWHQ,gtx basic,condax,won,2017-10-11,2017-12-27,505.0
Q306R9K4,gtx plus basic,ganjaflex,won,2017-10-11,2017-10-21,1066.0
KHRY7J40,gtx basic,zathunicon,won,2017-10-11,2017-11-12,580.0
AP9MLRZJ,gtxpro,initech,won,2017-10-11,2017-12-20,4501.0
46JP2TQB,gtx plus basic,globex corporation,lost,2017-10-11,2017-10-19,0.0
W48N7MRO,gtx plus pro,rundofase,lost,2017-10-11,2017-10-13,0.0
X4LSK4OE,gtx plus pro,treequote,won,2017-10-11,2017-11-03,6182.0
M1ZZYSTB,gtxpro,bubba gump,won,2017-10-11,2017-10-12,4763.0
0UOIGVEO,mg advanced,gekko co,won,2017-10-11,2017-10-20,3024.0
AK9OXW30,mg special,ganjaflex,lost,2017-10-11,2017-10-12,0.0
CFGYG1EC,gtx basic,green plus,lost,2017-10-11,2017-10-13,0.0
TS3P4VMD,gtx plus pro,goodsilron,won,2017-10-11,2017-10-19,6751.0
8PEB9FHX,mg special,goodsilron,won,2017-10-11,2017-10-18,54.0
V1YT1LP1,gtx basic,stanredtax,won,2017-10-11,2017-12-25,592.0
DTIZX4YN,gtx plus basic,cancity,won,2017-10-11,2017-10-22,969.0
KMBY0IGV,mg special,dalttechnology,won,2017-10-11,2017-10-12,48.0
XULGG5K8,gtx basic,konex,lost,2017-10-11,2017-10-13,0.0
KP8ZZ3Y6,gtx plus basic,labdrill,lost,2017-10-11,2017-12-23,0.0
SBF5S7LF,gtx plus pro,hatfan,won,2017-10-11,2017-10-21,6555.0
YIA65LM2,mg advanced,treequote,lost,2017-10-11,2017-10-19,0.0
8SLDCS0F,mg special,,engaging,2017-10-11,,
TVBY6CND,gtx plus pro,bioholding,won,2017-10-11,2017-12-15,5271.0
OHOWVHYX,mg advanced,zoomit,engaging,2017-10-11,,
EC9H6XHB,mg special,kan code,lost,2017-10-11,2017-11-22,0.0
47QKNXLO,gtx basic,yearin,won,2017-10-11,2017-12-10,472.0
VW2PJALW,gtx plus pro,cancity,won,2017-10-11,2017-11-29,5211.0
GVLIYD9A,gtx basic,y corporation,won,2017-10-11,2017-12-11,430.0
F761DF0M,gtx basic,silis,engaging,2017-10-11,,
II1GOQWL,gtx basic,fasehatice,lost,2017-10-11,2017-10-20,0.0
4P5BOQB5,gtxpro,singletechno,won,2017-10-11,2017-12-22,4545.0
QYYOVTHC,gtx plus basic,umbrella corporation,lost,2017-10-12,2017-10-19,0.0
4O3EPWFR,gtx plus basic,,engaging,2017-10-12,,
AADN7F5T,mg special,zumgoity,lost,2017-10-12,2017-10-17,0.0
U8CWFFRH,mg advanced,ron tech,lost,2017-10-12,2017-10-13,0.0
35HVN8Q3,gtx basic,scottech,won,2017-10-12,2017-10-21,528.0
PNNZM0OZ,gtxpro,conecom,won,2017-10-12,2017-12-28,5064.0
UYZQCWAC,mg advanced,conecom,won,2017-10-12,2017-12-06,3203.0
K0YFUK4X,gtx basic,scotfind,won,2017-10-12,2017-11-02,549.0
TUL0TZSR,gtx basic,dalttechnology,won,2017-10-12,2017-10-23,594.0
LS2A22IA,gtx basic,globex corporation,lost,2017-10-12,2017-10-21,0.0
L5K0S1U3,gtx basic,globex corporation,lost,2017-10-12,2017-10-22,0.0
82LY53FE,gtx basic,labdrill,won,2017-10-12,2017-11-01,529.0
XRJTRP20,gtxpro,fasehatice,won,2017-10-12,2017-10-17,4505.0
D00FIU21,gtx basic,finhigh,won,2017-10-12,2017-12-11,457.0
C48I5WD9,mg advanced,warephase,won,2017-10-12,2017-10-13,3090.0
HG0N3NJ4,mg special,zencorporation,won,2017-10-12,2017-10-14,53.0
5ZUKTSJV,gtx plus basic,gekko co,won,2017-10-12,2017-10-17,1004.0
CD5B8P8U,mg advanced,hottechi,lost,2017-10-12,2017-10-19,0.0
MBYY3F5P,gtx basic,j texon,won,2017-10-12,2017-10-21,696.0
0V9YEQDU,mg special,treequote,lost,2017-10-13,2017-10-22,0.0
76GEYK0T,gtx plus basic,opentech,won,2017-10-13,2017-10-23,888.0
0QUXNGR1,mg advanced,warephase,lost,2017-10-13,2017-10-18,0.0
4N9E1F86,gtx plus basic,zathunicon,lost,2017-10-13,2017-10-20,0.0
895XMROB,gtx plus pro,yearin,lost,2017-10-13,2017-11-21,0.0
LFMLZPA5,gtxpro,konex,lost,2017-10-13,2017-10-22,0.0
H54N095V,gtxpro,gogozoom,won,2017-10-13,2017-10-24,4767.0
FQPECFYO,gtxpro,hottechi,won,2017-10-13,2017-12-20,4869.0
933OT3AE,mg advanced,ron tech,won,2017-10-13,2017-10-14,3475.0
5HDKACI4,gtx basic,initech,lost,2017-10-13,2017-10-15,0.0
GVEUKZ72,mg special,donware,lost,2017-10-13,2017-12-09,0.0
YHOVVBSP,mg advanced,kan code,lost,2017-10-13,2017-12-10,0.0
ZN6HXJ5F,gtx plus basic,rantouch,lost,2017-10-13,2017-10-20,0.0
3IQ19UZ2,mg advanced,kan code,won,2017-10-13,2017-10-14,3250.0
R2CG5WED,gtx plus pro,singletechno,lost,2017-10-13,2017-12-03,0.0
QCBO7C6E,gtx plus basic,,engaging,2017-10-13,,
ORYORRQV,gtx basic,hottechi,engaging,2017-10-13,,
NGG8O0JX,gtx basic,,engaging,2017-10-13,,
GH0FU105,mg advanced,nam zim,lost,2017-10-13,2017-10-18,0.0
NDIZ18GW,mg advanced,cheers,lost,2017-10-13,2017-10-25,0.0
BRIOGGKC,mg advanced,inity,lost,2017-10-13,2017-11-29,0.0
GZYL4SG1,gtx plus basic,rangreen,won,2017-10-13,2017-10-26,978.0
7ZASHEBX,mg special,bubba gump,won,2017-10-13,2017-12-14,49.0
WJ9JNMJ2,mg special,stanredtax,won,2017-10-13,2017-10-24,49.0
N3OWNMD3,gtx plus pro,xx holding,lost,2017-10-13,2017-10-22,0.0
8U3LICIW,gtx basic,hottechi,won,2017-10-13,2017-12-10,563.0
JALBPRSF,gtx plus basic,umbrella corporation,lost,2017-10-13,2017-10-21,0.0
0E1HHXGB,mg special,donware,lost,2017-10-13,2017-10-15,0.0
MJXPSHYT,mg special,zencorporation,won,2017-10-13,2017-10-24,53.0
AF8SULB0,gtx plus basic,rangreen,won,2017-10-14,2017-10-26,1168.0
N8BM4XEP,gtx basic,the new york inquirer,won,2017-10-14,2017-11-17,560.0
FZGBRGHF,gtx plus basic,gekko co,lost,2017-10-14,2017-12-30,0.0
36PET9WM,gtxpro,stanredtax,lost,2017-10-14,2017-10-15,0.0
GRO3S3HV,mg special,bioholding,lost,2017-10-14,2017-10-21,0.0
KG9R5M1Y,gtxpro,dontechi,won,2017-10-14,2017-10-18,4810.0
R0S5FZ1G,mg special,donware,lost,2017-10-14,2017-11-01,0.0
3W1Y39BY,gtxpro,silis,won,2017-10-14,2017-10-24,4521.0
G58GOO4N,gtx basic,opentech,lost,2017-10-14,2017-10-18,0.0
JF0F2J5W,gtx plus basic,donquadtech,lost,2017-10-14,2017-10-15,0.0
93AE6QM4,gtx plus basic,hatfan,won,2017-10-14,2017-10-15,881.0
0YM4VJDP,gtx basic,finjob,lost,2017-10-14,2017-11-30,0.0
ICD9OMSF,gtx basic,conecom,won,2017-10-14,2017-10-22,472.0
IHJEX21Z,gtx basic,newex,won,2017-10-14,2017-12-03,562.0
8JORJ1SS,gtx basic,conecom,lost,2017-10-14,2017-10-20,0.0
0NKINI7S,mg special,toughzap,won,2017-10-14,2017-10-16,42.0
QFLFLCD0,gtxpro,streethex,lost,2017-10-14,2017-10-18,0.0
OB3OK8BQ,gtx basic,dontechi,won,2017-10-14,2017-12-26,615.0
5S3RN7H2,gtx plus basic,ron tech,lost,2017-10-14,2017-12-31,0.0
6YCRJK5W,mg advanced,newex,lost,2017-10-14,2017-10-23,0.0
FDMK85GD,mg special,scottech,won,2017-10-14,2017-10-22,58.0
DYYJW46L,gtx plus pro,,engaging,2017-10-14,,
EVKQXZV6,mg special,green plus,lost,2017-10-14,2017-11-01,0.0
IDO6PU1B,gtx plus pro,hatfan,lost,2017-10-14,2017-10-23,0.0
CYAL1N0B,gtxpro,xx holding,won,2017-10-14,2017-10-15,4882.0
9GSBUJMH,mg special,isdom,lost,2017-10-15,2017-10-24,0.0
XSTGL252,gtxpro,toughzap,engaging,2017-10-15,,
ECB42PGL,gtx plus pro,zotware,lost,2017-10-15,2017-10-24,0.0
PYIP2H5Z,mg advanced,streethex,lost,2017-10-15,2017-10-16,0.0
129P48QP,gtx plus pro,ganjaflex,lost,2017-10-15,2017-10-25,0.0
BUFF2EP5,gtxpro,kinnamplus,won,2017-10-15,2017-11-01,5113.0
IQRA0Q8C,gtx plus basic,ron tech,won,2017-10-15,2017-10-16,1154.0
14P6935C,gtxpro,dontechi,won,2017-10-15,2017-10-16,4885.0
U220GK9W,gtxpro,streethex,won,2017-10-15,2017-10-16,4936.0
03R1VC7O,gtx plus basic,condax,won,2017-10-15,2017-10-28,1062.0
LUFR7MJC,gtxpro,codehow,lost,2017-10-15,2017-10-19,0.0
8EX2PGAY,mg special,faxquote,lost,2017-10-15,2017-10-21,0.0
C0H6SU2X,gtx plus basic,groovestreet,won,2017-10-15,2017-12-20,954.0
94JOUSW7,gtx basic,finjob,lost,2017-10-15,2017-10-23,0.0
9RC58SP0,gtx basic,konex,lost,2017-10-15,2017-10-26,0.0
XFNYWN7B,gtx plus basic,xx holding,won,2017-10-15,2017-10-16,868.0
6NFIUDKS,gtx plus pro,doncon,won,2017-10-15,2017-11-26,5867.0
4TD018BE,gtxpro,fasehatice,won,2017-10-15,2017-10-16,5344.0
SWKGC34P,mg special,dambase,lost,2017-10-15,2017-10-21,0.0
C3Y94J5R,gtx plus pro,globex corporation,lost,2017-10-15,2017-10-24,0.0
2H45C9FK,gtxpro,streethex,lost,2017-10-15,2017-10-23,0.0
LFM4SMIA,gtx plus pro,codehow,won,2017-10-15,2017-10-23,5449.0
MEXK5KU6,mg advanced,the new york inquirer,lost,2017-10-15,2017-12-27,0.0
UDXS7H12,gtx plus pro,initech,won,2017-10-15,2017-11-28,4500.0
4G61Z1HD,mg special,inity,lost,2017-10-15,2017-10-25,0.0
X4KAK55N,mg special,sumace,won,2017-10-15,2017-10-23,51.0
AHOYDL01,gtx plus pro,dalttechnology,won,2017-10-15,2017-10-23,6637.0
R5ILWVDD,mg special,stanredtax,won,2017-10-16,2017-12-13,57.0
J5WP57XS,gtx plus basic,statholdings,won,2017-10-16,2017-11-03,990.0
VPD4G16I,gtxpro,zencorporation,won,2017-10-16,2017-10-17,4247.0
Z173R82Y,gtx plus basic,sumace,won,2017-10-16,2017-12-25,1008.0
TFGC7TPF,gtxpro,stanredtax,lost,2017-10-16,2017-10-19,0.0
03X37HOO,mg special,zumgoity,lost,2017-10-16,2017-10-17,0.0
OWGXQLJS,gtxpro,ron tech,won,2017-10-16,2017-10-25,4834.0
Y4SN1R3L,mg advanced,conecom,won,2017-10-16,2017-10-17,3490.0
CX3PZ8DP,gtx basic,initech,lost,2017-10-16,2017-10-26,0.0
V7DY5VAP,mg special,codehow,lost,2017-10-16,2017-10-24,0.0
JLB353E4,mg advanced,cheers,won,2017-10-16,2017-10-20,3744.0
KOK62RF4,gtxpro,sonron,lost,2017-10-16,2017-10-22,0.0
8U59BH8O,gtx basic,faxquote,lost,2017-10-16,2017-10-26,0.0
BZR75SK1,gtx basic,singletechno,lost,2017-10-16,2017-10-21,0.0
48HBI36Y,gtx basic,nam zim,won,2017-10-16,2017-11-12,591.0
ME7IZ1WY,mg special,dalttechnology,won,2017-10-16,2017-10-24,48.0
STC921ZX,gtx plus basic,golddex,won,2017-10-16,2017-10-23,1060.0
MJRDXH1B,gtx plus basic,hottechi,lost,2017-10-16,2017-10-21,0.0
W2QJUK1Y,gtx basic,betatech,won,2017-10-16,2017-10-28,562.0
B05SO4C6,gtx plus basic,hottechi,lost,2017-10-16,2017-11-19,0.0
MC717WRG,gtxpro,vehement capital partners,lost,2017-10-16,2017-10-18,0.0
P570QB1D,mg special,isdom,won,2017-10-16,2017-10-17,57.0
IWS4PKPP,gtx basic,green plus,won,2017-10-16,2017-12-21,535.0
GB3S67FY,gtxpro,condax,won,2017-10-16,2017-10-25,4580.0
0W8VWJDS,mg special,lexiqvolax,won,2017-10-16,2017-10-18,56.0
4ZKFSG5F,gtx basic,,engaging,2017-10-16,,
5TCGN3GX,gtx plus basic,,engaging,2017-10-16,,
5J9ELX2Y,gtx plus pro,goodsilron,won,2017-10-16,2017-10-23,4942.0
SQE6KE7V,mg special,dambase,won,2017-10-17,2017-10-23,55.0
LH03MJX5,gtx plus pro,yearin,lost,2017-10-17,2017-10-25,0.0
0SQM849O,gtxpro,xx zobam,won,2017-10-17,2017-10-29,5144.0
KXTUVDLU,mg advanced,plussunin,lost,2017-10-17,2017-12-13,0.0
9YOGUMN9,gtxpro,rundofase,lost,2017-10-17,2017-10-24,0.0
C933ZQBB,gtxpro,cancity,won,2017-10-17,2017-10-23,5458.0
G9M9IEQY,gtxpro,rundofase,lost,2017-10-17,2017-10-23,0.0
M2VKMZPH,gtxpro,stanredtax,won,2017-10-17,2017-10-19,5046.0
Y6NI5EBV,gtx plus basic,,engaging,2017-10-17,,
OFC7ZTU8,gtxpro,,engaging,2017-10-17,,
AZCY0HUP,gtx basic,hatfan,lost,2017-10-17,2017-10-23,0.0
7CMG05CY,mg special,goodsilron,lost,2017-10-17,2017-10-26,0.0
KDNNV952,mg special,nam zim,lost,2017-10-17,2017-10-26,0.0
1UPVYK3H,mg special,dambase,won,2017-10-17,2017-10-26,64.0
MUODVNBC,mg special,betatech,won,2017-10-17,2017-10-27,54.0
02G0NJCN,mg special,xx holding,won,2017-10-17,2017-10-26,68.0
76V79SHZ,gtx plus basic,betasoloin,lost,2017-10-17,2017-10-18,0.0
7JMQM7XK,mg special,the new york inquirer,lost,2017-10-17,2017-10-18,0.0
PIPQZ9SQ,mg special,massive dynamic,lost,2017-10-17,2017-10-19,0.0
NXHAAD08,gtx plus basic,kan code,won,2017-10-17,2017-12-10,1129.0
ABMVTEUH,mg advanced,the new york inquirer,lost,2017-10-18,2017-10-19,0.0
9Q710H4R,gtx plus basic,inity,won,2017-10-18,2017-10-20,1200.0
4QU2EXEY,mg advanced,globex corporation,won,2017-10-18,2017-12-19,3164.0
3MKAQ2YI,gtx plus basic,konex,lost,2017-10-18,2017-10-25,0.0
42CA70FG,mg advanced,zotware,won,2017-10-18,2017-10-26,3225.0
R2C8A8SA,gtx plus basic,massive dynamic,lost,2017-10-18,2017-11-05,0.0
PY96Q77S,gtxpro,rangreen,won,2017-10-18,2017-10-20,4130.0
6QAWMSU2,gtx basic,bluth company,lost,2017-10-18,2017-10-24,0.0
5B9EIYPP,gtxpro,donware,lost,2017-10-18,2017-11-29,0.0
Z216TKEU,mg special,singletechno,won,2017-10-18,2017-10-20,47.0
9EHFBSBG,gtx plus pro,konex,won,2017-10-18,2017-10-25,4751.0
6SP45G3T,mg advanced,konmatfix,lost,2017-10-18,2017-10-24,0.0
7U28UXIL,mg advanced,green plus,lost,2017-10-18,2017-10-19,0.0
V2YD7XYV,mg special,y corporation,won,2017-10-18,2017-12-20,51.0
1GVU0QTO,mg advanced,singletechno,won,2017-10-18,2017-10-22,3696.0
QG7RGODO,gtxpro,plexzap,lost,2017-10-18,2017-10-26,0.0
IHBYI8IO,mg advanced,groovestreet,won,2017-10-18,2017-10-24,3536.0
M5NUUVA4,gtx basic,dalttechnology,lost,2017-10-18,2017-11-22,0.0
XKYQ16FS,mg special,nam zim,lost,2017-10-18,2017-11-05,0.0
VVM450RP,mg special,plusstrip,won,2017-10-18,2017-12-17,59.0
60KWQS2V,gtx basic,funholding,won,2017-10-18,2017-10-20,474.0
1RND0S0B,mg special,bioholding,won,2017-10-18,2017-10-30,43.0
WI0LMD20,mg special,hottechi,won,2017-10-18,2017-12-19,60.0
4XPRCRX0,gtx basic,treequote,lost,2017-10-18,2017-10-29,0.0
5UEA6KVU,gtx basic,ron tech,won,2017-10-18,2017-10-27,461.0
GAUSPPYM,gtx plus basic,xx zobam,lost,2017-10-18,2017-12-11,0.0
3Y1LN6CQ,mg special,gekko co,won,2017-10-18,2017-10-19,54.0
RVUJPYY8,mg special,,engaging,2017-10-18,,
W7GVI03S,mg special,plusstrip,lost,2017-10-18,2017-12-02,0.0
7RFTN4WI,gtx plus basic,umbrella corporation,lost,2017-10-18,2017-10-25,0.0
K00YH5XA,mg special,initech,lost,2017-10-18,2017-10-28,0.0
ZXIHEEV2,gtx basic,doncon,lost,2017-10-18,2017-12-31,0.0
WPSHVGDZ,mg advanced,hottechi,lost,2017-10-18,2017-10-24,0.0
DXAO9R8N,mg advanced,rantouch,won,2017-10-18,2017-10-27,3363.0
PN0IWJ0N,gtx plus basic,hottechi,won,2017-10-19,2017-10-30,1089.0
OXKWCAXO,gtxpro,opentech,lost,2017-10-19,2017-10-31,0.0
7FVUE0GY,gtx plus basic,acme corporation,won,2017-10-19,2017-10-21,1096.0
FAIFAGJM,mg special,ron tech,won,2017-10-19,2017-10-29,62.0
IKDFG91F,mg advanced,kan code,lost,2017-10-19,2017-12-26,0.0
BP3I9G0F,gtx plus basic,konex,won,2017-10-19,2017-10-21,1105.0
0GM4GDFT,gtxpro,bluth company,lost,2017-10-19,2017-10-28,0.0
5YIWOUOZ,gtxpro,bioplex,won,2017-10-19,2017-10-24,4353.0
LM3GZYXD,gtxpro,finhigh,lost,2017-10-19,2017-10-28,0.0
UUCSEHJX,gtx plus pro,warephase,won,2017-10-19,2017-10-27,6276.0
OQQWTFSZ,gtxpro,betatech,won,2017-10-19,2017-10-27,4688.0
CWVAO587,gtx basic,ontomedia,lost,2017-10-19,2017-10-26,0.0
YDZZNTEZ,mg advanced,opentech,won,2017-10-19,2017-11-01,3422.0
O1DTVNH2,mg special,hottechi,lost,2017-10-19,2017-10-20,0.0
Q6MGPT50,gtxpro,inity,won,2017-10-19,2017-12-09,5192.0
ENL7MDL2,gtx plus basic,hottechi,won,2017-10-19,2017-10-28,1226.0
CLHPJZHP,gtx plus pro,j texon,won,2017-10-19,2017-10-25,4552.0
YQJGEI71,gtx plus pro,,engaging,2017-10-19,,
XO4ZYI3G,gtx plus pro,xx holding,won,2017-10-19,2017-10-26,5569.0
RSBEC5KF,gtxpro,fasehatice,won,2017-10-19,2017-10-20,4389.0
6Z6SRB1Y,gtx plus pro,hottechi,lost,2017-10-19,2017-11-01,0.0
BZGJ44FH,gtxpro,,engaging,2017-10-19,,
4S17VJ7O,mg advanced,,engaging,2017-10-19,,
FRSYEHJE,mg advanced,globex corporation,lost,2017-10-19,2017-10-21,0.0
MV4DK68W,gtx basic,ron tech,won,2017-10-19,2017-10-26,451.0
B2FSFXKA,mg special,,engaging,2017-10-19,,
W72TPY7P,mg special,,engaging,2017-10-19,,
I15B3BNW,mg advanced,plexzap,lost,2017-10-19,2017-11-28,0.0
1CT3EWJ8,gtx basic,goodsilron,won,2017-10-19,2017-10-21,553.0
JPBLNA5V,gtxpro,scottech,lost,2017-10-19,2017-10-29,0.0
SLILSQJV,gtx plus basic,,engaging,2017-10-19,,
R6OM4EDE,gtx basic,blackzim,won,2017-10-19,2017-11-01,524.0
74Y43OFL,mg advanced,plussunin,lost,2017-10-19,2017-10-21,0.0
OIOGIDI2,gtx plus basic,ron tech,lost,2017-10-19,2017-10-31,0.0
SCN3BY47,mg special,inity,won,2017-10-19,2017-10-27,53.0
HFF39KOB,mg advanced,statholdings,won,2017-10-19,2017-10-20,2749.0
OS59LIZX,gtxpro,j texon,lost,2017-10-19,2017-10-26,0.0
O3S3SF3W,gtxpro,rantouch,lost,2017-10-19,2017-10-21,0.0
WA0NRLP7,gtx plus pro,groovestreet,won,2017-10-19,2017-10-20,5368.0
GHOQQYQM,gtxpro,kan code,won,2017-10-19,2017-12-25,4734.0
6OXOIJ4D,mg advanced,condax,won,2017-10-19,2017-12-16,3089.0
DTFLKV60,mg advanced,dontechi,lost,2017-10-20,2017-10-21,0.0
RELG4CYQ,mg special,gogozoom,won,2017-10-20,2017-10-30,54.0
PLV91KH7,gtxpro,silis,won,2017-10-20,2017-10-27,4345.0
U289K4V3,mg advanced,warephase,won,2017-10-20,2017-10-27,3848.0
PDXFX23P,gtxpro,initech,won,2017-10-20,2017-10-26,4287.0
LULNYY3C,gtxpro,codehow,won,2017-10-20,2017-10-27,4435.0
NJ1YGDZW,gtxpro,stanredtax,won,2017-10-20,2017-10-28,4699.0
CZC1J6FQ,gtx plus pro,cancity,lost,2017-10-20,2017-10-24,0.0
WSWJJ234,mg special,genco pura olive oil company,lost,2017-10-20,2017-10-22,0.0
MDBKYL2Q,mg special,stanredtax,won,2017-10-20,2017-10-30,60.0
M9EU34FE,gtx plus pro,hatfan,won,2017-10-20,2017-10-21,6026.0
HCARIWPE,gtx plus pro,golddex,lost,2017-10-20,2017-10-27,0.0
WGJB2VDU,gtx plus pro,newex,won,2017-10-20,2017-12-25,5095.0
RYWETTBK,gtx basic,fasehatice,engaging,2017-10-20,,
JSLSL3SU,gtx basic,sunnamplex,won,2017-10-20,2017-12-16,565.0
N1B45KIT,gtx plus pro,y corporation,won,2017-10-20,2017-12-22,5883.0
30UA0RS8,gtx plus basic,funholding,won,2017-10-20,2017-12-12,1135.0
R1Z8J1JL,gtx plus basic,konex,won,2017-10-20,2017-12-21,903.0
2DY9U1V7,gtxpro,konex,engaging,2017-10-20,,
MJODFG6C,mg special,green plus,lost,2017-10-20,2017-10-27,0.0
6D7N5SQ7,mg special,lexiqvolax,lost,2017-10-20,2017-10-28,0.0
DQIKGS2U,mg special,dalttechnology,won,2017-10-20,2017-11-03,48.0
EZNAGRVB,gtx plus pro,hatfan,won,2017-10-20,2017-10-30,5388.0
C1M1RST0,gtxpro,plexzap,won,2017-10-20,2017-10-27,4109.0
KIZOEC3M,gtx plus basic,dambase,lost,2017-10-21,2017-10-23,0.0
CO7T7H41,mg special,ron tech,lost,2017-10-21,2017-10-27,0.0
BMQYRJC7,gtx plus pro,codehow,won,2017-10-21,2017-12-16,5543.0
6ALPIXB7,gtx plus basic,donware,lost,2017-10-21,2017-11-29,0.0
5NVTQW38,gtx plus basic,streethex,lost,2017-10-21,2017-10-28,0.0
IOUUN8LM,mg advanced,genco pura olive oil company,lost,2017-10-21,2017-10-27,0.0
3EZLRW47,gtxpro,bioholding,lost,2017-10-21,2017-10-31,0.0
09AILR04,gtxpro,statholdings,won,2017-10-21,2017-10-29,4732.0
KSYI5DDW,mg special,codehow,won,2017-10-21,2017-11-07,55.0
W4R2C7N9,gtx basic,xx zobam,lost,2017-10-21,2017-10-30,0.0
KY1CESUN,gtx plus pro,the new york inquirer,lost,2017-10-21,2017-10-29,0.0
M4EHG2ZB,mg special,konmatfix,won,2017-10-21,2017-10-30,52.0
DLAMSRVT,gtx basic,genco pura olive oil company,lost,2017-10-21,2017-10-22,0.0
PZNZD22T,gtx basic,doncon,lost,2017-10-21,2017-12-14,0.0
FVCN0HQ9,gtx basic,cheers,lost,2017-10-21,2017-10-23,0.0
A0FVQ8KO,gtx basic,labdrill,won,2017-10-21,2017-10-27,575.0
6KGX67OZ,gtx basic,green plus,lost,2017-10-21,2017-10-30,0.0
BXXGLPD7,mg special,domzoom,lost,2017-10-21,2017-11-01,0.0
MHF6GSB6,mg advanced,plussunin,won,2017-10-21,2017-10-29,3612.0
TFILI4TE,mg special,zathunicon,lost,2017-10-21,2017-10-25,0.0
4P0SDD91,gtxpro,iselectrics,won,2017-10-21,2017-12-15,4970.0
ZZ4X9VN3,mg advanced,ganjaflex,won,2017-10-21,2017-10-31,2995.0
0J3UU8PZ,gtx basic,zathunicon,won,2017-10-22,2017-12-30,546.0
UYPF6FZ3,gtx plus basic,gekko co,won,2017-10-22,2017-12-20,1184.0
2HKRINHL,gtx plus pro,plussunin,won,2017-10-22,2017-10-24,5500.0
G5JXIYRO,mg advanced,domzoom,won,2017-10-22,2017-10-24,3616.0
4MXSHU7X,gtk 500,kan code,lost,2017-10-22,2017-11-30,0.0
H4FIU51C,mg advanced,mathtouch,lost,2017-10-22,2017-10-26,0.0
CC2ICRAG,gtx plus basic,rundofase,won,2017-10-22,2017-12-29,1087.0
RDC531P5,gtxpro,inity,won,2017-10-22,2017-10-30,3578.0
9QX62IL2,gtx basic,finjob,won,2017-10-22,2017-10-29,544.0
3GRTE6VM,mg advanced,dalttechnology,won,2017-10-22,2017-10-29,3082.0
E4BPOOL6,mg advanced,hottechi,won,2017-10-22,2017-10-24,3450.0
B894QWQM,gtxpro,kan code,won,2017-10-22,2017-10-29,5360.0
U9QMLC5Z,gtxpro,cheers,won,2017-10-22,2017-11-01,4991.0
VCQBM844,mg advanced,cheers,won,2017-10-22,2017-10-30,3294.0
UE66OOQS,gtx plus basic,conecom,lost,2017-10-22,2017-10-30,0.0
W5ABRRKC,gtx plus basic,rantouch,won,2017-10-22,2017-10-31,981.0
Y8KI5ANO,gtx plus basic,isdom,lost,2017-10-22,2017-11-03,0.0
CTM8WFGW,gtx plus pro,streethex,won,2017-10-22,2017-10-23,6233.0
RFUJTKVO,mg special,domzoom,won,2017-10-22,2017-11-28,55.0
ZMEKFXC5,mg special,globex corporation,lost,2017-10-22,2017-10-28,0.0
LO2BMO33,gtx plus pro,conecom,won,2017-10-22,2017-12-10,6142.0
GL2FM1RM,gtx basic,,engaging,2017-10-22,,
4ETFTKHJ,mg special,golddex,lost,2017-10-22,2017-10-29,0.0
528YB7Q0,gtx plus basic,umbrella corporation,lost,2017-10-22,2017-12-06,0.0
OFEUX5PI,gtxpro,hatfan,won,2017-10-22,2017-10-28,5190.0
S3V8Z52J,mg advanced,initech,lost,2017-10-23,2017-10-25,0.0
TTYSSNJH,gtx plus basic,gekko co,won,2017-10-23,2017-11-01,1027.0
LROWI84G,gtx plus basic,dontechi,won,2017-10-23,2017-10-31,1237.0
IQAP70OD,gtx plus basic,streethex,won,2017-10-23,2017-10-29,965.0
JWWVG8KG,gtxpro,inity,won,2017-10-23,2017-11-03,5729.0
7PEL3AIZ,gtxpro,isdom,won,2017-10-23,2017-10-24,5685.0
NXQR7LX6,gtxpro,rundofase,won,2017-10-23,2017-10-26,4024.0
JL358E5T,gtx basic,silis,won,2017-10-23,2017-12-12,511.0
DHUG18WU,gtx plus pro,sonron,lost,2017-10-23,2017-10-30,0.0
T6ENEYKW,gtxpro,ontomedia,lost,2017-10-23,2017-11-04,0.0
3MGMH9AE,mg advanced,stanredtax,lost,2017-10-23,2017-10-24,0.0
JJGRAQ2K,gtx plus pro,rangreen,engaging,2017-10-23,,
4Z84VV2P,gtxpro,y corporation,won,2017-10-23,2017-11-05,4382.0
DMYP7REE,gtx plus basic,funholding,lost,2017-10-23,2017-11-19,0.0
1SKNSG2B,gtx plus pro,treequote,won,2017-10-23,2017-10-30,5516.0
G6MUC5R6,gtx plus pro,finhigh,lost,2017-10-23,2017-11-06,0.0
X7MN9ROG,gtx plus pro,,engaging,2017-10-23,,
6445PW4Z,gtxpro,rantouch,lost,2017-10-23,2017-10-24,0.0
CUJIRCWV,mg special,condax,won,2017-10-23,2017-12-28,51.0
YSFFEUCQ,gtx plus basic,groovestreet,lost,2017-10-23,2017-10-28,0.0
OX0NE27G,gtx plus basic,kan code,won,2017-10-23,2017-10-31,1195.0
0B09WODM,gtx plus basic,mathtouch,lost,2017-10-24,2017-10-26,0.0
FSC4A2HZ,gtx plus pro,silis,lost,2017-10-24,2017-10-25,0.0
YT5GLR6D,mg advanced,kinnamplus,won,2017-10-24,2017-11-02,3588.0
S7UVZXM3,mg special,,engaging,2017-10-24,,
KOPJOMQE,gtx plus basic,massive dynamic,lost,2017-10-24,2017-10-29,0.0
AS2BKSCT,gtx plus basic,codehow,lost,2017-10-24,2017-11-08,0.0
S3GVO59B,gtxpro,stanredtax,won,2017-10-24,2017-12-01,5542.0
L8POFR0T,mg advanced,finjob,won,2017-10-24,2017-12-31,3296.0
RYF41KOV,gtx plus basic,domzoom,lost,2017-10-24,2017-10-25,0.0
MV7NPCI9,gtx basic,betatech,won,2017-10-24,2017-10-29,519.0
TSN98FPQ,gtx plus basic,betatech,won,2017-10-24,2017-10-25,1243.0
SQW60VII,mg advanced,fasehatice,lost,2017-10-24,2017-10-26,0.0
PGG2DUPO,gtx plus basic,ron tech,won,2017-10-24,2017-10-31,1133.0
85U38YFD,gtx basic,hottechi,lost,2017-10-24,2017-12-24,0.0
M7V7UJHZ,mg advanced,genco pura olive oil company,lost,2017-10-24,2017-12-29,0.0
S56NVD4M,gtx plus pro,dalttechnology,won,2017-10-24,2017-11-10,4945.0
Y34O7SKI,mg advanced,treequote,lost,2017-10-24,2017-10-30,0.0
DSY9VD0O,gtx basic,cheers,won,2017-10-24,2017-10-26,535.0
HWOBBZWQ,gtx basic,,engaging,2017-10-24,,
6ZR7IUC4,mg advanced,zoomit,lost,2017-10-24,2017-11-07,0.0
8W9YXI59,mg special,cancity,won,2017-10-25,2017-11-26,59.0
OYH46MQB,gtx basic,,engaging,2017-10-25,,
YEH9VQCD,gtx basic,condax,won,2017-10-25,2017-10-27,526.0
35GT4NM9,gtx basic,acme corporation,won,2017-10-25,2017-11-05,586.0
MICIJ00A,mg advanced,scottech,lost,2017-10-25,2017-10-27,0.0
D4ABG4I1,gtxpro,rundofase,won,2017-10-25,2017-11-10,4356.0
EMK9P63G,gtx basic,condax,won,2017-10-25,2017-10-26,566.0
HXGDBNAV,mg advanced,,engaging,2017-10-25,,
7GWM1WT0,gtx basic,hottechi,won,2017-10-25,2017-12-30,537.0
U0XWF9TW,mg special,the new york inquirer,won,2017-10-25,2017-12-21,47.0
E8L9I3QP,gtx basic,condax,won,2017-10-25,2017-11-03,447.0
63S5SNBC,gtx plus basic,domzoom,won,2017-10-26,2017-10-27,1103.0
3PIPAOVU,mg special,finhigh,won,2017-10-26,2017-12-28,57.0
UBU4E17W,gtx basic,betasoloin,lost,2017-10-26,2017-11-06,0.0
99HAV7SY,gtx plus pro,hottechi,lost,2017-10-26,2017-11-24,0.0
UX9D17FS,gtxpro,ontomedia,won,2017-10-26,2017-11-04,4525.0
FL804BH8,gtxpro,isdom,lost,2017-10-26,2017-10-30,0.0
RWR0W3U8,gtxpro,zumgoity,lost,2017-10-26,2017-10-27,0.0
8UU0I29V,gtx basic,fasehatice,won,2017-10-26,2017-10-28,504.0
89A54FHW,gtxpro,dontechi,lost,2017-10-26,2017-10-27,0.0
UGAEAB27,gtxpro,scottech,won,2017-10-26,2017-10-31,4377.0
U2JI00ER,mg advanced,betatech,won,2017-10-26,2017-10-27,3353.0
56D231XJ,gtx plus pro,kan code,lost,2017-10-26,2017-10-31,0.0
O2CFE5KX,mg special,fasehatice,won,2017-10-26,2017-11-03,50.0
UCLGT98S,gtx basic,conecom,lost,2017-10-26,2017-10-30,0.0
31IV2B9O,gtx basic,,engaging,2017-10-26,,
BZG9DI4Z,gtx basic,blackzim,lost,2017-10-26,2017-10-28,0.0
E2R39451,gtx basic,groovestreet,lost,2017-10-26,2017-10-27,0.0
KHQR5AKG,mg advanced,sunnamplex,lost,2017-10-26,2017-11-04,0.0
NMI79ZYT,gtx basic,ganjaflex,lost,2017-10-26,2017-10-31,0.0
RU3HH59R,gtx basic,zencorporation,lost,2017-10-26,2017-10-28,0.0
4D0K5T7T,gtxpro,gogozoom,engaging,2017-10-26,,
IE1N4OUS,gtx plus pro,rundofase,won,2017-10-27,2017-12-07,5269.0
A5IABHP1,gtxpro,bioplex,won,2017-10-27,2017-10-28,5275.0
FOFS0O2G,gtx plus pro,xx zobam,lost,2017-10-27,2017-10-29,0.0
66BQC4C9,mg advanced,conecom,lost,2017-10-27,2017-11-07,0.0
GXQJVJQT,gtx basic,mathtouch,won,2017-10-27,2017-10-29,601.0
PP4ZY6TZ,gtk 500,treequote,lost,2017-10-27,2017-11-10,0.0
7TOPAQ9Y,mg special,finhigh,won,2017-10-27,2017-12-29,53.0
7NJS374V,mg special,groovestreet,won,2017-10-27,2017-11-10,46.0
KKO2EFHS,gtxpro,hatfan,lost,2017-10-27,2017-10-29,0.0
PJJMVZAL,gtx basic,treequote,won,2017-10-27,2017-10-29,538.0
MFYR7SSG,mg special,plexzap,won,2017-10-27,2017-12-15,53.0
F2F1LPTA,mg advanced,dontechi,won,2017-10-27,2017-11-03,3296.0
QVP4LFVD,gtx basic,doncon,lost,2017-10-27,2017-10-28,0.0
7FZMWZJT,mg advanced,isdom,won,2017-10-27,2017-11-07,3561.0
8THGVJ52,gtx plus pro,singletechno,won,2017-10-27,2017-11-06,5655.0
M827K2PI,gtx basic,domzoom,won,2017-10-27,2017-12-14,656.0
4ETZYSN3,mg advanced,donquadtech,won,2017-10-27,2017-11-05,3258.0
SZDGWQLT,gtx basic,goodsilron,won,2017-10-27,2017-11-12,577.0
YM5F751C,mg special,statholdings,won,2017-10-27,2017-10-28,50.0
G7U0HP7Q,gtx basic,lexiqvolax,lost,2017-10-27,2017-10-29,0.0
FRNGLIYS,mg special,dambase,won,2017-10-28,2017-10-29,66.0
OY08XJ2E,gtx plus basic,gekko co,won,2017-10-28,2017-11-12,1079.0
ZSZFPCYS,mg advanced,conecom,lost,2017-10-28,2017-10-29,0.0
BXCEXXP4,mg advanced,donquadtech,lost,2017-10-28,2017-11-03,0.0
H3K2E35I,gtk 500,cheers,won,2017-10-28,2017-10-29,27971.0
P5C842B5,gtx plus pro,,engaging,2017-10-28,,
7EHJYKWE,gtx basic,xx holding,engaging,2017-10-28,,
LB6S2ONR,gtx basic,y corporation,won,2017-10-28,2017-11-11,598.0
6BRNE2DV,mg special,statholdings,lost,2017-10-28,2017-10-29,0.0
ST4H8MB7,gtxpro,j texon,lost,2017-10-28,2017-10-29,0.0
VMGCRSWP,mg special,bluth company,won,2017-10-28,2017-11-14,61.0
4HJIT2B6,gtx basic,rantouch,lost,2017-10-28,2017-11-07,0.0
DJY7S9AI,mg advanced,plusstrip,won,2017-10-28,2017-11-12,3082.0
X6MHLE33,gtx basic,gekko co,lost,2017-10-29,2017-11-12,0.0
TLAWJR5V,gtx plus pro,ontomedia,won,2017-10-29,2017-11-11,5646.0
SQ63LXS8,mg advanced,codehow,lost,2017-10-29,2017-11-04,0.0
L3PLDC1Y,gtxpro,codehow,won,2017-10-29,2017-10-30,4733.0
HMG6NWSR,mg advanced,cancity,won,2017-10-29,2017-12-30,2931.0
KNH4ZX85,mg special,bioholding,won,2017-10-29,2017-10-31,62.0
FV7Y3ZPO,mg advanced,konex,lost,2017-10-29,2017-11-03,0.0
DDQ0MDYY,gtxpro,green plus,won,2017-10-29,2017-10-31,4178.0
HFER9GET,gtxpro,kinnamplus,won,2017-10-30,2017-11-04,5239.0
0N11U6L3,gtx plus basic,acme corporation,engaging,2017-10-30,,
005JS57S,gtx basic,treequote,won,2017-10-30,2017-11-11,539.0
W5FH95XO,mg special,,engaging,2017-10-30,,
TWDNQ9TX,gtx plus basic,rangreen,won,2017-10-30,2017-10-31,973.0
G289FPBV,mg special,statholdings,lost,2017-10-30,2017-10-31,0.0
G9H0MWBL,gtx plus pro,ganjaflex,lost,2017-10-30,2017-10-31,0.0
P2YWZPES,gtx basic,konex,won,2017-10-30,2017-11-04,622.0
NPGETEDZ,gtx plus basic,sunnamplex,lost,2017-10-30,2017-11-15,0.0
J5I6Y4RN,mg special,isdom,lost,2017-10-31,2017-11-10,0.0
XRMOUF1R,mg advanced,condax,won,2017-10-31,2017-11-07,4172.0
TL0UILCV,gtxpro,umbrella corporation,won,2017-10-31,2017-11-14,4529.0
FAS4V07H,mg advanced,konex,won,2017-10-31,2017-12-10,2695.0
3Z9AX43T,gtxpro,cancity,lost,2017-10-31,2017-12-22,0.0
5JO7SIGB,gtxpro,conecom,lost,2017-10-31,2017-11-10,0.0
8MQPNCCU,gtx basic,ganjaflex,won,2017-10-31,2017-11-09,486.0
2DT70XCQ,gtx basic,plussunin,won,2017-10-31,2017-11-08,450.0
O1SCOU11,mg special,,engaging,2017-10-31,,
HYBR36NG,mg special,finjob,lost,2017-10-31,2017-11-09,0.0
WXOL5HTS,gtx plus pro,ontomedia,won,2017-10-31,2017-11-08,6818.0
F15SU034,mg advanced,condax,won,2017-10-31,2017-12-21,3298.0
OMCFUDOU,gtxpro,,engaging,2017-10-31,,
KLBW3TOH,gtx plus pro,goodsilron,won,2017-10-31,2017-11-09,5512.0
ESNS1OS9,gtx plus pro,kan code,won,2017-10-31,2017-11-07,4742.0
HDUZC4G9,gtx basic,y corporation,won,2017-10-31,2017-11-02,653.0
1629C4UW,gtx plus basic,conecom,lost,2017-10-31,2017-11-10,0.0
0OXJ2HOP,mg advanced,dalttechnology,won,2017-10-31,2017-11-11,4058.0
RCGBY4IA,gtx basic,condax,won,2017-10-31,2017-11-01,553.0
8R0HTKUK,gtx plus pro,xx zobam,lost,2017-10-31,2017-11-07,0.0
W2ZRP2EC,mg special,kan code,lost,2017-10-31,2017-11-03,0.0
HN6TZPAF,gtx plus pro,,engaging,2017-10-31,,
AEH9XJ3T,gtx plus basic,kan code,lost,2017-11-01,2017-11-13,0.0
X3DSI0TQ,gtx plus pro,globex corporation,lost,2017-11-01,2017-11-15,0.0
MG3X7625,gtx plus pro,isdom,won,2017-11-01,2017-12-22,5504.0
8JR8LXEU,mg special,betatech,won,2017-11-01,2017-11-05,53.0
KMRR1P94,gtx basic,treequote,lost,2017-11-01,2017-11-17,0.0
JRCD2VQY,mg advanced,fasehatice,won,2017-11-01,2017-11-06,3064.0
FXKBY5FR,mg advanced,rantouch,won,2017-11-01,2017-11-14,2866.0
8415S7ZV,gtx basic,goodsilron,lost,2017-11-01,2017-11-06,0.0
UZ83LE9X,gtx plus pro,xx holding,lost,2017-11-01,2017-11-10,0.0
GIDII30C,gtx plus basic,lexiqvolax,won,2017-11-01,2017-11-10,960.0
IVVBVNDH,mg special,nam zim,won,2017-11-01,2017-11-02,55.0
854QZNWK,mg special,,engaging,2017-11-01,,
FBKK68G6,gtxpro,donquadtech,won,2017-11-02,2017-11-07,4155.0
46UHJGY0,mg special,,engaging,2017-11-02,,
SSSTYFDY,gtx plus basic,condax,lost,2017-11-02,2017-11-05,0.0
VSMB0KJW,gtx basic,bubba gump,won,2017-11-02,2017-11-28,532.0
UVS5WJRG,gtx basic,cancity,won,2017-11-02,2017-11-03,479.0
MOBO9N8H,gtx basic,xx holding,lost,2017-11-02,2017-11-07,0.0
N2249A7T,gtxpro,,engaging,2017-11-02,,
5HHFR0VZ,gtxpro,xx holding,won,2017-11-02,2017-11-29,4521.0
0DYZ71WX,gtx basic,ganjaflex,won,2017-11-02,2017-11-16,585.0
Q1Q3D9BZ,gtx basic,sunnamplex,lost,2017-11-02,2017-11-07,0.0
9KV5GM4U,gtx basic,sonron,won,2017-11-02,2017-11-06,430.0
6X24V0NC,gtxpro,codehow,lost,2017-11-03,2017-11-09,0.0
IIZV9WFC,gtx basic,genco pura olive oil company,won,2017-11-03,2017-12-02,577.0
E1LFK6E3,gtx basic,,engaging,2017-11-03,,
XSEG5T4H,gtx plus basic,zoomit,engaging,2017-11-03,,
WTZ2AHNW,gtxpro,treequote,won,2017-11-03,2017-12-18,4591.0
RQ5FNR4O,gtx basic,groovestreet,won,2017-11-03,2017-11-18,662.0
9BZBU2GY,gtx plus pro,plusstrip,won,2017-11-03,2017-12-31,5091.0
1FMCUSFS,gtx plus pro,plussunin,won,2017-11-04,2017-12-08,5737.0
WJO52I18,gtxpro,inity,engaging,2017-11-04,,
ZQSSHSL7,gtx basic,donquadtech,won,2017-11-04,2017-11-06,583.0
SWYO7V7O,gtxpro,hottechi,lost,2017-11-04,2017-11-08,0.0
62UFJ4IQ,gtx plus pro,sunnamplex,won,2017-11-04,2017-11-10,5031.0
SQ71BWHG,gtxpro,zencorporation,engaging,2017-11-04,,
ON821ADT,gtxpro,,engaging,2017-11-04,,
ZO4FDMPS,gtxpro,rangreen,lost,2017-11-04,2017-11-05,0.0
T7N0RX05,gtx plus pro,,engaging,2017-11-04,,
D9LUG4D8,gtxpro,plussunin,won,2017-11-04,2017-11-21,4237.0
M23VU0A9,gtx plus pro,konex,lost,2017-11-04,2017-11-14,0.0
RN67OVFW,gtx basic,,engaging,2017-11-04,,
YAVTI45C,gtx basic,fasehatice,won,2017-11-04,2017-12-12,481.0
XZUEXEUH,gtx basic,betatech,won,2017-11-05,2017-11-09,480.0
IBB0VGUN,mg special,,engaging,2017-11-05,,
0CR37ETK,mg advanced,,engaging,2017-11-05,,
MA56XGWR,gtx basic,iselectrics,engaging,2017-11-05,,
6Z3EP424,mg special,nam zim,won,2017-11-05,2017-11-16,51.0
VPIXVUUE,gtx basic,cancity,lost,2017-11-05,2017-11-16,0.0
F98UFHM2,mg special,gogozoom,won,2017-11-05,2017-12-31,52.0
NNNEMOZ5,gtx plus pro,,engaging,2017-11-05,,
JB7JEEI5,gtx plus basic,sunnamplex,won,2017-11-05,2017-11-22,1218.0
FQP39JQV,gtx plus pro,plusstrip,won,2017-11-05,2017-11-12,5681.0
PWW6TH3V,mg advanced,dontechi,lost,2017-11-05,2017-11-17,0.0
KXEZ5B3Q,mg special,massive dynamic,lost,2017-11-05,2017-11-17,0.0
3UA6O3NG,gtx plus pro,konex,won,2017-11-05,2017-11-07,6767.0
QD7MU7DD,gtxpro,,engaging,2017-11-05,,
3ML02CAH,mg special,cancity,won,2017-11-05,2017-11-11,61.0
T7AHYN7O,mg special,opentech,lost,2017-11-05,2017-11-21,0.0
9BMWYLQV,mg special,scotfind,won,2017-11-05,2017-11-17,62.0
I5VHXAWW,gtx plus pro,bluth company,engaging,2017-11-06,,
76ZQP7QY,gtxpro,betatech,lost,2017-11-06,2017-11-07,0.0
DP7QR35U,gtx plus basic,faxquote,lost,2017-11-06,2017-11-07,0.0
VAD1MF34,mg special,konmatfix,won,2017-11-06,2017-12-19,48.0
J9PCNCUP,gtx basic,golddex,engaging,2017-11-06,,
6AA52750,gtxpro,funholding,lost,2017-11-06,2017-11-13,0.0
1BW8S7JD,mg special,,engaging,2017-11-06,,
WOD9UKMP,gtx plus basic,stanredtax,won,2017-11-07,2017-11-18,1059.0
C2FSIMZP,gtxpro,,engaging,2017-11-07,,
T482GHJQ,gtxpro,konmatfix,won,2017-11-07,2017-12-20,5031.0
JFIL5JU0,gtx basic,dambase,won,2017-11-07,2017-12-22,557.0
3GVL1I1G,mg advanced,bluth company,won,2017-11-07,2017-11-14,3426.0
72C58IRY,mg advanced,funholding,won,2017-11-08,2017-11-26,2968.0
MMIYELAE,gtx plus basic,genco pura olive oil company,won,2017-11-08,2017-11-19,1071.0
GS9UKUGV,gtxpro,treequote,lost,2017-11-08,2017-11-16,0.0
X9MTGVJZ,gtx plus pro,sunnamplex,lost,2017-11-08,2017-11-26,0.0
N22XN5IM,gtx plus basic,plusstrip,won,2017-11-08,2017-12-04,1082.0
OTQTFK48,gtx plus basic,plexzap,won,2017-11-08,2017-11-11,1203.0
URN9V0FK,mg special,konmatfix,lost,2017-11-08,2017-12-30,0.0
K6TJSGUB,gtx plus basic,warephase,won,2017-11-08,2017-11-17,985.0
CSXOYE1C,gtx plus basic,scottech,won,2017-11-08,2017-11-20,1133.0
4ATO2S4S,mg special,bubba gump,won,2017-11-08,2017-12-27,56.0
PMK11X5L,gtx plus basic,,engaging,2017-11-08,,
W4XB23IP,gtx basic,,engaging,2017-11-09,,
J0X7ZNDX,gtx basic,zencorporation,lost,2017-11-09,2017-11-13,0.0
GCCBRJF8,gtx plus pro,sumace,won,2017-11-09,2017-11-27,4884.0
G7ZZG9DI,gtx basic,kan code,won,2017-11-09,2017-11-22,443.0
TY9RBWLT,gtx basic,goodsilron,won,2017-11-09,2017-11-23,562.0
NNREN4Q5,gtx basic,groovestreet,won,2017-11-09,2017-11-21,437.0
T0H5HATU,mg advanced,rantouch,lost,2017-11-09,2017-11-23,0.0
49TIKZ5B,gtx basic,kan code,won,2017-11-09,2017-11-14,606.0
ZM1HKZRS,mg special,sonron,won,2017-11-09,2017-12-10,56.0
2FGV5XNE,mg advanced,sunnamplex,lost,2017-11-09,2017-11-27,0.0
04G3DK6T,mg special,warephase,won,2017-11-09,2017-11-21,54.0
6JBM1ZKO,gtxpro,,engaging,2017-11-09,,
QSCVBJNJ,gtxpro,acme corporation,lost,2017-11-09,2017-11-23,0.0
C3KQJVDU,gtx basic,acme corporation,won,2017-11-10,2017-11-18,577.0
NZIJ3KKG,gtx plus basic,massive dynamic,lost,2017-11-10,2017-11-16,0.0
F46Q34LY,gtxpro,ron tech,won,2017-11-10,2017-11-20,4480.0
5C13TAA8,gtx plus pro,lexiqvolax,won,2017-11-10,2017-12-22,6299.0
BFB6C54U,gtxpro,condax,won,2017-11-10,2017-12-01,4673.0
ZSYWCL6R,gtk 500,xx holding,lost,2017-11-10,2017-11-26,0.0
VNJQD4Z7,gtx plus pro,zathunicon,won,2017-11-10,2017-12-29,4659.0
0KWYQTQQ,mg special,,engaging,2017-11-10,,
50OYB2YN,gtx plus basic,kinnamplus,won,2017-11-11,2017-11-20,1180.0
C8BIQFEN,gtx plus pro,betatech,lost,2017-11-11,2017-11-14,0.0
0TEEJ0WD,gtx plus basic,opentech,lost,2017-11-11,2017-11-18,0.0
T2G750N6,mg special,treequote,won,2017-11-11,2017-12-04,57.0
6BCEXGTX,gtx plus pro,toughzap,lost,2017-11-11,2017-11-22,0.0
6ZFEAR57,gtx plus basic,genco pura olive oil company,lost,2017-11-11,2017-11-22,0.0
Y1JFDUVB,mg special,codehow,won,2017-11-11,2017-12-20,48.0
7FCXBW1M,mg special,bioplex,won,2017-11-11,2017-11-13,51.0
83Y5850C,mg special,inity,lost,2017-11-12,2017-11-25,0.0
V1458D23,gtx plus basic,umbrella corporation,won,2017-11-12,2017-11-13,1138.0
LJEAX51Q,mg special,streethex,won,2017-11-12,2017-12-21,49.0
LDDQ5PN2,mg advanced,sumace,lost,2017-11-12,2017-11-21,0.0
WPJ0AS7T,gtx basic,genco pura olive oil company,won,2017-11-12,2017-12-28,650.0
4J8IA9GL,gtx basic,lexiqvolax,won,2017-11-12,2017-12-29,470.0
76RZPT87,gtx basic,isdom,won,2017-11-12,2017-12-31,567.0
9E3UNPHY,mg advanced,newex,won,2017-11-12,2017-12-25,3836.0
CQ8UELF8,gtx plus pro,rangreen,won,2017-11-12,2017-11-14,5916.0
4E5E9MYV,gtx plus basic,cheers,won,2017-11-12,2017-11-22,938.0
24BCH90I,gtx plus basic,kan code,won,2017-11-12,2017-11-15,1124.0
LWVZKYI0,mg special,gogozoom,won,2017-11-12,2017-12-01,61.0
1W2EEX4L,mg special,faxquote,lost,2017-11-12,2017-12-24,0.0
8977L373,mg advanced,mathtouch,won,2017-11-12,2017-11-19,4011.0
66LD5EF0,gtx plus basic,hatfan,lost,2017-11-12,2017-11-15,0.0
50JIFEWD,gtxpro,plusstrip,won,2017-11-12,2017-11-17,5144.0
MTZQ55RH,gtx basic,zotware,won,2017-11-13,2017-11-24,493.0
1V3O11ZD,gtx basic,kinnamplus,lost,2017-11-13,2017-11-23,0.0
AIBZQM42,gtx plus basic,kinnamplus,won,2017-11-13,2017-11-20,1224.0
IZ5MV9YF,gtx basic,isdom,lost,2017-11-13,2017-11-21,0.0
OHJX1K09,gtx basic,konex,lost,2017-11-13,2017-11-14,0.0
I33TECO1,gtxpro,hottechi,lost,2017-11-13,2017-11-30,0.0
MT45X396,gtx basic,streethex,lost,2017-11-13,2017-11-19,0.0
G1W97XZA,gtx plus basic,,engaging,2017-11-13,,
V8ELYA6F,gtx plus pro,treequote,won,2017-11-14,2017-11-15,5276.0
NXXKM7C7,gtx plus basic,cancity,engaging,2017-11-14,,
K98JFWRC,gtx plus pro,bioplex,lost,2017-11-14,2017-11-28,0.0
H6Q0LXVH,gtx plus basic,konmatfix,lost,2017-11-14,2017-11-20,0.0
2BH5Q718,mg advanced,scotfind,lost,2017-11-14,2017-11-23,0.0
CSJKVMR9,gtx basic,y corporation,lost,2017-11-14,2017-11-16,0.0
N3YVDYY2,gtx plus basic,ron tech,won,2017-11-14,2017-11-23,947.0
LRP5IXX5,gtx plus pro,konex,lost,2017-11-14,2017-11-23,0.0
SH1NTXPV,mg advanced,kinnamplus,won,2017-11-14,2017-11-29,3342.0
MKAKCFBQ,gtx plus pro,ganjaflex,won,2017-11-15,2017-12-30,5610.0
9YH8LS5H,mg advanced,condax,lost,2017-11-15,2017-12-15,0.0
RO8TURF5,gtx basic,donquadtech,won,2017-11-15,2017-11-30,557.0
EW5ASXX4,gtxpro,warephase,lost,2017-11-15,2017-11-20,0.0
MDLJKQ5B,gtxpro,dambase,won,2017-11-15,2017-11-30,5600.0
7OIR36P2,gtxpro,acme corporation,won,2017-11-15,2017-12-27,4980.0
7XRWWM0X,mg special,scotfind,engaging,2017-11-15,,
GQ13O0AQ,gtxpro,kan code,lost,2017-11-15,2017-11-22,0.0
S9DDUFGP,gtx basic,konex,lost,2017-11-15,2017-11-28,0.0
B5OXRZTT,gtx basic,kan code,won,2017-11-15,2017-11-25,530.0
FX1RWO67,mg advanced,hottechi,won,2017-11-16,2017-12-31,3300.0
BREOLQD9,mg advanced,,engaging,2017-11-16,,
2AGA3ALY,mg advanced,konex,won,2017-11-16,2017-11-20,3664.0
P8ZOY6HA,gtx plus pro,konex,lost,2017-11-16,2017-11-20,0.0
PBGAZKMQ,gtx basic,stanredtax,won,2017-11-16,2017-11-22,575.0
86MJT5KR,mg special,blackzim,lost,2017-11-16,2017-11-23,0.0
62PCN0KS,gtx plus basic,,engaging,2017-11-16,,
20NZO7TT,mg advanced,j texon,won,2017-11-16,2017-12-01,3271.0
6FR9YZH2,gtx plus pro,bioholding,lost,2017-11-16,2017-11-17,0.0
LCZGL74L,gtx plus basic,cancity,lost,2017-11-16,2017-11-26,0.0
6NWIZG2N,gtx plus basic,mathtouch,won,2017-11-16,2017-11-24,1035.0
IS2HLCEO,mg special,plussunin,lost,2017-11-17,2017-12-04,0.0
90D20NZU,gtx plus pro,inity,won,2017-11-17,2017-11-24,4880.0
P214KAH8,mg advanced,yearin,won,2017-11-17,2017-11-29,3644.0
HEMKK91Z,mg advanced,plusstrip,won,2017-11-17,2017-12-13,3538.0
R2JKKVOO,gtx plus basic,cheers,lost,2017-11-17,2017-11-27,0.0
6LS93NXH,gtx basic,goodsilron,lost,2017-11-17,2017-11-27,0.0
BI36TLO5,gtxpro,bubba gump,won,2017-11-17,2017-12-06,4154.0
TYQFCQBN,gtxpro,donware,won,2017-11-17,2017-11-26,4620.0
DH4WEPQ5,gtx plus pro,domzoom,won,2017-11-17,2017-11-18,5653.0
NJAOJJY9,mg special,bioplex,lost,2017-11-17,2017-11-25,0.0
VM6SAQYT,mg special,donquadtech,won,2017-11-17,2017-11-26,65.0
E2LVAU2T,gtx basic,newex,won,2017-11-17,2017-12-05,497.0
CNAOGH7N,gtxpro,sumace,won,2017-11-18,2017-12-07,4645.0
0ONK3WET,gtxpro,massive dynamic,won,2017-11-18,2017-11-21,4243.0
9Y43IDMY,gtx plus basic,opentech,lost,2017-11-18,2017-12-06,0.0
UIE5G6GW,gtxpro,cancity,won,2017-11-18,2017-11-29,4617.0
GB6C2UK5,gtk 500,xx holding,won,2017-11-18,2017-12-04,29220.0
5S2JLJGL,gtx plus basic,funholding,lost,2017-11-18,2017-11-30,0.0
820NH7ZA,gtx basic,konex,won,2017-11-18,2017-12-04,643.0
PIPYDN8Y,gtx basic,scotfind,lost,2017-11-18,2017-11-21,0.0
E3LNNM8H,gtx plus pro,blackzim,lost,2017-11-18,2017-12-05,0.0
UHYI2QB2,mg special,funholding,lost,2017-11-18,2017-11-28,0.0
5SJP2J1J,gtx plus basic,mathtouch,won,2017-11-19,2017-11-20,886.0
R5V9DX5U,mg advanced,rangreen,won,2017-11-19,2017-11-28,3206.0
PGCWLU4L,gtx basic,gekko co,won,2017-11-19,2017-11-20,678.0
RVI6ARFW,gtx basic,funholding,won,2017-11-19,2017-11-20,549.0
QVWPMJ8R,gtx plus pro,kan code,won,2017-11-19,2017-11-28,6540.0
7M7UED1P,gtx basic,toughzap,lost,2017-11-19,2017-11-21,0.0
JW51LS6C,mg advanced,lexiqvolax,lost,2017-11-19,2017-12-04,0.0
KU4GX1KD,gtx basic,isdom,won,2017-11-19,2017-11-28,662.0
GSE8QWMU,gtxpro,finjob,won,2017-11-19,2017-11-24,4540.0
6MTK51P5,mg special,rundofase,won,2017-11-20,2017-11-29,52.0
J962I0KG,gtx plus basic,,engaging,2017-11-20,,
QA2XTMMZ,gtxpro,yearin,lost,2017-11-20,2017-11-27,0.0
T58EDFV0,gtx basic,goodsilron,won,2017-11-20,2017-12-08,504.0
C09PGOZG,gtx basic,kan code,won,2017-11-20,2017-12-04,589.0
IG9RPWOZ,gtx plus pro,stanredtax,won,2017-11-20,2017-12-09,5756.0
3GFZ7SN4,mg advanced,streethex,won,2017-11-20,2017-11-23,3161.0
PQ84ANKD,mg special,,engaging,2017-11-20,,
DC1E84LC,gtx plus pro,umbrella corporation,won,2017-11-20,2017-12-08,5209.0
F0XGEQOE,mg advanced,kan code,lost,2017-11-21,2017-11-25,0.0
EQIV6PMF,mg special,dambase,won,2017-11-21,2017-12-08,58.0
SK3A12HI,mg special,massive dynamic,won,2017-11-21,2017-12-21,57.0
F28BOUE5,gtxpro,bubba gump,won,2017-11-21,2017-12-10,5466.0
Z7JCS0ZW,gtx plus pro,domzoom,lost,2017-11-21,2017-11-24,0.0
9E3H6ONP,gtx plus pro,lexiqvolax,won,2017-11-21,2017-11-25,6932.0
FVTCAFCL,gtx basic,newex,won,2017-11-21,2017-12-22,597.0
9TTQYYIW,mg advanced,green plus,lost,2017-11-21,2017-11-27,0.0
33JYWJ1X,gtx basic,cheers,won,2017-11-21,2017-12-29,619.0
L11T0DYF,mg advanced,faxquote,won,2017-11-21,2017-12-01,2590.0
QJZVB9ZG,gtxpro,sumace,lost,2017-11-21,2017-11-26,0.0
WAEWV7YD,gtx basic,yearin,won,2017-11-22,2017-12-07,609.0
3RJPZ634,gtxpro,konex,won,2017-11-22,2017-12-06,4492.0
FZH6NJAQ,gtx plus basic,rantouch,lost,2017-11-22,2017-11-27,0.0
4MPM6ZPU,gtxpro,yearin,lost,2017-11-22,2017-12-06,0.0
U0XDMZK8,mg special,kan code,won,2017-11-22,2017-12-05,47.0
J1G2SZKD,gtx basic,goodsilron,engaging,2017-11-22,,
BF9D3HVC,gtx basic,donquadtech,lost,2017-11-23,2017-12-02,0.0
YMWG4Z3S,gtx plus basic,warephase,engaging,2017-11-23,,
6AT4VS58,gtx basic,sonron,won,2017-11-23,2017-12-08,484.0
S5FBJ31P,mg advanced,ron tech,lost,2017-11-23,2017-11-25,0.0
62JLAD45,mg special,toughzap,lost,2017-11-23,2017-11-28,0.0
Z7GJE1K0,mg special,dalttechnology,won,2017-11-23,2017-12-07,49.0
PV3TH2FF,mg special,,engaging,2017-11-23,,
4ZQTMS3Z,mg special,kan code,engaging,2017-11-23,,
N6ZLW0OG,gtx plus basic,ganjaflex,won,2017-11-24,2017-12-05,927.0
IJ2CLOLZ,gtxpro,acme corporation,won,2017-11-24,2017-12-09,4445.0
K4N74V6U,gtxpro,codehow,won,2017-11-24,2017-12-04,5110.0
H7GFLCDH,mg special,blackzim,won,2017-11-24,2017-12-18,62.0
0QMOIDET,gtx plus basic,konex,won,2017-11-24,2017-12-11,1049.0
33JWQH71,gtx plus basic,labdrill,won,2017-11-24,2017-12-05,885.0
D55HTKRU,gtxpro,newex,engaging,2017-11-24,,
Z9WFXNX3,mg advanced,golddex,lost,2017-11-24,2017-11-29,0.0
7ACIXBSY,mg advanced,gekko co,won,2017-11-24,2017-12-05,3612.0
MEIBOSW7,gtxpro,zencorporation,won,2017-11-24,2017-11-29,5106.0
NBUHFAKW,mg advanced,genco pura olive oil company,won,2017-11-25,2017-12-28,2477.0
PJ3NGI1Y,mg special,donquadtech,lost,2017-11-25,2017-12-10,0.0
RDZ2FC3A,gtx basic,warephase,won,2017-11-25,2017-12-11,537.0
R7GYOI0M,gtx plus pro,hatfan,won,2017-11-25,2017-12-10,5547.0
Z1IF1M5M,gtx plus basic,konmatfix,won,2017-11-25,2017-11-29,1001.0
B133ECHC,gtx plus pro,kan code,lost,2017-11-25,2017-12-05,0.0
P55UV5QW,gtx plus basic,yearin,lost,2017-11-25,2017-11-29,0.0
H0HDYIYJ,gtxpro,umbrella corporation,won,2017-11-25,2017-11-29,5077.0
EBMBP7JQ,mg advanced,dambase,won,2017-11-26,2017-12-07,3844.0
MAUIC3DD,gtx plus pro,sumace,lost,2017-11-26,2017-12-10,0.0
20048JO2,gtx plus basic,opentech,won,2017-11-26,2017-12-14,1204.0
U071YJYI,mg advanced,isdom,lost,2017-11-26,2017-12-11,0.0
Y3EVBV53,gtx basic,stanredtax,won,2017-11-26,2017-12-07,562.0
JE63NRUA,gtx plus basic,faxquote,lost,2017-11-26,2017-12-25,0.0
YA8CL4UM,gtx basic,sunnamplex,won,2017-11-26,2017-12-01,460.0
43WRAJ1I,mg special,rundofase,won,2017-11-26,2017-12-11,66.0
DA7BZMMO,mg advanced,cancity,won,2017-11-26,2017-12-12,3309.0
6QRZCDL0,mg advanced,massive dynamic,lost,2017-11-26,2017-11-27,0.0
348COZ5O,gtxpro,genco pura olive oil company,won,2017-11-27,2017-11-30,4888.0
GLUYX9KN,gtx plus basic,j texon,won,2017-11-27,2017-12-12,1192.0
2DT6W3HA,mg advanced,bluth company,lost,2017-11-27,2017-12-12,0.0
7S8SLZDY,mg special,,engaging,2017-11-27,,
L8XNQONA,gtx basic,inity,engaging,2017-11-27,,
WE03969I,gtx plus basic,gekko co,won,2017-11-28,2017-12-09,1131.0
3SOLZEZX,gtx plus pro,goodsilron,won,2017-11-28,2017-12-12,5702.0
MAA6TJMM,gtx basic,cheers,won,2017-11-28,2017-12-13,563.0
0DY00J6O,gtx plus pro,xx holding,won,2017-11-28,2017-12-11,5886.0
U8IUBGTW,gtx basic,domzoom,lost,2017-11-28,2017-12-05,0.0
EV0V1ZZA,mg advanced,hatfan,lost,2017-11-28,2017-12-02,0.0
JVF7HZMV,gtx plus basic,,engaging,2017-11-28,,
RCDG00F7,gtx basic,rantouch,won,2017-11-28,2017-12-04,601.0
XAKK81WB,mg special,sonron,won,2017-11-29,2017-12-18,58.0
B6CHA7CX,mg special,blackzim,won,2017-11-29,2017-12-14,58.0
V263VR1Y,mg advanced,finjob,won,2017-11-29,2017-12-14,3285.0
A2PTJA6G,mg advanced,plussunin,won,2017-11-29,2017-12-08,3494.0
GQDS81G1,gtx plus pro,,engaging,2017-11-30,,
GUDTJY0I,mg advanced,finhigh,lost,2017-11-30,2017-12-14,0.0
MDK5NQJA,gtx plus pro,initech,won,2017-11-30,2017-12-14,5204.0
GB1K3Y4Y,gtx basic,the new york inquirer,won,2017-11-30,2017-12-15,579.0
KKOU11ZD,gtx plus basic,cheers,won,2017-11-30,2017-12-14,1195.0
KHZ3IOKH,gtx plus pro,streethex,won,2017-11-30,2017-12-29,6340.0
Q34UWP01,gtx plus basic,zathunicon,won,2017-11-30,2017-12-19,1179.0
X70BM5FO,gtx plus basic,condax,won,2017-12-01,2017-12-22,1243.0
NCF02FA5,gtx plus basic,zoomit,won,2017-12-01,2017-12-15,953.0
LC93MVYP,gtx basic,,engaging,2017-12-01,,
XF54BYUH,gtx plus pro,genco pura olive oil company,won,2017-12-01,2017-12-09,5619.0
23ZL97PN,gtx plus basic,betasoloin,lost,2017-12-02,2017-12-12,0.0
PVZ4YGQG,gtx plus basic,donware,lost,2017-12-02,2017-12-11,0.0
7L89U5DU,mg advanced,plexzap,won,2017-12-02,2017-12-20,3547.0
KNN6C4O3,gtxpro,green plus,won,2017-12-02,2017-12-15,4899.0
CXAEFADQ,gtx plus basic,singletechno,won,2017-12-02,2017-12-20,993.0
G6433A35,mg special,doncon,won,2017-12-03,2017-12-10,54.0
1WVEAE8N,gtx plus basic,codehow,lost,2017-12-03,2017-12-20,0.0
TJJFAU52,mg special,initech,won,2017-12-03,2017-12-24,58.0
JCJ5PJDH,mg special,hottechi,won,2017-12-04,2017-12-13,57.0
0RH9W4E2,mg special,streethex,lost,2017-12-04,2017-12-24,0.0
MG3ZJ8F3,gtx plus basic,inity,won,2017-12-04,2017-12-11,1110.0
R892OD1B,mg special,rundofase,won,2017-12-04,2017-12-08,57.0
SZ09YDEF,gtxpro,finjob,lost,2017-12-04,2017-12-20,0.0
9WUYZLBE,mg special,nam zim,won,2017-12-04,2017-12-15,64.0
RV7ERUUT,gtx plus pro,zotware,won,2017-12-05,2017-12-07,5172.0
EY0JZ32S,gtx plus basic,zotware,lost,2017-12-05,2017-12-27,0.0
CEYW89RW,gtx basic,golddex,lost,2017-12-05,2017-12-25,0.0
MBBBOMEV,mg special,faxquote,lost,2017-12-05,2017-12-19,0.0
I6FIZ2S5,gtx plus pro,funholding,won,2017-12-05,2017-12-19,6141.0
07GUKIG3,mg special,,engaging,2017-12-05,,
7EYDG0CV,mg special,statholdings,won,2017-12-06,2017-12-14,56.0
UFAABKQJ,gtx basic,dontechi,won,2017-12-06,2017-12-12,515.0
7ZU2A8L1,gtx basic,donware,won,2017-12-06,2017-12-23,698.0
O1HKZ4ZF,gtx basic,yearin,won,2017-12-06,2017-12-30,481.0
8VO26H1R,gtxpro,faxquote,lost,2017-12-06,2017-12-22,0.0
A2OLLGWZ,mg special,rangreen,won,2017-12-06,2017-12-14,49.0
WKIRY6KE,gtx plus basic,xx holding,won,2017-12-07,2017-12-18,1111.0
EJYFAV40,gtx plus pro,toughzap,won,2017-12-07,2017-12-28,5862.0
8A1EB728,mg special,j texon,won,2017-12-07,2017-12-16,54.0
RS31U03Y,gtx plus basic,,engaging,2017-12-07,,
2KWQ6RAZ,mg special,cancity,won,2017-12-08,2017-12-18,60.0
823X29EZ,gtxpro,plussunin,lost,2017-12-08,2017-12-22,0.0
VL8YNHD7,gtx plus basic,,engaging,2017-12-08,,
YY4VFPND,gtx plus basic,golddex,won,2017-12-08,2017-12-29,1168.0
RYLBEZ4N,mg special,gekko co,won,2017-12-08,2017-12-18,48.0
Y4UIUIEG,gtx plus basic,cancity,won,2017-12-09,2017-12-24,986.0
1HG8VLHU,mg advanced,toughzap,won,2017-12-09,2017-12-16,3843.0
0OJE7J6C,gtx plus pro,gekko co,won,2017-12-09,2017-12-17,5143.0
OCVCCWPQ,mg special,codehow,won,2017-12-09,2017-12-24,52.0
S2KBTW2O,gtx plus pro,scotfind,won,2017-12-09,2017-12-23,5576.0
QJ9H7Y8W,mg special,sunnamplex,won,2017-12-09,2017-12-18,59.0
FNA51WN6,gtxpro,j texon,won,2017-12-09,2017-12-27,4178.0
921APYA3,gtx plus basic,lexiqvolax,won,2017-12-09,2017-12-25,1192.0
GMY4U7RD,gtx basic,,engaging,2017-12-09,,
CPC83NKN,gtx plus basic,conecom,won,2017-12-09,2017-12-24,1047.0
TBS5Y874,gtx plus pro,kan code,won,2017-12-09,2017-12-17,6456.0
6JZ0HCSF,gtxpro,xx zobam,lost,2017-12-09,2017-12-29,0.0
JRSU8ALH,gtx basic,ron tech,lost,2017-12-10,2017-12-19,0.0
7GXUCFW5,gtxpro,inity,won,2017-12-10,2017-12-17,4755.0
E66UG7VC,mg special,y corporation,won,2017-12-10,2017-12-25,55.0
7IAHPFT9,mg advanced,faxquote,won,2017-12-10,2017-12-18,3078.0
FZWU2I30,gtx plus pro,the new york inquirer,engaging,2017-12-10,,
04AOWMXV,gtx basic,codehow,won,2017-12-11,2017-12-28,537.0
XZ9YR78K,gtx plus basic,hottechi,won,2017-12-11,2017-12-18,1220.0
WZKN6PO4,mg special,finjob,won,2017-12-11,2017-12-21,53.0
WQSUMJRZ,mg special,scottech,won,2017-12-11,2017-12-18,60.0
1RIO9PCD,gtx basic,hottechi,won,2017-12-11,2017-12-29,494.0
TQV7CO87,gtx basic,genco pura olive oil company,won,2017-12-12,2017-12-18,480.0
3FJPGYD7,gtx basic,cheers,lost,2017-12-12,2017-12-29,0.0
9AQFU718,gtx basic,toughzap,lost,2017-12-12,2017-12-15,0.0
AUJE7IZR,gtx plus basic,hottechi,won,2017-12-12,2017-12-26,1075.0
LE3XYXEF,gtx plus basic,ganjaflex,lost,2017-12-12,2017-12-25,0.0
PM2BF2KB,gtx plus basic,xx holding,engaging,2017-12-13,,
IQR162ZT,gtx plus basic,,engaging,2017-12-13,,
TVU1PQEL,gtx plus basic,conecom,won,2017-12-13,2017-12-28,1166.0
3RGNKYWW,gtx plus basic,hatfan,won,2017-12-13,2017-12-26,921.0
K9KGXL2E,mg advanced,lexiqvolax,engaging,2017-12-13,,
HNCSYU4T,mg advanced,faxquote,won,2017-12-13,2017-12-27,3442.0
1PXQZ40I,mg advanced,zumgoity,won,2017-12-13,2017-12-27,3735.0
FYAVINLC,mg special,finjob,won,2017-12-13,2017-12-17,50.0
60JGDDRO,gtxpro,domzoom,won,2017-12-14,2017-12-19,5052.0
R4BO7K5M,gtx basic,cheers,lost,2017-12-14,2017-12-29,0.0
X4XN0M8A,mg special,hatfan,won,2017-12-14,2017-12-30,44.0
M4MAVN65,mg special,doncon,lost,2017-12-14,2017-12-22,0.0
USJ0JACE,gtx plus basic,massive dynamic,won,2017-12-14,2017-12-16,960.0
2SMQAWOA,gtx plus pro,zotware,won,2017-12-15,2017-12-30,6469.0
TOJ902PF,gtx plus basic,bioholding,engaging,2017-12-15,,
JAYXM4QB,gtx plus basic,cheers,won,2017-12-15,2017-12-19,914.0
NW5CPPIV,mg advanced,funholding,lost,2017-12-15,2017-12-26,0.0
J5BCAQ1Z,gtx basic,bioplex,engaging,2017-12-15,,
8LFA54EQ,mg special,newex,lost,2017-12-16,2017-12-21,0.0
19MLD9YF,mg advanced,j texon,won,2017-12-16,2017-12-24,3379.0
PLQ50D2O,mg advanced,domzoom,won,2017-12-17,2017-12-26,3240.0
3VPQNW5Y,gtx plus basic,cheers,won,2017-12-17,2017-12-31,1007.0
RTWE19SU,gtxpro,conecom,engaging,2017-12-17,,
FXYOCA0G,mg special,j texon,won,2017-12-17,2017-12-28,54.0
SK30SEKS,mg special,golddex,won,2017-12-17,2017-12-25,49.0
Q30OVFCZ,gtx plus basic,sonron,lost,2017-12-17,2017-12-31,0.0
T6MPH7JC,mg special,,engaging,2017-12-17,,
T1GPPZXH,mg special,konex,won,2017-12-17,2017-12-24,55.0
WL31FAI3,gtxpro,blackzim,won,2017-12-17,2017-12-26,5196.0
6SNUFVQP,mg special,rundofase,won,2017-12-18,2017-12-31,54.0
5U83YWZB,gtxpro,doncon,won,2017-12-18,2017-12-26,4953.0
ZFXYBJEY,mg advanced,zotware,won,2017-12-18,2017-12-24,3155.0
NGTVHTFH,gtxpro,,engaging,2017-12-19,,
OHAARANW,gtxpro,bioholding,lost,2017-12-19,2017-12-30,0.0
6GBGF19R,gtxpro,plussunin,won,2017-12-19,2017-12-30,4566.0
5XADPM6R,mg special,bioholding,won,2017-12-19,2017-12-28,58.0
YZX90X8X,gtxpro,umbrella corporation,won,2017-12-19,2017-12-28,4315.0
CNL7PCYU,mg advanced,xx zobam,lost,2017-12-20,2017-12-28,0.0
HB740BLB,mg special,silis,engaging,2017-12-20,,
9M88QXFW,gtxpro,vehement capital partners,won,2017-12-20,2017-12-29,5574.0
HCQK8NQ8,gtx plus basic,,engaging,2017-12-20,,
RDHTQLNI,gtx plus pro,,engaging,2017-12-21,,
B50N6RL3,mg advanced,genco pura olive oil company,won,2017-12-21,2017-12-30,3494.0
HLXSEMXV,mg special,doncon,won,2017-12-21,2017-12-28,50.0
MPMG4JTY,mg special,hottechi,won,2017-12-21,2017-12-28,61.0
DB801ISB,mg special,,engaging,2017-12-22,,
8QJHJXY0,mg special,sunnamplex,lost,2017-12-22,2017-12-31,0.0
MSN4ZNU6,mg advanced,betasoloin,won,2017-12-22,2017-12-28,3673.0
3MXS2HRE,gtx basic,ganjaflex,won,2017-12-23,2017-12-31,576.0
1YBATFAY,gtx basic,singletechno,won,2017-12-24,2017-12-26,538.0
2EBLR9N8,gtx basic,conecom,won,2017-12-24,2017-12-26,622.0
VDGA4KXA,gtx plus basic,bluth company,won,2017-12-24,2017-12-30,1093.0
6WCNNK5J,gtxpro,hottechi,won,2017-12-26,2017-12-29,4433.0
YJTQSZ9D,gtx plus basic,inity,won,2017-12-27,2017-12-30,1052.0
RB8GDYFY,mg special,betatech,won,2017-12-27,2017-12-29,67.0
6CWZFOHJ,gtx basic,green plus,prospecting,,,
3LCLVRVV,gtx basic,,prospecting,,,
YIU1B39V,gtx basic,,prospecting,,,
8E0VRCLW,gtx basic,,prospecting,,,
G99CS23F,gtx basic,,prospecting,,,
XRJ54GNR,gtx basic,,prospecting,,,
GR9S7VHI,gtx basic,,prospecting,,,
Q9UWOC28,gtx plus basic,plusstrip,prospecting,,,
YL29KX3L,gtx plus basic,zumgoity,prospecting,,,
OJDZN6UK,gtx plus basic,,prospecting,,,
OM60BJ4S,gtx plus basic,,prospecting,,,
9PDR4X2R,gtx plus pro,hatfan,prospecting,,,
9P9ISECL,gtx plus pro,sumace,prospecting,,,
0D8Y5JA0,gtx plus pro,,prospecting,,,
GNN53C6D,gtx plus pro,,prospecting,,,
6KHIXTAD,gtx plus pro,,prospecting,,,
5C59O9GU,mg special,conecom,prospecting,,,
ZQRBJVZF,mg special,dontechi,prospecting,,,
I93XL6Q9,mg special,finhigh,prospecting,,,
UMD1BA4S,mg special,ganjaflex,prospecting,,,
E6DGJSDW,mg special,green plus,prospecting,,,
JHNDPI2N,mg special,j texon,prospecting,,,
GI94RTL5,mg special,labdrill,prospecting,,,
10ALJD82,mg special,nam zim,prospecting,,,
Z89NKUC7,mg special,plussunin,prospecting,,,
47P0HBNM,mg special,plussunin,prospecting,,,
4H8GZ075,mg special,scotfind,prospecting,,,
UDAUS3DF,mg special,sonron,prospecting,,,
F4W7Z1UU,mg special,vehement capital partners,prospecting,,,
DW5BQ220,mg special,zoomit,prospecting,,,
4ENCEYPG,mg special,,prospecting,,,
EU4DPJGN,mg special,,prospecting,,,
426EL41A,mg special,,prospecting,,,
OXKLRULK,mg special,,prospecting,,,
D3ZJX20X,mg special,,prospecting,,,
V9JDJ861,mg special,,prospecting,,,
DYXD1AXO,mg special,,prospecting,,,
JSTHYUCD,mg special,,prospecting,,,
JC7DDV56,mg special,,prospecting,,,
ASDR6QEZ,mg special,,prospecting,,,
5ELMZN3E,mg special,,prospecting,,,
7Q90C2VN,mg special,,prospecting,,,
ZIMT5RQ2,mg special,,prospecting,,,
WTD6O2OR,mg advanced,betasoloin,prospecting,,,
OEG8QG42,mg advanced,bioplex,prospecting,,,
BG0BLC6S,mg advanced,fasehatice,prospecting,,,
5Q2BX622,mg advanced,inity,prospecting,,,
RSY2XLKK,mg advanced,streethex,prospecting,,,
FEEOZHT8,mg advanced,,prospecting,,,
D382N39B,mg advanced,,prospecting,,,
YYUJ1DCF,mg advanced,,prospecting,,,
OH0HJ6KK,mg advanced,,prospecting,,,
5TGQL49J,mg advanced,,prospecting,,,
Y7WAFW9D,mg advanced,,prospecting,,,
I8NC3RFB,mg advanced,,prospecting,,,
38K5251H,gtx basic,fasehatice,prospecting,,,
QR63ME8L,gtx basic,,prospecting,,,
I79B9KJ2,gtx plus basic,,prospecting,,,
LABZ0UGB,gtx plus basic,,prospecting,,,
3R4W7ZVY,gtx plus basic,,prospecting,,,
2SZX9B7J,gtx plus pro,sunnamplex,prospecting,,,
0ZG6U7MQ,gtx plus pro,,prospecting,,,
KQPNPH8A,gtx plus pro,,prospecting,,,
SGI0VM1F,gtx plus pro,,prospecting,,,
DS5HZHDA,mg special,betatech,prospecting,,,
TLZGG7G5,mg special,conecom,prospecting,,,
8NI8O26G,mg special,goodsilron,prospecting,,,
9BM1CGBV,mg special,sumace,prospecting,,,
GSBUIL1E,mg special,,prospecting,,,
9F9NDO41,mg special,,prospecting,,,
IAV71BEX,mg advanced,singletechno,prospecting,,,
SJE81OUR,mg advanced,,prospecting,,,
R0MBBXL8,mg advanced,,prospecting,,,
NR2EDMKC,mg advanced,,prospecting,,,
SU8FTFLS,mg advanced,,prospecting,,,
61GDYW9T,mg advanced,,prospecting,,,
TFCQZ28G,mg advanced,,prospecting,,,
IXW68X6Z,mg advanced,,prospecting,,,
F77XD7IZ,mg advanced,,prospecting,,,
LEJWV2Y5,gtx basic,donquadtech,prospecting,,,
CAONNFXN,gtx basic,kinnamplus,prospecting,,,
R8V3ALA8,gtx basic,konmatfix,prospecting,,,
CPEYUW7V,gtx basic,,prospecting,,,
5ZATE1WV,gtx basic,,prospecting,,,
R1HFBU5H,gtx basic,,prospecting,,,
03P9VXWG,gtx basic,,prospecting,,,
RMJG8OS2,gtx basic,,prospecting,,,
9L0WKMJ2,gtx basic,,prospecting,,,
VAM56BG4,gtx plus basic,acme corporation,prospecting,,,
ZTCQWF53,gtx plus basic,faxquote,prospecting,,,
LKDSEQ2Q,gtx plus basic,yearin,prospecting,,,
I2LEEFAM,gtx plus basic,,prospecting,,,
1LWG4COF,gtx plus basic,,prospecting,,,
FEL7FQQG,gtx plus basic,,prospecting,,,
0TQP0E65,gtx plus basic,,prospecting,,,
P95E1DOX,gtx plus basic,,prospecting,,,
JCRT0QHO,gtx plus basic,,prospecting,,,
MTGV7WOM,gtx plus basic,,prospecting,,,
IEMOIN3K,gtx plus basic,,prospecting,,,
XTXMQMRC,gtx plus basic,,prospecting,,,
OQX98BBL,gtx plus basic,,prospecting,,,
RH0FJYPZ,gtx plus basic,,prospecting,,,
HD6YD6P9,gtx plus basic,,prospecting,,,
64OXRCSR,gtx plus basic,,prospecting,,,
EG3X1ACF,gtx plus basic,,prospecting,,,
TJ64MOUR,gtx plus basic,,prospecting,,,
FY0SHNZY,gtx plus basic,,prospecting,,,
V2V69I86,gtx plus basic,,prospecting,,,
OAECXU4A,gtx plus basic,,prospecting,,,
XETF5BVH,gtx plus pro,finjob,prospecting,,,
FU2PQZR4,gtx plus pro,green plus,prospecting,,,
CVMNBKGH,gtx plus pro,hatfan,prospecting,,,
LZW4N9KF,gtx plus pro,zathunicon,prospecting,,,
A4TA5P1B,gtx plus pro,,prospecting,,,
KIKV29M0,gtx plus pro,,prospecting,,,
PCXGIH9X,gtx plus pro,,prospecting,,,
ODSFN0YA,gtx plus pro,,prospecting,,,
6RQUXORL,gtx plus pro,,prospecting,,,
74LCNGIK,gtx plus pro,,prospecting,,,
28EJ0L9T,gtx plus pro,,prospecting,,,
UH9TR8Y1,gtx plus pro,,prospecting,,,
JVXGG70X,gtx plus pro,,prospecting,,,
SYP74C5W,gtxpro,bioholding,prospecting,,,
R0Q5BZ9Y,gtxpro,blackzim,prospecting,,,
OT0GOR3I,gtxpro,bluth company,prospecting,,,
6RN7I8ZF,gtxpro,condax,prospecting,,,
YBWUG6QP,gtxpro,condax,prospecting,,,
8XE8GGIW,gtxpro,donquadtech,prospecting,,,
IHKIAB1W,gtxpro,dontechi,prospecting,,,
YKBJP191,gtxpro,faxquote,prospecting,,,
P7UPCSTC,gtxpro,faxquote,prospecting,,,
GEQ8IGKW,gtxpro,finjob,prospecting,,,
EYR5E7LO,gtxpro,initech,prospecting,,,
LO8L5ELD,gtxpro,inity,prospecting,,,
S1U1RD6K,gtxpro,iselectrics,prospecting,,,
R6HYAPR6,gtxpro,opentech,prospecting,,,
A8NXNY0M,gtxpro,plusstrip,prospecting,,,
4ROECHG6,gtxpro,ron tech,prospecting,,,
FVVATY89,gtxpro,ron tech,prospecting,,,
BV75OM0B,gtxpro,rundofase,prospecting,,,
ZGTCQT1A,gtxpro,rundofase,prospecting,,,
GR8JTX1T,gtxpro,warephase,prospecting,,,
2IRZM0LB,gtxpro,xx zobam,prospecting,,,
99YRLZM0,gtxpro,yearin,prospecting,,,
VJILDVVF,gtxpro,zathunicon,prospecting,,,
A9DGDN56,gtxpro,zencorporation,prospecting,,,
D01U08PR,gtxpro,zumgoity,prospecting,,,
LFD1ZGJ8,gtxpro,,prospecting,,,
4YJKB8EC,gtxpro,,prospecting,,,
DIGG7U6M,gtxpro,,prospecting,,,
VMXGBINH,gtxpro,,prospecting,,,
N6BT2U29,gtxpro,,prospecting,,,
T12MT0HL,gtxpro,,prospecting,,,
HZVVOITE,gtxpro,,prospecting,,,
P6Z4X54S,gtxpro,,prospecting,,,
910NLQ80,gtxpro,,prospecting,,,
8IPMP8NT,gtxpro,,prospecting,,,
7YOJ4KU7,gtxpro,,prospecting,,,
3K70RL7Q,gtxpro,,prospecting,,,
DX1M0XF0,gtxpro,,prospecting,,,
5MNF16D8,gtxpro,,prospecting,,,
PES548QV,gtxpro,,prospecting,,,
XGMTNND1,gtxpro,,prospecting,,,
6R94B0SG,gtxpro,,prospecting,,,
8JL58ECD,gtxpro,,prospecting,,,
KO7JWXCT,gtxpro,,prospecting,,,
FGSBCJSC,gtxpro,,prospecting,,,
65SMA4OZ,gtxpro,,prospecting,,,
537X47QY,gtxpro,,prospecting,,,
D95K3R9N,gtxpro,,prospecting,,,
51HOGHF0,gtxpro,,prospecting,,,
PRUFERA6,gtxpro,,prospecting,,,
NST2FEF3,gtxpro,,prospecting,,,
BBV196A3,gtxpro,,prospecting,,,
E4YR0OE6,gtxpro,,prospecting,,,
TR7WLH5Q,mg special,,prospecting,,,
M64OQCC3,mg special,,prospecting,,,
WR9CQB8E,mg special,,prospecting,,,
TWWD62O3,mg special,,prospecting,,,
7CZU8GS1,mg special,,prospecting,,,
APXWBOOT,mg special,,prospecting,,,
7N6AHU7C,mg special,,prospecting,,,
EJUQOEY5,mg advanced,bubba gump,prospecting,,,
9HA8VBAP,mg advanced,donquadtech,prospecting,,,
X4THRRSJ,mg advanced,,prospecting,,,
3PN3YSPK,mg advanced,,prospecting,,,
F6AOT0NK,mg advanced,,prospecting,,,
YI92HVHO,mg advanced,,prospecting,,,
39NJ6UC9,mg advanced,,prospecting,,,
1XR36ESV,mg advanced,,prospecting,,,
RJ21Q4HO,gtx basic,hottechi,prospecting,,,
NSYCCHCJ,gtx basic,,prospecting,,,
ATOYVLLB,gtx basic,,prospecting,,,
0M4K6F8Q,gtx basic,,prospecting,,,
TLJWMKEO,gtx plus basic,iselectrics,prospecting,,,
NXJNQ3Z9,gtx plus basic,plexzap,prospecting,,,
HWKJ7TFJ,gtx plus basic,,prospecting,,,
Q62STRQQ,gtx plus basic,,prospecting,,,
9P9J2ANM,gtx plus basic,,prospecting,,,
OJWGRIXN,gtx plus basic,,prospecting,,,
EB393LSH,gtx plus basic,,prospecting,,,
566X0PLZ,gtx plus basic,,prospecting,,,
SFR7RG9V,gtx plus basic,,prospecting,,,
9RGWSKNU,gtx plus pro,kan code,prospecting,,,
49T7VKA7,gtx plus pro,plussunin,prospecting,,,
BTDY3DHP,gtx plus pro,vehement capital partners,prospecting,,,
UZ7DU3D9,gtx plus pro,,prospecting,,,
73CWPT9H,gtx plus pro,,prospecting,,,
B7KZYEII,gtx plus pro,,prospecting,,,
67CBAWHG,gtx plus pro,,prospecting,,,
2WTPSQTN,gtx plus pro,,prospecting,,,
V5PKXYWS,gtx plus pro,,prospecting,,,
EJCPWP6V,gtxpro,bioholding,prospecting,,,
BJE7KCZ1,gtxpro,genco pura olive oil company,prospecting,,,
TK9J8AOZ,gtxpro,treequote,prospecting,,,
XARW0KTX,gtxpro,,prospecting,,,
0C34Z5UZ,gtxpro,,prospecting,,,
OA3RDG12,gtxpro,,prospecting,,,
847RHYQE,gtxpro,,prospecting,,,
P0B49XCI,mg special,codehow,prospecting,,,
DOP1NORG,mg special,plexzap,prospecting,,,
BUOI3TBI,mg special,rundofase,prospecting,,,
F22C6LKO,mg special,the new york inquirer,prospecting,,,
D8ZJ6F45,mg special,yearin,prospecting,,,
HP50ZWIZ,mg special,,prospecting,,,
X3KQZM1K,mg special,,prospecting,,,
WA3U0EVI,mg special,,prospecting,,,
Q9CASEJL,mg special,,prospecting,,,
OIBR7UA7,mg special,,prospecting,,,
J5IXJWVU,mg advanced,cancity,prospecting,,,
KFSKQ291,mg advanced,plusstrip,prospecting,,,
ZT1234V3,mg advanced,ron tech,prospecting,,,
JQBN7PXK,mg advanced,xx zobam,prospecting,,,
J5IF7CT6,mg advanced,,prospecting,,,
AAQ5H36J,mg advanced,,prospecting,,,
37PEZCGO,mg advanced,,prospecting,,,
X9NUTLTR,mg advanced,,prospecting,,,
L5PS6S68,mg advanced,,prospecting,,,
JLZCOLIE,mg advanced,,prospecting,,,
TN4KM3D1,gtx basic,bluth company,prospecting,,,
OIIFWY81,gtx basic,conecom,prospecting,,,
WE2CEE8A,gtx basic,dontechi,prospecting,,,
NT38RBZY,gtx basic,gogozoom,prospecting,,,
0XVL2UMH,gtx basic,groovestreet,prospecting,,,
UFZFCBOS,gtx basic,lexiqvolax,prospecting,,,
2BD1SDBX,gtx basic,vehement capital partners,prospecting,,,
AE3YDLK3,gtx basic,xx zobam,prospecting,,,
C54CWZIT,gtx basic,zencorporation,prospecting,,,
D00AN5HY,gtx basic,,prospecting,,,
E6798P2J,gtx basic,,prospecting,,,
MR08TTTT,gtx basic,,prospecting,,,
7UVKZD60,gtx basic,,prospecting,,,
0RLU8I9Q,gtx basic,,prospecting,,,
ZT163LH3,gtx basic,,prospecting,,,
8Y3OMER4,gtx basic,,prospecting,,,
OQ1P1OLH,gtx basic,,prospecting,,,
UY93W9NZ,gtx basic,,prospecting,,,
NVH71LD4,gtx basic,,prospecting,,,
XVQ3OA99,gtx basic,,prospecting,,,
DJDJ5A58,gtx basic,,prospecting,,,
22TUMCKT,gtx basic,,prospecting,,,
ARBTXSEH,gtx plus basic,globex corporation,prospecting,,,
P4D8H19O,gtx plus basic,isdom,prospecting,,,
UD1GNRL4,gtx plus basic,,prospecting,,,
B2YZJ212,gtx plus basic,,prospecting,,,
94DGJSLN,gtx plus basic,,prospecting,,,
IRTO8ZJW,gtx plus basic,,prospecting,,,
OAMIMSUU,gtx plus pro,cheers,prospecting,,,
B26TNOGQ,gtx plus pro,silis,prospecting,,,
QN1UL4N3,gtx plus pro,,prospecting,,,
FW2CVY2X,gtx plus pro,,prospecting,,,
9R8AKL0D,gtxpro,initech,prospecting,,,
R14YE68N,gtxpro,plexzap,prospecting,,,
8RQCHZ5O,gtxpro,,prospecting,,,
90KRHC6T,gtxpro,,prospecting,,,
8NLGRTU5,gtxpro,,prospecting,,,
QMRDG7WP,gtxpro,,prospecting,,,
F0K8UDEG,gtxpro,,prospecting,,,
NUEPXB8Z,gtxpro,,prospecting,,,
FBDS7GIZ,gtxpro,,prospecting,,,
URRD7VUB,mg special,blackzim,prospecting,,,
11T4HX93,mg special,bluth company,prospecting,,,
0QMDTHBS,mg special,,prospecting,,,
GM5X0CSG,mg special,,prospecting,,,
E0HMRMZ9,mg special,,prospecting,,,
DYA87PL1,mg special,,prospecting,,,
CGRMC7OE,mg advanced,,prospecting,,,
0KSK9O00,gtx basic,bluth company,prospecting,,,
76WK0KFZ,gtx basic,konex,prospecting,,,
IMN2GUYV,gtx basic,statholdings,prospecting,,,
9HFEMESD,gtx basic,,prospecting,,,
00400B1S,gtx basic,,prospecting,,,
PELBIQ95,gtx basic,,prospecting,,,
HLE798LQ,gtx basic,,prospecting,,,
NB67WD27,gtx basic,,prospecting,,,
2RQOUJ9V,gtx basic,,prospecting,,,
6KW4PU0S,gtx basic,,prospecting,,,
Y533QVR5,gtx basic,,prospecting,,,
PAUK1IU0,gtx basic,,prospecting,,,
97WEHB4X,gtx basic,,prospecting,,,
Z4JQEOMT,gtx basic,,prospecting,,,
W2K1S9N3,gtx plus basic,dalttechnology,prospecting,,,
U0U1RIMI,gtx plus basic,,prospecting,,,
ZTFYF8PV,gtx plus basic,,prospecting,,,
Q620I4AZ,gtx plus basic,,prospecting,,,
L7PPTHLF,gtx plus basic,,prospecting,,,
8U9CA21G,gtx plus basic,,prospecting,,,
F14T88OP,gtx plus pro,,prospecting,,,
JZ4QLP1W,mg special,bioplex,prospecting,,,
HSGGBG9J,mg special,codehow,prospecting,,,
O7MBZPN4,mg special,,prospecting,,,
XS7B6QT7,mg special,,prospecting,,,
N6JMQG0E,mg special,,prospecting,,,
TBNPWPNE,mg special,,prospecting,,,
M4WW6I1S,mg special,,prospecting,,,
GLQLEZJM,mg special,,prospecting,,,
ZKJIVMSG,mg advanced,finjob,prospecting,,,
3TMNC3GW,mg advanced,kinnamplus,prospecting,,,
P25KLAD2,mg advanced,rangreen,prospecting,,,
NDJBDONI,mg advanced,,prospecting,,,
94ZZLWOH,mg advanced,,prospecting,,,
KKUHAY4O,mg advanced,,prospecting,,,
4V17GRKW,mg advanced,,prospecting,,,
EOJHYLXG,mg advanced,,prospecting,,,
4XQ43RJW,mg advanced,,prospecting,,,
MJK3UJ1B,mg advanced,,prospecting,,,
44JDHBI8,mg advanced,,prospecting,,,
ETJR6FUL,gtx basic,plexzap,prospecting,,,
9CYYLZ11,gtx basic,stanredtax,prospecting,,,
RGW7PKJ6,gtx basic,xx zobam,prospecting,,,
BW0NOLCK,gtx basic,,prospecting,,,
G7K3HJAT,gtx basic,,prospecting,,,
NBE5EMSV,gtx basic,,prospecting,,,
D00KRY2S,gtx basic,,prospecting,,,
ZB3JRI67,gtx basic,,prospecting,,,
4AUWVKUU,gtx basic,,prospecting,,,
I43F0Z77,gtx plus basic,betasoloin,prospecting,,,
YYMKOAVY,gtx plus basic,donquadtech,prospecting,,,
0HR4TEU4,gtx plus basic,plussunin,prospecting,,,
O8JCYJSV,gtx plus basic,silis,prospecting,,,
FMRVHL9O,gtx plus basic,toughzap,prospecting,,,
YMI68O7S,gtx plus basic,zumgoity,prospecting,,,
VUFZB941,gtx plus basic,,prospecting,,,
EABYCHB3,gtx plus basic,,prospecting,,,
6Z6DMG2V,gtx plus basic,,prospecting,,,
BZ96Z7AI,gtx plus basic,,prospecting,,,
QY7GTG6Y,gtx plus basic,,prospecting,,,
VZ28EXFN,gtx plus basic,,prospecting,,,
KOPIWJO5,gtx plus basic,,prospecting,,,
465ZW6J2,gtx plus basic,,prospecting,,,
BVRUBA3A,gtx plus pro,,prospecting,,,
5JS1Z5BQ,gtx plus pro,,prospecting,,,
5EUHU5AF,gtx plus pro,,prospecting,,,
F11IGBLD,gtx plus pro,,prospecting,,,
CC70D9SD,gtx plus pro,,prospecting,,,
0BQTT5UF,gtxpro,donware,prospecting,,,
M7UNLZEP,gtxpro,finhigh,prospecting,,,
EG7S6ZOI,gtxpro,konmatfix,prospecting,,,
UND13JS5,gtxpro,plusstrip,prospecting,,,
HFVWQIMF,gtxpro,,prospecting,,,
9YLUGU6I,gtxpro,,prospecting,,,
SAUIIUTV,gtxpro,,prospecting,,,
B5H6M7AP,gtxpro,,prospecting,,,
COGXUYLL,mg special,doncon,prospecting,,,
ZVO432VF,mg special,faxquote,prospecting,,,
1BB5LME9,mg special,globex corporation,prospecting,,,
7WXPAXAV,mg special,rangreen,prospecting,,,
GSOR2INK,mg special,,prospecting,,,
BTH2O9OF,mg special,,prospecting,,,
HW367OVT,mg special,,prospecting,,,
O6NIPA7N,mg special,,prospecting,,,
MI3MV7PU,mg advanced,acme corporation,prospecting,,,
A8PVW8RI,mg advanced,condax,prospecting,,,
S4V0T890,mg advanced,finjob,prospecting,,,
AP74NF6M,mg advanced,iselectrics,prospecting,,,
WJ7HDR4Q,mg advanced,,prospecting,,,
F1NWH30L,mg advanced,,prospecting,,,
7KQAH6UI,mg advanced,,prospecting,,,
2NO97U9Z,mg advanced,,prospecting,,,
BKI3OLP8,mg advanced,,prospecting,,,
KTSP63I0,mg advanced,,prospecting,,,
HKMMBDMW,gtx basic,plusstrip,prospecting,,,
52V1RWCZ,gtx basic,stanredtax,prospecting,,,
XS7L2AQE,gtx basic,zencorporation,prospecting,,,
M22PCEKY,gtx basic,,prospecting,,,
IVTNXNYP,gtx basic,,prospecting,,,
HOXD9TTL,gtx basic,,prospecting,,,
H046CU4Z,gtx basic,,prospecting,,,
JF4MEWPX,gtx basic,,prospecting,,,
1HD5JJM3,gtx plus basic,,prospecting,,,
NWPSEF2I,gtx plus basic,,prospecting,,,
0E8D6TCQ,gtx plus basic,,prospecting,,,
7MKYTX69,gtx plus pro,,prospecting,,,
CLPDG9BG,mg special,yearin,prospecting,,,
32NDDT4L,mg special,,prospecting,,,
1969NL80,mg special,,prospecting,,,
IKR0NSUE,mg special,,prospecting,,,
473F6L9F,mg special,,prospecting,,,
KN4LCS4D,mg special,,prospecting,,,
EL09RK8X,mg advanced,dalttechnology,prospecting,,,
Y9EBNML6,mg advanced,donquadtech,prospecting,,,
9H2V1F1E,mg advanced,funholding,prospecting,,,
2872DC79,mg advanced,,prospecting,,,
OYRF34VN,mg advanced,,prospecting,,,
HP8IWA1E,mg advanced,,prospecting,,,
M5ZYQFGR,mg advanced,,prospecting,,,
0CECGPEJ,mg advanced,,prospecting,,,
D6YEYMJC,mg advanced,,prospecting,,,
RLDCYEJU,mg advanced,,prospecting,,,
BIN9U8D9,mg advanced,,prospecting,,,
8O98HGMW,mg advanced,,prospecting,,,
SRYX0U85,mg advanced,,prospecting,,,
MON9ZE47,gtx basic,groovestreet,prospecting,,,
FJHKS2T2,gtx basic,plussunin,prospecting,,,
HUG2KAHE,gtx basic,,prospecting,,,
PGN9I1HU,gtx basic,,prospecting,,,
647SQRGL,gtx basic,,prospecting,,,
TAKHOTRW,gtx basic,,prospecting,,,
TS9QPHNA,gtx basic,,prospecting,,,
UEI0RABV,gtx basic,,prospecting,,,
27ZK0L0F,gtx basic,,prospecting,,,
K38J8D75,gtx basic,,prospecting,,,
UIP7MXOR,gtx basic,,prospecting,,,
MNCY3CKD,gtx plus basic,nam zim,prospecting,,,
E0S2ZL6X,gtx plus basic,streethex,prospecting,,,
XT9QCG8T,gtx plus basic,zoomit,prospecting,,,
52WACRCG,gtx plus basic,,prospecting,,,
0PXJYUT7,gtx plus basic,,prospecting,,,
D45LXDPW,gtx plus basic,,prospecting,,,
DDHNCZMO,gtx plus pro,konex,prospecting,,,
Z99W80UY,gtx plus pro,zencorporation,prospecting,,,
K8ITR8PA,gtx plus pro,,prospecting,,,
G4B3UCWQ,gtxpro,,prospecting,,,
8O212QCV,gtxpro,,prospecting,,,
X2REWR7J,gtxpro,,prospecting,,,
RKP2DVSU,mg special,hottechi,prospecting,,,
T3T4OE0A,mg special,konex,prospecting,,,
K7L1RE8B,mg special,,prospecting,,,
RPCZJOE2,mg special,,prospecting,,,
6IG2A8KD,mg special,,prospecting,,,
MFU6Y5HX,mg special,,prospecting,,,
Y0EKPBLQ,mg special,,prospecting,,,
8TLX2786,mg special,,prospecting,,,
Z9CW6K35,mg special,,prospecting,,,
YVFK9Q0W,mg advanced,faxquote,prospecting,,,
PF7M8CG2,mg advanced,,prospecting,,,
ZHPJ73Q6,gtx basic,inity,prospecting,,,
2TI0MAKP,gtx basic,lexiqvolax,prospecting,,,
2G5ZMOYC,gtx basic,scottech,prospecting,,,
EPOB4B15,gtx basic,,prospecting,,,
2WWMPY7O,gtx basic,,prospecting,,,
Z6VQW8TB,gtx basic,,prospecting,,,
FNLAOXF8,gtx basic,,prospecting,,,
C5B5WBY9,gtx plus basic,sumace,prospecting,,,
6IO91583,gtx plus basic,,prospecting,,,
ZXNPF7PL,gtx plus pro,,prospecting,,,
NKFG3KKP,gtx plus pro,,prospecting,,,
JQ338VQC,mg special,blackzim,prospecting,,,
WJK0O5J9,mg special,doncon,prospecting,,,
W2149WNZ,mg special,golddex,prospecting,,,
6WNENPQM,mg special,goodsilron,prospecting,,,
VW8CEV4C,mg special,konmatfix,prospecting,,,
KLUS7RVS,mg special,opentech,prospecting,,,
ROM4I2T0,mg special,rundofase,prospecting,,,
6QKBZAEQ,mg special,,prospecting,,,
5P4OCP0Q,mg special,,prospecting,,,
E54FFQBM,mg special,,prospecting,,,
8GNSME5U,mg special,,prospecting,,,
5697WKA6,mg special,,prospecting,,,
A5DN7SE1,mg special,,prospecting,,,
DGI6CB5K,mg special,,prospecting,,,
MTH7D617,mg special,,prospecting,,,
S6BD2RV6,mg special,,prospecting,,,
P43NZA0V,mg special,,prospecting,,,
TFPZNRS3,mg special,,prospecting,,,
SPTF1MZ4,mg special,,prospecting,,,
WI5RHGX9,mg special,,prospecting,,,
WAT7H38N,mg special,,prospecting,,,
1FAU5C6V,mg special,,prospecting,,,
Q5RRTVJK,mg special,,prospecting,,,
KIOF5EM0,mg special,,prospecting,,,
SH4FSTJV,mg special,,prospecting,,,
AV50UWVV,mg special,,prospecting,,,
KAZ72JJ0,mg special,,prospecting,,,
QVWEPN6J,mg special,,prospecting,,,
JD7ACALY,mg special,,prospecting,,,
NSGU1K3N,mg special,,prospecting,,,
UK00OVV2,mg special,,prospecting,,,
DWGARGA2,mg special,,prospecting,,,
A4M34F8C,mg special,,prospecting,,,
FCNN6UY0,mg advanced,ganjaflex,prospecting,,,
8M2O0Q8V,mg advanced,silis,prospecting,,,
WNWI8RJU,mg advanced,,prospecting,,,
4H6DFFO4,mg advanced,,prospecting,,,
IUM2FVA1,mg advanced,,prospecting,,,
9MIWFW5J,mg advanced,,prospecting,,,
6SLKZ8FI,mg advanced,,prospecting,,,
LIB4KUZJ,mg advanced,,prospecting,,,
18IUIUK0,mg advanced,,prospecting,,,
8I5ONXJX,mg advanced,,prospecting,,,
